sequence_id,source_domain,split,fuzzy_amazon_beauty,fuzzy_dravidian_kannada,fuzzy_dravidian_malayalam,fuzzy_dravidian_tamil
amazon_beauty_test_0,amazon_beauty,test,0.5585805413558456,0.27929793664096014,0.0,0.16212152200319424
amazon_beauty_test_1,amazon_beauty,test,0.8875190850143435,0.07858391234749398,0.0,0.03389700263816254
amazon_beauty_test_2,amazon_beauty,test,0.9454655019542827,0.05394323259958557,0.0005912654461317235,0.0
amazon_beauty_test_3,amazon_beauty,test,0.9023871714118168,0.04926586049016649,0.048346968098016765,0.0
amazon_beauty_test_4,amazon_beauty,test,0.8027588390894527,0.10460489549569688,0.09263626541485041,0.0
amazon_beauty_test_5,amazon_beauty,test,0.7230282968209408,0.13721952976841875,0.13975217341064036,0.0
amazon_beauty_test_6,amazon_beauty,test,0.5149937854599081,0.3351665689942749,0.14983964554581694,0.0
amazon_beauty_test_7,amazon_beauty,test,0.6257965001800696,0.23916905757474605,0.0,0.13503444224518435
amazon_beauty_test_8,amazon_beauty,test,0.7372631223448871,0.11717047954234436,0.1455663981127685,0.0
amazon_beauty_test_9,amazon_beauty,test,0.8033730769614666,0.1138271432421372,0.08279977979639612,0.0
amazon_beauty_test_10,amazon_beauty,test,0.8999666073379564,0.06547685045598815,0.0,0.03455654220605542
amazon_beauty_test_11,amazon_beauty,test,0.883362879832452,0.06945868456628938,0.04717843560125863,0.0
amazon_beauty_test_12,amazon_beauty,test,0.8961971869924725,0.06169887490286942,0.04210393810465809,0.0
amazon_beauty_test_13,amazon_beauty,test,0.8422547238979934,0.13607627416101656,0.021669001940990047,0.0
amazon_beauty_test_14,amazon_beauty,test,0.7738725041456347,0.09941263292092505,0.12671486293344028,0.0
amazon_beauty_test_15,amazon_beauty,test,0.5121041898917825,0.4113490640636119,0.0,0.07654674604460567
amazon_beauty_test_16,amazon_beauty,test,0.8735944030275616,0.05970997558867518,0.0,0.06669562138376323
amazon_beauty_test_17,amazon_beauty,test,0.7817624529506284,0.08089190200523871,0.13734564504413285,0.0
amazon_beauty_test_18,amazon_beauty,test,0.8070000123088762,0.10881274506630609,0.0841872426248177,0.0
amazon_beauty_test_19,amazon_beauty,test,0.8512046080882866,0.07033845913537795,0.0,0.07845693277633546
amazon_beauty_test_20,amazon_beauty,test,0.8648171134840075,0.10731338869812376,0.0,0.0278694978178688
amazon_beauty_test_21,amazon_beauty,test,0.7749330527457768,0.1286874090146377,0.0,0.0963795382395854
amazon_beauty_test_22,amazon_beauty,test,0.7508159412794941,0.140000163597249,0.1091838951232569,0.0
amazon_beauty_test_23,amazon_beauty,test,0.9398281617479706,0.011882634094530005,0.04828920415749943,0.0
amazon_beauty_test_24,amazon_beauty,test,0.8097258615989178,0.08473424012419319,0.10553989827688899,0.0
amazon_beauty_test_25,amazon_beauty,test,0.4952109738616596,0.37004893464697375,0.0,0.13474009149136668
amazon_beauty_test_26,amazon_beauty,test,0.8064496077630118,0.1392334831680547,0.054316909068933564,0.0
amazon_beauty_test_27,amazon_beauty,test,0.37592754361197245,0.220065026379016,0.4040074300090115,0.0
amazon_beauty_test_28,amazon_beauty,test,0.5090761126114356,0.19513909111427394,0.2957847962742905,0.0
amazon_beauty_test_29,amazon_beauty,test,0.7225490897254946,0.0940998915523198,0.18335101872218565,0.0
amazon_beauty_test_30,amazon_beauty,test,0.7750892580809445,0.11389625459446105,0.0,0.11101448732459437
amazon_beauty_test_31,amazon_beauty,test,0.5716688827404185,0.1674670188882341,0.2608640983713474,0.0
amazon_beauty_test_32,amazon_beauty,test,0.7074748578473073,0.16187290646754676,0.0,0.1306522356851459
amazon_beauty_test_33,amazon_beauty,test,0.8638528442620588,0.10931527035872984,0.026831885379211422,0.0
amazon_beauty_test_34,amazon_beauty,test,0.8175832640142945,0.10324748968051294,0.0,0.0791692463051926
amazon_beauty_test_35,amazon_beauty,test,0.7596760064595733,0.14131830135298507,0.0,0.09900569218744158
amazon_beauty_test_36,amazon_beauty,test,0.8193291925465839,0.08913674151935022,0.0,0.09153406593406593
amazon_beauty_test_37,amazon_beauty,test,0.47861681912879095,0.18586206783774148,0.33552111303346754,0.0
amazon_beauty_test_38,amazon_beauty,test,0.8691834747879604,0.10925625380600198,0.021560271406037536,0.0
amazon_beauty_test_39,amazon_beauty,test,0.88693261817985,0.05519849549433485,0.057868886325815126,0.0
amazon_beauty_test_40,amazon_beauty,test,0.8936325649538087,0.0577295263560474,0.0,0.04863790869014388
amazon_beauty_test_41,amazon_beauty,test,0.6074283096901026,0.3228977696348032,0.0,0.0696739206750942
amazon_beauty_test_42,amazon_beauty,test,0.9261495702665145,0.05463235879869354,0.019218070934792036,0.0
amazon_beauty_test_43,amazon_beauty,test,0.7588482995511766,0.13396772945689106,0.0,0.10718397099193236
amazon_beauty_test_44,amazon_beauty,test,0.4633601527515228,0.1880048030990283,0.34863504414944885,0.0
amazon_beauty_test_45,amazon_beauty,test,0.7815046955745253,0.09033764494236496,0.1281576594831097,0.0
amazon_beauty_test_46,amazon_beauty,test,0.3812792250943897,0.2212534254607607,0.39746734944484957,0.0
amazon_beauty_test_47,amazon_beauty,test,0.6107052446728446,0.14168066715826763,0.24761408816888775,0.0
amazon_beauty_test_48,amazon_beauty,test,0.7035741041513055,0.19387004440075034,0.0,0.1025558514479442
amazon_beauty_test_49,amazon_beauty,test,0.2632327384246827,0.2516754851401955,0.48509177643512186,0.0
amazon_beauty_test_50,amazon_beauty,test,0.8884136182613298,0.09317517889381738,0.0,0.018411202844852786
amazon_beauty_test_51,amazon_beauty,test,0.6282302935262937,0.283941117765239,0.08782858870846738,0.0
amazon_beauty_test_52,amazon_beauty,test,0.967072110744357,0.003999338775989037,0.02892855047965403,0.0
amazon_beauty_test_53,amazon_beauty,test,0.2644940927053338,0.5592232181657941,0.17628268912887202,0.0
amazon_beauty_test_54,amazon_beauty,test,0.7856434601408928,0.0651987539929279,0.14915778586617934,0.0
amazon_beauty_test_55,amazon_beauty,test,0.7542098374766728,0.15447300744001946,0.09131715508330776,0.0
amazon_beauty_test_56,amazon_beauty,test,0.8353205484425886,0.0925530077776474,0.07212644377976395,0.0
amazon_beauty_test_57,amazon_beauty,test,0.8452002110793257,0.12217702110159825,0.0,0.03262276781907598
amazon_beauty_test_58,amazon_beauty,test,0.8105945647675541,0.0946596082218237,0.09474582701062216,0.0
amazon_beauty_test_59,amazon_beauty,test,0.8433702635046971,0.1305739916934253,0.026055744801877556,0.0
amazon_beauty_test_60,amazon_beauty,test,0.624690556993691,0.17829572148306444,0.1970137215232446,0.0
amazon_beauty_test_61,amazon_beauty,test,0.7272538636632913,0.1328693949220873,0.1398767414146214,0.0
amazon_beauty_test_62,amazon_beauty,test,0.9095382202363447,0.07832410490577095,0.012137674857884324,0.0
amazon_beauty_test_63,amazon_beauty,test,0.88476452447977,0.08214834041639073,0.03308713510383921,0.0
amazon_beauty_test_64,amazon_beauty,test,0.7231154984822898,0.14577780371683433,0.13110669780087578,0.0
amazon_beauty_test_65,amazon_beauty,test,0.9036045826460519,0.07891791158894015,0.0,0.01747750576500788
amazon_beauty_test_66,amazon_beauty,test,0.2468085451047889,0.2615717323073808,0.4916197225878303,0.0
amazon_beauty_test_67,amazon_beauty,test,0.44341120267918704,0.28961404603211083,0.26697475128870213,0.0
amazon_beauty_test_68,amazon_beauty,test,0.8537394456661767,0.06572357202126809,0.08053698231255521,0.0
amazon_beauty_test_69,amazon_beauty,test,0.6163499543934327,0.15325580216884566,0.2303942434377217,0.0
amazon_beauty_test_70,amazon_beauty,test,0.8889357476367108,0.08233053627454234,0.02873371608874684,0.0
amazon_beauty_test_71,amazon_beauty,test,0.6307265843482777,0.13076342761701246,0.23850998803470988,0.0
amazon_beauty_test_72,amazon_beauty,test,0.7959076341802672,0.1600742975445692,0.044018068275163594,0.0
amazon_beauty_test_73,amazon_beauty,test,0.7534315583983712,0.10125696168546897,0.14531147991615984,0.0
amazon_beauty_test_74,amazon_beauty,test,0.8845960098431593,0.1109307427454556,0.00447324741138512,0.0
amazon_beauty_test_75,amazon_beauty,test,0.6175629192458613,0.2593719836603693,0.0,0.12306509709376943
amazon_beauty_test_76,amazon_beauty,test,0.3936129569144805,0.2043203607663785,0.402066682319141,0.0
amazon_beauty_test_77,amazon_beauty,test,0.7668256747674908,0.08396057910144547,0.0,0.14921374613106383
amazon_beauty_test_78,amazon_beauty,test,0.5591951471262274,0.16978530896758798,0.27101954390618466,0.0
amazon_beauty_test_79,amazon_beauty,test,0.31677117124865284,0.5276142047393926,0.15561462401195464,0.0
amazon_beauty_test_80,amazon_beauty,test,0.917201033382001,0.054984419478267856,0.02781454713973115,0.0
amazon_beauty_test_81,amazon_beauty,test,0.5860045156084188,0.13832781548461268,0.27566766890696853,0.0
amazon_beauty_test_82,amazon_beauty,test,0.6580582322709172,0.2281695242428325,0.0,0.11377224348625029
amazon_beauty_test_83,amazon_beauty,test,0.7157001213359612,0.1416581297386829,0.0,0.14264174892535592
amazon_beauty_test_84,amazon_beauty,test,0.798123049670412,0.17151104927863475,0.0,0.030365901050953166
amazon_beauty_test_85,amazon_beauty,test,0.8589091341017085,0.08989852901622428,0.0,0.05119233688206718
amazon_beauty_test_86,amazon_beauty,test,0.8123649113149415,0.10665100961609572,0.08098407906896284,0.0
amazon_beauty_test_87,amazon_beauty,test,0.7221644067031614,0.15607804450290474,0.12175754879393388,0.0
amazon_beauty_test_88,amazon_beauty,test,0.5912658818125573,0.2644615080549557,0.0,0.1442726101324869
amazon_beauty_test_89,amazon_beauty,test,0.9111728390040751,0.05843504201202203,0.0,0.030392118983902847
amazon_beauty_test_90,amazon_beauty,test,0.7177786891018073,0.11092470392324995,0.17129660697494273,0.0
amazon_beauty_test_91,amazon_beauty,test,0.7542767875342967,0.12967657792056686,0.0,0.1160466345451364
amazon_beauty_test_92,amazon_beauty,test,0.8530174327638701,0.0689461053788904,0.07803646185723952,0.0
amazon_beauty_test_93,amazon_beauty,test,0.6136501400582663,0.14784561512032518,0.0,0.23850424482140845
amazon_beauty_test_94,amazon_beauty,test,0.44405918685740237,0.17785864865919565,0.378082164483402,0.0
amazon_beauty_test_95,amazon_beauty,test,0.8886896438486229,0.08862021793312445,0.0,0.02269013821825259
amazon_beauty_test_96,amazon_beauty,test,0.14907415251216388,0.30064692319370206,0.550278924294134,0.0
amazon_beauty_test_97,amazon_beauty,test,0.7183493017889429,0.09912188362356075,0.18252881458749642,0.0
amazon_beauty_test_98,amazon_beauty,test,0.6808833695936553,0.22778740035149506,0.0,0.09132923005484964
amazon_beauty_test_99,amazon_beauty,test,0.6590423723146487,0.1296651732041813,0.21129245448116998,0.0
amazon_beauty_test_100,amazon_beauty,test,0.7969974607303031,0.13447562620874845,0.0,0.06852691306094849
amazon_beauty_test_101,amazon_beauty,test,0.7874799076404189,0.18564503419968978,0.026875058159891333,0.0
amazon_beauty_test_102,amazon_beauty,test,0.8497307585582089,0.13865785243939832,0.011611389002392742,0.0
amazon_beauty_test_103,amazon_beauty,test,0.6391066568544643,0.15954678876205328,0.0,0.2013465543834824
amazon_beauty_test_104,amazon_beauty,test,0.46852405174605716,0.18259955244071524,0.3488763958132276,0.0
amazon_beauty_test_105,amazon_beauty,test,0.9578717267723512,0.03888345378068919,0.0,0.003244819446959643
amazon_beauty_test_106,amazon_beauty,test,0.4755879874905394,0.17823426001850415,0.3461777524909565,0.0
amazon_beauty_test_107,amazon_beauty,test,0.8880748992437144,0.09529431073307092,0.0,0.016630790023214714
amazon_beauty_test_108,amazon_beauty,test,0.4565494231210045,0.19903811051965803,0.3444124663593375,0.0
amazon_beauty_test_109,amazon_beauty,test,0.7923521457288565,0.15711291277815845,0.0,0.05053494149298502
amazon_beauty_test_110,amazon_beauty,test,0.36964101990706966,0.2104070052109868,0.4199519748819435,0.0
amazon_beauty_test_111,amazon_beauty,test,0.8481001548538507,0.08722311458223124,0.0,0.0646767305639181
amazon_beauty_test_112,amazon_beauty,test,0.7993935416438789,0.12944057558853198,0.0,0.07116588276758912
amazon_beauty_test_113,amazon_beauty,test,0.9444966075758914,0.0,0.040373551345143886,0.01512984107896469
amazon_beauty_test_114,amazon_beauty,test,0.8221686488710555,0.03883299607477718,0.0,0.13899835505416738
amazon_beauty_test_115,amazon_beauty,test,0.8154386169101391,0.11037927312465971,0.0,0.07418210996520117
amazon_beauty_test_116,amazon_beauty,test,0.4553677173241431,0.19207958029988448,0.3525527023759724,0.0
amazon_beauty_test_117,amazon_beauty,test,0.6481488149634457,0.13322597147171011,0.21862521356484424,0.0
amazon_beauty_test_118,amazon_beauty,test,0.7886378183018924,0.11763356862248417,0.0,0.09372861307562348
amazon_beauty_test_119,amazon_beauty,test,0.8128391923594608,0.13418089506609374,0.05297991257444552,0.0
amazon_beauty_test_120,amazon_beauty,test,0.7792593616139284,0.15063356848626988,0.0701070698998017,0.0
amazon_beauty_test_121,amazon_beauty,test,0.5381496217741272,0.16365318497412465,0.2981971932517482,0.0
amazon_beauty_test_122,amazon_beauty,test,0.7882682397422967,0.15861603433412164,0.0,0.05311572592358174
amazon_beauty_test_123,amazon_beauty,test,0.7280080822985,0.20890264078642745,0.0,0.06308927691507255
amazon_beauty_test_124,amazon_beauty,test,0.818673320656931,0.06882729186503571,0.0,0.11249938747803329
amazon_beauty_test_125,amazon_beauty,test,0.8275766403107228,0.07796474855603074,0.09445861113324656,0.0
amazon_beauty_test_126,amazon_beauty,test,0.7682969279002875,0.10206761770730548,0.129635454392407,0.0
amazon_beauty_test_127,amazon_beauty,test,0.7804242926042687,0.09373868480638044,0.1258370225893508,0.0
amazon_beauty_test_128,amazon_beauty,test,0.9153906257792732,0.07003833608745814,0.0,0.01457103813326861
amazon_beauty_test_129,amazon_beauty,test,0.6670470144372461,0.1513129173440094,0.0,0.18164006821874454
amazon_beauty_test_130,amazon_beauty,test,0.2339889490739924,0.26257417764995794,0.5034368732760497,0.0
amazon_beauty_test_131,amazon_beauty,test,0.6872277398874815,0.19087201810352955,0.1219002420089889,0.0
amazon_beauty_test_132,amazon_beauty,test,0.7656044157275365,0.11119056900070313,0.0,0.12320501527176045
amazon_beauty_test_133,amazon_beauty,test,0.6987083683231169,0.2605505758054432,0.04074105587143983,0.0
amazon_beauty_test_134,amazon_beauty,test,0.984057524075715,0.009581490488775076,0.006360985435509874,0.0
amazon_beauty_test_135,amazon_beauty,test,0.5973648539913607,0.14673313262936405,0.25590201337927515,0.0
amazon_beauty_test_136,amazon_beauty,test,0.6712773397860674,0.1501589088134958,0.0,0.17856375140043676
amazon_beauty_test_137,amazon_beauty,test,0.4174464949268629,0.21506718357997986,0.3674863214931572,0.0
amazon_beauty_test_138,amazon_beauty,test,0.7470620194690406,0.10981906460615344,0.14311891592480594,0.0
amazon_beauty_test_139,amazon_beauty,test,0.9042984922730232,0.07874610512124927,0.016955402605727577,0.0
amazon_beauty_test_140,amazon_beauty,test,0.31678627731404646,0.23376936351260824,0.4494443591733453,0.0
amazon_beauty_test_141,amazon_beauty,test,0.6262588426923594,0.22114599272457117,0.0,0.15259516458306943
amazon_beauty_test_142,amazon_beauty,test,0.29626080893995665,0.24999368625509213,0.4537455048049512,0.0
amazon_beauty_test_143,amazon_beauty,test,0.6528336249207561,0.272988550806775,0.0,0.07417782427246884
amazon_beauty_test_144,amazon_beauty,test,0.8128693394749916,0.12412046303661733,0.06301019748839105,0.0
amazon_beauty_test_145,amazon_beauty,test,0.5269948874692637,0.4578622450281411,0.0,0.015142867502595211
amazon_beauty_test_146,amazon_beauty,test,0.7570101342303448,0.11007986330573023,0.13291000246392493,0.0
amazon_beauty_test_147,amazon_beauty,test,0.854549218344662,0.116703788525939,0.0,0.02874699312939894
amazon_beauty_test_148,amazon_beauty,test,0.5962951660104937,0.14650605772472347,0.2571987762647828,0.0
amazon_beauty_test_149,amazon_beauty,test,0.6528501474000611,0.13874126600078093,0.20840858659915795,0.0
amazon_beauty_test_150,amazon_beauty,test,0.8044606278546389,0.09208333584732621,0.10345603629803486,0.0
amazon_beauty_test_151,amazon_beauty,test,0.7942027320363888,0.12924796017602366,0.07654930778758748,0.0
amazon_beauty_test_152,amazon_beauty,test,0.0,0.4373920277047434,0.4606013333705709,0.10200663892468571
amazon_beauty_test_153,amazon_beauty,test,0.6370512519820393,0.13818037829386998,0.22476836972409078,0.0
amazon_beauty_test_154,amazon_beauty,test,0.6748724982505249,0.1403851644506648,0.18474233729881034,0.0
amazon_beauty_test_155,amazon_beauty,test,0.6089937821055077,0.22579112865919196,0.0,0.16521508923530032
amazon_beauty_test_156,amazon_beauty,test,0.8447962625029315,0.08205334161532199,0.07315039588174657,0.0
amazon_beauty_test_157,amazon_beauty,test,0.8551891746932755,0.06596810959393926,0.07884271571278521,0.0
amazon_beauty_test_158,amazon_beauty,test,0.629712490293703,0.14737619144062952,0.2229113182656675,0.0
amazon_beauty_test_159,amazon_beauty,test,0.9042698798714393,0.0666774615356414,0.0,0.029052658592919382
amazon_beauty_test_160,amazon_beauty,test,0.9205746682652253,0.07813816307039367,0.0,0.0012871686643810762
amazon_beauty_test_161,amazon_beauty,test,0.782468967033319,0.1479129497350742,0.06961808323160679,0.0
amazon_beauty_test_162,amazon_beauty,test,0.7866453336335674,0.09244070011988836,0.0,0.12091396624654431
amazon_beauty_test_163,amazon_beauty,test,0.8580631273754125,0.10304119107408558,0.0,0.03889568155050195
amazon_beauty_test_164,amazon_beauty,test,0.8185929665689802,0.09240695472622305,0.08900007870479683,0.0
amazon_beauty_test_165,amazon_beauty,test,0.7913975232224644,0.08503846989722814,0.0,0.12356400688030747
amazon_beauty_test_166,amazon_beauty,test,0.8360604169520591,0.13652950352139076,0.027410079526550096,0.0
amazon_beauty_test_167,amazon_beauty,test,0.8290384847173213,0.0916954781036048,0.0,0.07926603717907384
amazon_beauty_test_168,amazon_beauty,test,0.790451893871918,0.07604684020272812,0.1335012659253538,0.0
amazon_beauty_test_169,amazon_beauty,test,0.7765139337199881,0.14675737194737723,0.07672869433263461,0.0
amazon_beauty_test_170,amazon_beauty,test,0.8410296002161936,0.07445602901178604,0.0,0.08451437077202037
amazon_beauty_test_171,amazon_beauty,test,0.4537890806248481,0.18792991449214522,0.3582810048830067,0.0
amazon_beauty_test_172,amazon_beauty,test,0.6448315640934208,0.1210032093189112,0.23416522658766806,0.0
amazon_beauty_test_173,amazon_beauty,test,0.8163206414721692,0.133015593308537,0.05066376521929384,0.0
amazon_beauty_test_174,amazon_beauty,test,0.7493583414530866,0.12626414295374658,0.12437751559316687,0.0
amazon_beauty_test_175,amazon_beauty,test,0.9446764391773387,0.03829105160553193,0.017032509217129344,0.0
amazon_beauty_test_176,amazon_beauty,test,0.829704666150833,0.09715503247685063,0.0,0.07314030137231627
amazon_beauty_test_177,amazon_beauty,test,0.7140866968381515,0.13209023973778752,0.15382306342406094,0.0
amazon_beauty_test_178,amazon_beauty,test,0.5818404654087049,0.14146366050419276,0.27669587408710233,0.0
amazon_beauty_test_179,amazon_beauty,test,0.9103608035762708,0.02421401067612901,0.0,0.0654251857476002
amazon_beauty_test_180,amazon_beauty,test,0.5414732457807419,0.16133396197284802,0.2971927922464101,0.0
amazon_beauty_test_181,amazon_beauty,test,0.7677447026155175,0.13934230477252912,0.0,0.09291299261195338
amazon_beauty_test_182,amazon_beauty,test,0.8993059282864126,0.04129956724030585,0.059394504473281456,0.0
amazon_beauty_test_183,amazon_beauty,test,0.7812434702932027,0.10147099758045522,0.0,0.11728553212634203
amazon_beauty_test_184,amazon_beauty,test,0.9311062581433833,0.04755678374738808,0.021336958109228574,0.0
amazon_beauty_test_185,amazon_beauty,test,0.9229135459250849,0.06839370484367872,0.0,0.008692749231236339
amazon_beauty_test_186,amazon_beauty,test,0.8451893719472723,0.09463888249747555,0.06017174555525221,0.0
amazon_beauty_test_187,amazon_beauty,test,0.9099749616935756,0.07537133566413926,0.0,0.01465370264228509
amazon_beauty_test_188,amazon_beauty,test,0.8761884531861188,0.06342499587597648,0.0,0.06038655093790463
amazon_beauty_test_189,amazon_beauty,test,0.7524353175933743,0.13038492161876125,0.11717976078786442,0.0
amazon_beauty_test_190,amazon_beauty,test,0.9051859262964815,0.08336723917514313,0.0,0.0114468345283753
amazon_beauty_test_191,amazon_beauty,test,0.9040450691565984,0.0584350184778727,0.03751991236552884,0.0
amazon_beauty_test_192,amazon_beauty,test,0.5603811862874198,0.295586510643327,0.14403230306925313,0.0
amazon_beauty_test_193,amazon_beauty,test,0.8869292011326066,0.07232750903827628,0.0,0.040743289829117096
amazon_beauty_test_194,amazon_beauty,test,0.9753053056550444,0.019522306368796826,0.0,0.005172387976158814
amazon_beauty_test_195,amazon_beauty,test,0.7044903438603666,0.12890262957274723,0.1666070265668862,0.0
amazon_beauty_test_196,amazon_beauty,test,0.019156603929805602,0.6904628060037971,0.2903805900663974,0.0
amazon_beauty_test_197,amazon_beauty,test,0.9063713378044476,0.03439467143193317,0.05923399076361925,0.0
amazon_beauty_test_198,amazon_beauty,test,0.5632348966270811,0.17496736348736233,0.26179773988555655,0.0
amazon_beauty_test_199,amazon_beauty,test,0.835366628311742,0.13248202339771395,0.032151348290544,0.0
amazon_beauty_test_200,amazon_beauty,test,0.6191282502064782,0.1710866730579759,0.20978507673554586,0.0
amazon_beauty_test_201,amazon_beauty,test,0.48503400834849897,0.18730930274191906,0.327656688909582,0.0
amazon_beauty_test_202,amazon_beauty,test,0.8275328093380883,0.1561430292332097,0.016324161428702057,0.0
amazon_beauty_test_203,amazon_beauty,test,0.9728671174414294,0.0,0.0011280602694231942,0.026004822289147397
amazon_beauty_test_204,amazon_beauty,test,0.8493553311629789,0.09151865544295054,0.0,0.05912601339407056
amazon_beauty_test_205,amazon_beauty,test,0.0,0.6068830942791235,0.340453071260299,0.052663834460577506
amazon_beauty_test_206,amazon_beauty,test,0.4785090332497412,0.19754498424904707,0.32394598250121176,0.0
amazon_beauty_test_207,amazon_beauty,test,0.869433019000288,0.09281686223252769,0.03775011876718432,0.0
amazon_beauty_test_208,amazon_beauty,test,0.8539221105099651,0.07237462327216211,0.0,0.07370326621787278
amazon_beauty_test_209,amazon_beauty,test,0.8420308350521304,0.12175880418375745,0.0,0.03621036076411219
amazon_beauty_test_210,amazon_beauty,test,0.8509128284689227,0.09223698244933579,0.05685018908174149,0.0
amazon_beauty_test_211,amazon_beauty,test,0.7372962262545615,0.18963361831600453,0.0,0.07307015542943404
amazon_beauty_test_212,amazon_beauty,test,0.41969091924261176,0.20966816102500138,0.3706409197323869,0.0
amazon_beauty_test_213,amazon_beauty,test,0.8838537441344336,0.08931743212382644,0.02682882374173996,0.0
amazon_beauty_test_214,amazon_beauty,test,0.775942418412567,0.10595799965643685,0.11809958193099619,0.0
amazon_beauty_test_215,amazon_beauty,test,0.7546942729869559,0.10851361339166217,0.1367921136213819,0.0
amazon_beauty_test_216,amazon_beauty,test,0.784330453695175,0.0973105342817609,0.11835901202306416,0.0
amazon_beauty_test_217,amazon_beauty,test,0.795231544048302,0.09426414397246556,0.1105043119792325,0.0
amazon_beauty_test_218,amazon_beauty,test,0.2303632120288478,0.2631820587541368,0.5064547292170154,0.0
amazon_beauty_test_219,amazon_beauty,test,0.8282948063449911,0.12936354288366955,0.0423416507713394,0.0
amazon_beauty_test_220,amazon_beauty,test,0.5964723558285032,0.269973600202519,0.0,0.13355404396897777
amazon_beauty_test_221,amazon_beauty,test,0.7765760818266846,0.1787624743648049,0.044661443808510455,0.0
amazon_beauty_test_222,amazon_beauty,test,0.8282553093926432,0.09371412127950646,0.07803056932785028,0.0
amazon_beauty_test_223,amazon_beauty,test,0.8437113978010774,0.05590508689010224,0.10038351530882031,0.0
amazon_beauty_test_224,amazon_beauty,test,0.8460600834503559,0.14575001561420228,0.0,0.008189900935441821
amazon_beauty_test_225,amazon_beauty,test,0.8311699774919457,0.15033811118684628,0.01849191132120808,0.0
amazon_beauty_test_226,amazon_beauty,test,0.7729250388056549,0.10718611423108698,0.11988884696325812,0.0
amazon_beauty_test_227,amazon_beauty,test,0.9038390113231113,0.04881701698740598,0.0,0.047343971689482706
amazon_beauty_test_228,amazon_beauty,test,0.5934804512666754,0.13086149676269934,0.2756580519706253,0.0
amazon_beauty_test_229,amazon_beauty,test,0.7419818282134771,0.13505780467944456,0.0,0.12296036710707832
amazon_beauty_test_230,amazon_beauty,test,0.9095197154009398,0.03290439783234804,0.057575886766712145,0.0
amazon_beauty_test_231,amazon_beauty,test,0.7925913990984679,0.11981834464307795,0.08759025625845421,0.0
amazon_beauty_test_232,amazon_beauty,test,0.7541361993593603,0.17551759436751568,0.0,0.07034620627312403
amazon_beauty_test_233,amazon_beauty,test,0.6688920817636257,0.15927490372564934,0.0,0.17183301451072494
amazon_beauty_test_234,amazon_beauty,test,0.7968993234268221,0.18147668056409816,0.0,0.021623996009079743
amazon_beauty_test_235,amazon_beauty,test,0.7559804428519395,0.10185429360096229,0.14216526354709821,0.0
amazon_beauty_test_236,amazon_beauty,test,0.7709160989136281,0.11825972668957242,0.0,0.11082417439679948
amazon_beauty_test_237,amazon_beauty,test,0.4494630789644213,0.20012574443793008,0.35041117659764864,0.0
amazon_beauty_test_238,amazon_beauty,test,0.5785711159418175,0.19139579687587585,0.2300330871823066,0.0
amazon_beauty_test_239,amazon_beauty,test,0.8282710223623859,0.09008980124806538,0.08163917638954873,0.0
amazon_beauty_test_240,amazon_beauty,test,0.5401876885576383,0.434137654164232,0.0,0.025674657278129655
amazon_beauty_test_241,amazon_beauty,test,0.9265441191282696,0.06558000496896836,0.0,0.00787587590276205
amazon_beauty_test_242,amazon_beauty,test,0.8261189964197054,0.14459573136675583,0.0292852722135387,0.0
amazon_beauty_test_243,amazon_beauty,test,0.8198179426335808,0.10386506482722588,0.07631699253919334,0.0
amazon_beauty_test_244,amazon_beauty,test,0.9087801393332461,0.05609538267634454,0.0,0.03512447799040938
amazon_beauty_test_245,amazon_beauty,test,0.849699477438455,0.06399690039539828,0.0,0.08630362216614676
amazon_beauty_test_246,amazon_beauty,test,0.8560327116518583,0.08843558453339931,0.0,0.05553170381474232
amazon_beauty_test_247,amazon_beauty,test,0.8159819249340698,0.17990962467034918,0.0,0.004108450395580979
amazon_beauty_test_248,amazon_beauty,test,0.7121063326436811,0.17181047906541452,0.11608318829090444,0.0
amazon_beauty_test_249,amazon_beauty,test,0.6571699775154893,0.18641544076008842,0.0,0.1564145817244222
amazon_beauty_test_250,amazon_beauty,test,0.8654972072398989,0.10406058575618844,0.030442207003912727,0.0
amazon_beauty_test_251,amazon_beauty,test,0.6453956520734601,0.11810016431972543,0.23650418360681447,0.0
amazon_beauty_test_252,amazon_beauty,test,0.6735039733064055,0.13960304085430308,0.18689298583929131,0.0
amazon_beauty_test_253,amazon_beauty,test,0.8299369922876088,0.1119702060015032,0.05809280171088808,0.0
amazon_beauty_test_254,amazon_beauty,test,0.5006907391116173,0.4682089712182345,0.03110028967014819,0.0
amazon_beauty_test_255,amazon_beauty,test,0.7502734717784953,0.1787156754663966,0.07101085275510807,0.0
amazon_beauty_test_256,amazon_beauty,test,0.6772741097679522,0.2653216524233515,0.05740423780869627,0.0
amazon_beauty_test_257,amazon_beauty,test,0.2637256540650528,0.2537106108932103,0.482563735041737,0.0
amazon_beauty_test_258,amazon_beauty,test,0.709571243580307,0.18431400994331526,0.0,0.1061147464763778
amazon_beauty_test_259,amazon_beauty,test,0.880977935892043,0.05864521812286258,0.0,0.06037684598509442
amazon_beauty_test_260,amazon_beauty,test,0.6608466625910467,0.14822870485632736,0.0,0.19092463255262596
amazon_beauty_test_261,amazon_beauty,test,0.7048994477681835,0.19096698644990154,0.0,0.10413356578191495
amazon_beauty_test_262,amazon_beauty,test,0.9330036497606996,0.04005870605653686,0.02693764418276349,0.0
amazon_beauty_test_263,amazon_beauty,test,0.7496736584604174,0.18526622599281736,0.0650601155467652,0.0
amazon_beauty_test_264,amazon_beauty,test,0.6392737149051062,0.14863422488432046,0.0,0.21209206021057336
amazon_beauty_test_265,amazon_beauty,test,0.5058903090157404,0.16486657615701064,0.329243114827249,0.0
amazon_beauty_test_266,amazon_beauty,test,0.4943802615469938,0.29085435638886337,0.0,0.2147653820641428
amazon_beauty_test_267,amazon_beauty,test,0.7931125703770103,0.13275758685152503,0.0,0.0741298427714646
amazon_beauty_test_268,amazon_beauty,test,0.34813535381320715,0.2207958445100162,0.43106880167677664,0.0
amazon_beauty_test_269,amazon_beauty,test,0.8336132887526111,0.08930721830385657,0.0,0.07707949294353235
amazon_beauty_test_270,amazon_beauty,test,0.8949321893504154,0.08925709112033775,0.015810719529246883,0.0
amazon_beauty_test_271,amazon_beauty,test,0.582948519965049,0.22655679464451395,0.0,0.190494685390437
amazon_beauty_test_272,amazon_beauty,test,0.6159416247809717,0.14000957964749322,0.2440487955715351,0.0
amazon_beauty_test_273,amazon_beauty,test,0.47345168714036767,0.1779401353023166,0.34860817755731577,0.0
amazon_beauty_test_274,amazon_beauty,test,0.8790870025367001,0.072367563496623,0.04854543396667691,0.0
amazon_beauty_test_275,amazon_beauty,test,0.6360065201503723,0.13355732810902052,0.2304361517406072,0.0
amazon_beauty_test_276,amazon_beauty,test,0.5136103415340258,0.2817077294542693,0.0,0.20468192901170482
amazon_beauty_test_277,amazon_beauty,test,0.8101378051545893,0.14959436635774817,0.040267828487662465,0.0
amazon_beauty_test_278,amazon_beauty,test,0.8594171016171338,0.08948909278059317,0.05109380560227303,0.0
amazon_beauty_test_279,amazon_beauty,test,0.7643080518314697,0.1066834738403294,0.12900847432820092,0.0
amazon_beauty_test_280,amazon_beauty,test,0.33996711640862676,0.23466615308346084,0.4253667305079124,0.0
amazon_beauty_test_281,amazon_beauty,test,0.8339832179068912,0.10473380855743163,0.0,0.06128297353567715
amazon_beauty_test_282,amazon_beauty,test,0.30526948774721696,0.23431409083172564,0.46041642142105743,0.0
amazon_beauty_test_283,amazon_beauty,test,0.785337718919765,0.1119956759562699,0.10266660512396507,0.0
amazon_beauty_test_284,amazon_beauty,test,0.7624635594160845,0.11405699753949929,0.0,0.12347944304441623
amazon_beauty_test_285,amazon_beauty,test,0.6078540239159594,0.3194958656887189,0.0,0.07265011039532163
amazon_beauty_test_286,amazon_beauty,test,0.6481819543550561,0.13115208038799933,0.2206659652569445,0.0
amazon_beauty_test_287,amazon_beauty,test,0.6628362509500686,0.1298508484020519,0.20731290064787955,0.0
amazon_beauty_test_288,amazon_beauty,test,0.7907197602817069,0.1294408240211038,0.0,0.0798394156971893
amazon_beauty_test_289,amazon_beauty,test,0.6560606121162949,0.1621843063432493,0.1817550815404558,0.0
amazon_beauty_test_290,amazon_beauty,test,0.5260617177098186,0.2127136300033765,0.26122465228680497,0.0
amazon_beauty_test_291,amazon_beauty,test,0.5843203510668116,0.16588205991625224,0.2497975890169362,0.0
amazon_beauty_test_292,amazon_beauty,test,0.7091935667845329,0.15382851412493823,0.13697791909052887,0.0
amazon_beauty_test_293,amazon_beauty,test,0.29964094387203805,0.24355856135506163,0.45680049477290036,0.0
amazon_beauty_test_294,amazon_beauty,test,0.8853755967652885,0.06187089300986219,0.0,0.052753510224849254
amazon_beauty_test_295,amazon_beauty,test,0.46594043408694985,0.1926977022742343,0.3413618636388158,0.0
amazon_beauty_test_296,amazon_beauty,test,0.8955253229645929,0.04394514499945817,0.0,0.060529532035948984
amazon_beauty_test_297,amazon_beauty,test,0.6280361109965291,0.14194485530262405,0.23001903370084678,0.0
amazon_beauty_test_298,amazon_beauty,test,0.7527882927225307,0.10127893301219057,0.14593277426527881,0.0
amazon_beauty_test_299,amazon_beauty,test,0.8823503016231155,0.10918146976692812,0.0,0.008468228609956382
amazon_beauty_test_300,amazon_beauty,test,0.5092859685342066,0.17735317149569302,0.3133608599701004,0.0
amazon_beauty_test_301,amazon_beauty,test,0.8670594759951817,0.05599534657534085,0.0,0.07694517742947742
amazon_beauty_test_302,amazon_beauty,test,0.5444789734503475,0.2038045735167908,0.2517164530328618,0.0
amazon_beauty_test_303,amazon_beauty,test,0.8166554907789532,0.103942735073479,0.07940177414756788,0.0
amazon_beauty_test_304,amazon_beauty,test,0.31896191626879145,0.366028718879272,0.31500936485193654,0.0
amazon_beauty_test_305,amazon_beauty,test,0.8421332112320465,0.10484494090488501,0.053021847863068496,0.0
amazon_beauty_test_306,amazon_beauty,test,0.8926715865053525,0.052228801023630714,0.0,0.05509961247101683
amazon_beauty_test_307,amazon_beauty,test,0.23860579395463116,0.25194903148391523,0.5094451745614537,0.0
amazon_beauty_test_308,amazon_beauty,test,0.8919973336949967,0.03660340444441879,0.0,0.07139926186058457
amazon_beauty_test_309,amazon_beauty,test,0.7667961908475422,0.12439772538522167,0.10880608376723613,0.0
amazon_beauty_test_310,amazon_beauty,test,0.8160736491308903,0.09018264768525115,0.09374370318385855,0.0
amazon_beauty_test_311,amazon_beauty,test,0.20638135896195664,0.2731854219679923,0.5204332190700511,0.0
amazon_beauty_test_312,amazon_beauty,test,0.7827066179923398,0.055159950949809605,0.16213343105785058,0.0
amazon_beauty_test_313,amazon_beauty,test,0.7350401501461137,0.19757829651866124,0.0,0.0673815533352251
amazon_beauty_test_314,amazon_beauty,test,0.8717180150642346,0.07278008331240923,0.05550190162335611,0.0
amazon_beauty_test_315,amazon_beauty,test,0.8452750251285818,0.10789883497186133,0.04682613989955692,0.0
amazon_beauty_test_316,amazon_beauty,test,0.44803413332490405,0.20381214290794433,0.3481537237671516,0.0
amazon_beauty_test_317,amazon_beauty,test,0.16769916868169377,0.7411843893351368,0.09111644198316947,0.0
amazon_beauty_test_318,amazon_beauty,test,0.7558991892661953,0.18127257346860515,0.0,0.06282823726519961
amazon_beauty_test_319,amazon_beauty,test,0.8829550620170141,0.07255710229117593,0.044487835691809974,0.0
amazon_beauty_test_320,amazon_beauty,test,0.7365942486390538,0.17736678411164541,0.0,0.08603896724930088
amazon_beauty_test_321,amazon_beauty,test,0.6064667320886419,0.20197019185098855,0.0,0.19156307606036957
amazon_beauty_test_322,amazon_beauty,test,0.8465405297475196,0.11333526119017619,0.0,0.040124209062304204
amazon_beauty_test_323,amazon_beauty,test,0.7301560710566207,0.1281976776508174,0.1416462512925619,0.0
amazon_beauty_test_324,amazon_beauty,test,0.8005370905869396,0.13408364305516138,0.06537926635789909,0.0
amazon_beauty_test_325,amazon_beauty,test,0.6053207754127844,0.1534660412217623,0.24121318336545325,0.0
amazon_beauty_test_326,amazon_beauty,test,0.773974804785959,0.07571038363802841,0.1503148115760126,0.0
amazon_beauty_test_327,amazon_beauty,test,0.5916241977477058,0.13775136816133182,0.2706244340909624,0.0
amazon_beauty_test_328,amazon_beauty,test,0.18062156393731438,0.2875229360992441,0.5318554999634415,0.0
amazon_beauty_test_329,amazon_beauty,test,0.801295301181898,0.08635973110923197,0.11234496770887002,0.0
amazon_beauty_test_330,amazon_beauty,test,0.804956912495482,0.12187887729414276,0.0,0.07316421021037524
amazon_beauty_test_331,amazon_beauty,test,0.6023636075836827,0.23873370992811413,0.0,0.15890268248820322
amazon_beauty_test_332,amazon_beauty,test,0.7921712247542667,0.12946384908797495,0.07836492615775832,0.0
amazon_beauty_test_333,amazon_beauty,test,0.7972235461545174,0.11270185438961074,0.0,0.09007459945587182
amazon_beauty_test_334,amazon_beauty,test,0.45856760801641394,0.19209898863353625,0.3493334033500498,0.0
amazon_beauty_test_335,amazon_beauty,test,0.9552464919127854,0.038437659276124025,0.0,0.006315848811090589
amazon_beauty_test_336,amazon_beauty,test,0.8596792523908866,0.07469126618062788,0.0656294814284855,0.0
amazon_beauty_test_337,amazon_beauty,test,0.6595220546377358,0.1577483356403665,0.18272960972189764,0.0
amazon_beauty_test_338,amazon_beauty,test,0.45886656688306343,0.3549858381285561,0.0,0.18614759498838046
amazon_beauty_test_339,amazon_beauty,test,0.7919311154007125,0.0947318866396581,0.11333699795962945,0.0
amazon_beauty_test_340,amazon_beauty,test,0.7015283937292645,0.11680840876907533,0.0,0.18166319750166018
amazon_beauty_test_341,amazon_beauty,test,0.6521136650849324,0.17022531712674624,0.17766101778832133,0.0
amazon_beauty_test_342,amazon_beauty,test,0.6934180876467225,0.09222599655452042,0.2143559157987571,0.0
amazon_beauty_test_343,amazon_beauty,test,0.46444456001429046,0.18983477783078917,0.34572066215492037,0.0
amazon_beauty_test_344,amazon_beauty,test,0.7995744296953502,0.10294052074292298,0.0,0.09748504956172688
amazon_beauty_test_345,amazon_beauty,test,0.7430713494422451,0.11604846783666044,0.1408801827210945,0.0
amazon_beauty_test_346,amazon_beauty,test,0.6150463839454752,0.27772269026883756,0.0,0.10723092578568724
amazon_beauty_test_347,amazon_beauty,test,0.5765747003895505,0.30276464296723127,0.0,0.12066065664321825
amazon_beauty_test_348,amazon_beauty,test,0.7983775992898402,0.09683979847490115,0.0,0.10478260223525865
amazon_beauty_test_349,amazon_beauty,test,0.6585315266027846,0.19087093898488416,0.0,0.15059753441233123
amazon_beauty_test_350,amazon_beauty,test,0.3921999516465284,0.2357710640776189,0.3720289842758527,0.0
amazon_beauty_test_351,amazon_beauty,test,0.43943968659492894,0.19561001378144144,0.3649502996236296,0.0
amazon_beauty_test_352,amazon_beauty,test,0.8461698189605783,0.0837702561508193,0.0,0.07005992488860238
amazon_beauty_test_353,amazon_beauty,test,0.8487436053768757,0.1178169602863339,0.033439434336790426,0.0
amazon_beauty_test_354,amazon_beauty,test,0.6625109746136894,0.11426857015126056,0.0,0.2232204552350501
amazon_beauty_test_355,amazon_beauty,test,0.6990504414779086,0.2238696842884085,0.0,0.07707987423368284
amazon_beauty_test_356,amazon_beauty,test,0.8266050536694639,0.10213799508998068,0.07125695124055544,0.0
amazon_beauty_test_357,amazon_beauty,test,0.726632934441927,0.19397686185659793,0.07939020370147504,0.0
amazon_beauty_test_358,amazon_beauty,test,0.8104899711088679,0.10770581919345813,0.08180420969767398,0.0
amazon_beauty_test_359,amazon_beauty,test,0.6446577841299095,0.15500324397513893,0.20033897189495162,0.0
amazon_beauty_test_360,amazon_beauty,test,0.7431613627994641,0.14340254557599322,0.0,0.11343609162454273
amazon_beauty_test_361,amazon_beauty,test,0.7694049980672101,0.11268547349104333,0.0,0.11790952844174656
amazon_beauty_test_362,amazon_beauty,test,0.7570602589200911,0.09555150301066756,0.14738823806924134,0.0
amazon_beauty_test_363,amazon_beauty,test,0.7853676524646687,0.12471800642919291,0.08991434110613841,0.0
amazon_beauty_test_364,amazon_beauty,test,0.630227736851198,0.13197751425293364,0.23779474889586832,0.0
amazon_beauty_test_365,amazon_beauty,test,0.747427189966658,0.10207489683121973,0.0,0.1504979132021222
amazon_beauty_test_366,amazon_beauty,test,0.7803700240913283,0.08048817337664842,0.13914180253202327,0.0
amazon_beauty_test_367,amazon_beauty,test,0.5642586038087426,0.3339015075186277,0.0,0.10183988867262973
amazon_beauty_test_368,amazon_beauty,test,0.8627905050491106,0.05494591964217923,0.08226357530871015,0.0
amazon_beauty_test_369,amazon_beauty,test,0.7000522651950797,0.11533186380914393,0.18461587099577642,0.0
amazon_beauty_test_370,amazon_beauty,test,0.8596545610408621,0.05155641373133231,0.0,0.08878902522780556
amazon_beauty_test_371,amazon_beauty,test,0.8229383557386314,0.061903057491335206,0.0,0.11515858677003345
amazon_beauty_test_372,amazon_beauty,test,0.6005265873698417,0.3032737504575665,0.09619966217259188,0.0
amazon_beauty_test_373,amazon_beauty,test,0.9760851714182184,0.0,0.00043176000280534417,0.023483068578976283
amazon_beauty_test_374,amazon_beauty,test,0.8850749352748842,0.06959241409488155,0.04533265063023423,0.0
amazon_beauty_test_375,amazon_beauty,test,0.808736882561747,0.07908266964330239,0.11218044779495064,0.0
amazon_beauty_test_376,amazon_beauty,test,0.7610770844906363,0.1473903922028213,0.0,0.09153252330654246
amazon_beauty_test_377,amazon_beauty,test,0.8005073590976679,0.1310542539529261,0.06843838694940597,0.0
amazon_beauty_test_378,amazon_beauty,test,0.889802457991166,0.052459675336778026,0.0,0.057737866672056014
amazon_beauty_test_379,amazon_beauty,test,0.2366631558337738,0.270817549418004,0.4925192947482222,0.0
amazon_beauty_test_380,amazon_beauty,test,0.8722212132867113,0.07639787710214457,0.05138090961114406,0.0
amazon_beauty_test_381,amazon_beauty,test,0.7886591361618938,0.15589581462260077,0.0,0.05544504921550544
amazon_beauty_test_382,amazon_beauty,test,0.7600457917183969,0.09057940800327693,0.14937480027832611,0.0
amazon_beauty_test_383,amazon_beauty,test,0.7016561871583539,0.14499313811065023,0.0,0.15335067473099592
amazon_beauty_test_384,amazon_beauty,test,0.8395928512599673,0.08365865098740217,0.0,0.07674849775263055
amazon_beauty_test_385,amazon_beauty,test,0.2760222240546642,0.35512465929579257,0.36885311664954323,0.0
amazon_beauty_test_386,amazon_beauty,test,0.2402211657045076,0.2636727178357292,0.4961061164597632,0.0
amazon_beauty_test_387,amazon_beauty,test,0.8912932356449139,0.06538293431105331,0.04332383004403273,0.0
amazon_beauty_test_388,amazon_beauty,test,0.7460245858436354,0.09595735014841082,0.15801806400795376,0.0
amazon_beauty_test_389,amazon_beauty,test,0.7312498000047093,0.11072946810610951,0.15802073188918117,0.0
amazon_beauty_test_390,amazon_beauty,test,0.6971923635663758,0.11670186428746569,0.18610577214615845,0.0
amazon_beauty_test_391,amazon_beauty,test,0.8334574430639883,0.08267258087745687,0.08386997605855483,0.0
amazon_beauty_test_392,amazon_beauty,test,0.9276090678090371,0.04836984730313224,0.02402108488783065,0.0
amazon_beauty_test_393,amazon_beauty,test,0.36860637371308613,0.21284420060595685,0.41854942568095704,0.0
amazon_beauty_test_394,amazon_beauty,test,0.6669612344767757,0.16051828756847952,0.1725204779547448,0.0
amazon_beauty_test_395,amazon_beauty,test,0.7197844454541298,0.1462189595563353,0.0,0.13399659498953492
amazon_beauty_test_396,amazon_beauty,test,0.7719922632250588,0.09701834244619818,0.13098939432874304,0.0
amazon_beauty_test_397,amazon_beauty,test,0.8172033855894723,0.11556771926358295,0.0672288951469448,0.0
amazon_beauty_test_398,amazon_beauty,test,0.924460332845432,0.05735633028016667,0.01818333687440122,0.0
amazon_beauty_test_399,amazon_beauty,test,0.8549801004568421,0.10029993649280096,0.0,0.04471996305035693
amazon_beauty_test_400,amazon_beauty,test,0.7677893830927512,0.13597469204051085,0.0,0.0962359248667379
amazon_beauty_test_401,amazon_beauty,test,0.8437837143520257,0.08139736806852217,0.07481891757945217,0.0
amazon_beauty_test_402,amazon_beauty,test,0.6219570515312363,0.22017442586667196,0.0,0.15786852260209183
amazon_beauty_test_403,amazon_beauty,test,0.6448360209243696,0.231771130335471,0.0,0.12339284874015931
amazon_beauty_test_404,amazon_beauty,test,0.802669121030833,0.08115618083404554,0.11617469813512152,0.0
amazon_beauty_test_405,amazon_beauty,test,0.9010366858906288,0.0,0.07932280024484639,0.019640513864524846
amazon_beauty_test_406,amazon_beauty,test,0.15134984140869062,0.29754087367452603,0.5511092849167833,0.0
amazon_beauty_test_407,amazon_beauty,test,0.8656715229679166,0.1130257675875063,0.0,0.02130270944457713
amazon_beauty_test_408,amazon_beauty,test,0.6842599983991312,0.13454761394832654,0.18119238765254225,0.0
amazon_beauty_test_409,amazon_beauty,test,0.4811582104446473,0.18291360644367133,0.3359281831116813,0.0
amazon_beauty_test_410,amazon_beauty,test,0.7896297232944545,0.10190088998727621,0.10846938671826929,0.0
amazon_beauty_test_411,amazon_beauty,test,0.8909333842336323,0.06119436157166876,0.0,0.04787225419469887
amazon_beauty_test_412,amazon_beauty,test,0.6909384831565465,0.12149172438663466,0.18756979245681885,0.0
amazon_beauty_test_413,amazon_beauty,test,0.42467958282183804,0.533365714007641,0.0,0.041954703170520975
amazon_beauty_test_414,amazon_beauty,test,0.7427192495336712,0.10854600236329144,0.0,0.14873474810303738
amazon_beauty_test_415,amazon_beauty,test,0.27369261855962007,0.2371988751355404,0.48910850630483954,0.0
amazon_beauty_test_416,amazon_beauty,test,0.6137317654018227,0.16079262714490086,0.22547560745327647,0.0
amazon_beauty_test_417,amazon_beauty,test,0.8444450096652762,0.09672448875775766,0.05883050157696612,0.0
amazon_beauty_test_418,amazon_beauty,test,0.2503085948150079,0.25494725425516296,0.49474415092982915,0.0
amazon_beauty_test_419,amazon_beauty,test,0.695736163248642,0.20651043675286587,0.0,0.09775339999849218
amazon_beauty_test_420,amazon_beauty,test,0.609139310591332,0.24123490785299162,0.14962578155567643,0.0
amazon_beauty_test_421,amazon_beauty,test,0.8255222418958591,0.11149143155574627,0.0,0.06298632654839469
amazon_beauty_test_422,amazon_beauty,test,0.8429301066228237,0.07354963326393511,0.08352026011324114,0.0
amazon_beauty_test_423,amazon_beauty,test,0.8140905372870922,0.15802165835602483,0.0,0.027887804356882945
amazon_beauty_test_424,amazon_beauty,test,0.7250623054506099,0.11149014283090151,0.16344755171848857,0.0
amazon_beauty_test_425,amazon_beauty,test,0.6461906575125166,0.2765766050385515,0.07723273744893192,0.0
amazon_beauty_test_426,amazon_beauty,test,0.6732309109732236,0.13264229824515436,0.19412679078162198,0.0
amazon_beauty_test_427,amazon_beauty,test,0.273219869568759,0.2599672841343013,0.4668128462969397,0.0
amazon_beauty_test_428,amazon_beauty,test,0.606924588213375,0.18427026668276578,0.20880514510385922,0.0
amazon_beauty_test_429,amazon_beauty,test,0.7393790124384169,0.2383042233558155,0.0,0.02231676420576767
amazon_beauty_test_430,amazon_beauty,test,0.6535622894472999,0.14359541681201562,0.20284229374068447,0.0
amazon_beauty_test_431,amazon_beauty,test,0.790151604596322,0.11591241970636382,0.0,0.09393597569731413
amazon_beauty_test_432,amazon_beauty,test,0.35699221783258533,0.2298837301402241,0.4131240520271906,0.0
amazon_beauty_test_433,amazon_beauty,test,0.8742879420649189,0.09522293618895093,0.030489121746130134,0.0
amazon_beauty_test_434,amazon_beauty,test,0.9117393708052131,0.07479289059953527,0.013467738595251716,0.0
amazon_beauty_test_435,amazon_beauty,test,0.679258448841757,0.18348566948940825,0.0,0.1372558816688347
amazon_beauty_test_436,amazon_beauty,test,0.9753539900308784,0.022526947710890935,0.002119062258230651,0.0
amazon_beauty_test_437,amazon_beauty,test,0.803828314525278,0.13436444525002872,0.0,0.06180724022469328
amazon_beauty_test_438,amazon_beauty,test,0.8847011513705855,0.0,0.05672551780808503,0.05857333082132947
amazon_beauty_test_439,amazon_beauty,test,0.5409608861933336,0.15347902489382456,0.30556008891284187,0.0
amazon_beauty_test_440,amazon_beauty,test,0.8195718880440823,0.15520462580851138,0.0,0.02522348614740626
amazon_beauty_test_441,amazon_beauty,test,0.8186116911952852,0.12905795247253427,0.0,0.0523303563321805
amazon_beauty_test_442,amazon_beauty,test,0.9505388852476094,0.04518996627355317,0.0,0.004271148478837414
amazon_beauty_test_443,amazon_beauty,test,0.9192085896276331,0.0702237372663623,0.0,0.010567673106004644
amazon_beauty_test_444,amazon_beauty,test,0.7306564988317024,0.12489253610462057,0.0,0.1444509650636771
amazon_beauty_test_445,amazon_beauty,test,0.6190751133863154,0.1975443945857946,0.18338049202788997,0.0
amazon_beauty_test_446,amazon_beauty,test,0.9234449614600695,0.06707340915867112,0.009481629381259378,0.0
amazon_beauty_test_447,amazon_beauty,test,0.2629356994798943,0.5216690820913724,0.0,0.2153952184287333
amazon_beauty_test_448,amazon_beauty,test,0.0,0.41350729866487484,0.5077213730250855,0.07877132831003965
amazon_beauty_test_449,amazon_beauty,test,0.8189399861956277,0.12597458164300201,0.055085432161370296,0.0
amazon_beauty_test_450,amazon_beauty,test,0.6733648575188923,0.10919499834597976,0.21744014413512797,0.0
amazon_beauty_test_451,amazon_beauty,test,0.6387033665207453,0.20929570371518227,0.0,0.15200092976407237
amazon_beauty_test_452,amazon_beauty,test,0.8449262363349389,0.11727228780933854,0.037801475855722584,0.0
amazon_beauty_test_453,amazon_beauty,test,0.756405880883696,0.11488861644921278,0.12870550266709122,0.0
amazon_beauty_test_454,amazon_beauty,test,0.7204616171450481,0.11089859670077779,0.16863978615417408,0.0
amazon_beauty_test_455,amazon_beauty,test,0.8168549638579975,0.16828866420190866,0.014856371940093848,0.0
amazon_beauty_test_456,amazon_beauty,test,0.4727738214185877,0.3938838038986668,0.0,0.1333423746827455
amazon_beauty_test_457,amazon_beauty,test,0.9623821293950442,0.0014163010566644008,0.0,0.036201569548291415
amazon_beauty_test_458,amazon_beauty,test,0.8169437086419782,0.10717570575545045,0.07588058560257138,0.0
amazon_beauty_test_459,amazon_beauty,test,0.9092905023566121,0.060178641974526194,0.030530855668861663,0.0
amazon_beauty_test_460,amazon_beauty,test,0.6781840647403867,0.22975505105366065,0.0,0.09206088420595264
amazon_beauty_test_461,amazon_beauty,test,0.5169505579397093,0.263483791532297,0.21956565052799362,0.0
amazon_beauty_test_462,amazon_beauty,test,0.850101598241971,0.06956653716362332,0.0,0.08033186459440571
amazon_beauty_test_463,amazon_beauty,test,0.915755938133135,0.07648429561054551,0.0,0.007759766256319467
amazon_beauty_test_464,amazon_beauty,test,0.45935398519198983,0.29243394133078016,0.24821207347723,0.0
amazon_beauty_test_465,amazon_beauty,test,0.9308281406617801,0.03572356676916726,0.03344829256905262,0.0
amazon_beauty_test_466,amazon_beauty,test,0.7228734136375073,0.11023530882836488,0.16689127753412772,0.0
amazon_beauty_test_467,amazon_beauty,test,0.8282808763232983,0.07848599335873892,0.09323313031796279,0.0
amazon_beauty_test_468,amazon_beauty,test,0.7995068153233779,0.10214296064474976,0.0983502240318724,0.0
amazon_beauty_test_469,amazon_beauty,test,0.13394475421538796,0.3883377576417207,0.47771748814289133,0.0
amazon_beauty_test_470,amazon_beauty,test,0.40104797562676653,0.2048034922167727,0.3941485321564608,0.0
amazon_beauty_test_471,amazon_beauty,test,0.45572596828462364,0.19838707243840245,0.34588695927697394,0.0
amazon_beauty_test_472,amazon_beauty,test,0.5776301938764057,0.16289971271951778,0.2594700934040765,0.0
amazon_beauty_test_473,amazon_beauty,test,0.6066327310943301,0.1610439852995213,0.2323232836061485,0.0
amazon_beauty_test_474,amazon_beauty,test,0.0,0.4206175227578316,0.4645511072343904,0.11483137000777796
amazon_beauty_test_475,amazon_beauty,test,0.3966945853662181,0.20909817687337282,0.39420723776040906,0.0
amazon_beauty_test_476,amazon_beauty,test,0.7932669261236646,0.12334131777789761,0.0,0.08339175609843787
amazon_beauty_test_477,amazon_beauty,test,0.5003111191724986,0.1796832882399472,0.32000559258755423,0.0
amazon_beauty_test_478,amazon_beauty,test,0.8209028742955328,0.17302199949585934,0.006075126208607855,0.0
amazon_beauty_test_479,amazon_beauty,test,0.8062978175166631,0.15220064981708234,0.0,0.041501532666254615
amazon_beauty_test_480,amazon_beauty,test,0.7627083523975712,0.09172712002213029,0.14556452758029856,0.0
amazon_beauty_test_481,amazon_beauty,test,0.8663129362609002,0.10730167549774182,0.026385388241357943,0.0
amazon_beauty_test_482,amazon_beauty,test,0.6926352178469859,0.15437125681915692,0.0,0.1529935253338572
amazon_beauty_test_483,amazon_beauty,test,0.4558961349963628,0.17971350972489925,0.364390355278738,0.0
amazon_beauty_test_484,amazon_beauty,test,0.8482328965168872,0.09978934211505584,0.05197776136805696,0.0
amazon_beauty_test_485,amazon_beauty,test,0.4297233107298372,0.5005109009402642,0.0,0.06976578832989866
amazon_beauty_test_486,amazon_beauty,test,0.8358241334426072,0.16125302167340444,0.0029228448839884024,0.0
amazon_beauty_test_487,amazon_beauty,test,0.7982843358418605,0.07536951146884192,0.12634615268929755,0.0
amazon_beauty_test_488,amazon_beauty,test,0.9834110984531794,0.0036775825895750615,0.0,0.01291131895724553
amazon_beauty_test_489,amazon_beauty,test,0.8478854499462369,0.0634539069087421,0.08866064314502092,0.0
amazon_beauty_test_490,amazon_beauty,test,0.8882821141952317,0.07928561728631078,0.03243226851845748,0.0
amazon_beauty_test_491,amazon_beauty,test,0.8665237906333956,0.10652166200626333,0.026954547360341096,0.0
amazon_beauty_test_492,amazon_beauty,test,0.6442908616471292,0.14752814177606463,0.20818099657680617,0.0
amazon_beauty_test_493,amazon_beauty,test,0.46412459172673837,0.19718476330969217,0.3386906449635695,0.0
amazon_beauty_test_494,amazon_beauty,test,0.44836796034404025,0.1898789817856438,0.361753057870316,0.0
amazon_beauty_test_495,amazon_beauty,test,0.7818452783815992,0.13510604697332834,0.08304867464507242,0.0
amazon_beauty_test_496,amazon_beauty,test,0.5213240596182687,0.3460157942123563,0.13266014616937508,0.0
amazon_beauty_test_497,amazon_beauty,test,0.4544528278126278,0.19570270935506295,0.34984446283230924,0.0
amazon_beauty_test_498,amazon_beauty,test,0.6281181891532785,0.3642532319633925,0.0,0.007628578883328985
amazon_beauty_test_499,amazon_beauty,test,0.839814957192885,0.0746886191605242,0.08549642364659081,0.0
amazon_beauty_test_500,amazon_beauty,test,0.9851199397996371,0.0,0.014440302558720279,0.0004397576416425904
amazon_beauty_test_501,amazon_beauty,test,0.309897746252669,0.24447759874140457,0.4456246550059264,0.0
amazon_beauty_test_502,amazon_beauty,test,0.6627873792124129,0.17226820905344092,0.0,0.1649444117341461
amazon_beauty_test_503,amazon_beauty,test,0.7021790290176226,0.14204783309331123,0.0,0.15577313788906613
amazon_beauty_test_504,amazon_beauty,test,0.8460655469105904,0.11726419997500993,0.0,0.03667025311439958
amazon_beauty_test_505,amazon_beauty,test,0.7851163082467936,0.11579214498753942,0.09909154676566696,0.0
amazon_beauty_test_506,amazon_beauty,test,0.7718267551267022,0.18380444383431987,0.04436880103897793,0.0
amazon_beauty_test_507,amazon_beauty,test,0.8279871571925594,0.07857290953826536,0.09343993326917523,0.0
amazon_beauty_test_508,amazon_beauty,test,0.8515618270518313,0.07722718226778429,0.07121099068038451,0.0
amazon_beauty_test_509,amazon_beauty,test,0.5160589526317113,0.1793414345906686,0.30459961277762015,0.0
amazon_beauty_test_510,amazon_beauty,test,0.4183895299845513,0.1982877674266186,0.3833227025888301,0.0
amazon_beauty_test_511,amazon_beauty,test,0.5138641627755122,0.15021267879803368,0.3359231584264541,0.0
amazon_beauty_test_512,amazon_beauty,test,0.7060813942708816,0.2637020090320359,0.0,0.030216596697082466
amazon_beauty_test_513,amazon_beauty,test,0.9208916419897227,0.03184032073566312,0.04726803727461414,0.0
amazon_beauty_test_514,amazon_beauty,test,0.221958856223122,0.2715055453562357,0.5065355984206423,0.0
amazon_beauty_test_515,amazon_beauty,test,0.9239353477805248,0.053013953463182946,0.0,0.023050698756292325
amazon_beauty_test_516,amazon_beauty,test,0.5588763675856265,0.15846741285202637,0.28265621956234716,0.0
amazon_beauty_test_517,amazon_beauty,test,0.730322795826968,0.11902196152864723,0.1506552426443848,0.0
amazon_beauty_test_518,amazon_beauty,test,0.7607449314267212,0.11041381597501489,0.12884125259826398,0.0
amazon_beauty_test_519,amazon_beauty,test,0.7626133932031776,0.1848147131956986,0.05257189360112385,0.0
amazon_beauty_test_520,amazon_beauty,test,0.8615251896394195,0.07654080700337845,0.06193400335720205,0.0
amazon_beauty_test_521,amazon_beauty,test,0.7006765208766644,0.1486169811181099,0.15070649800522565,0.0
amazon_beauty_test_522,amazon_beauty,test,0.7809655720901114,0.1301786170889718,0.0,0.08885581082091674
amazon_beauty_test_523,amazon_beauty,test,0.48440705165141634,0.18200224145481364,0.33359070689377,0.0
amazon_beauty_test_524,amazon_beauty,test,0.6369484481687127,0.13005247791208896,0.23299907391919844,0.0
amazon_beauty_test_525,amazon_beauty,test,0.6610022839624863,0.2332022735399981,0.0,0.10579544249751567
amazon_beauty_test_526,amazon_beauty,test,0.7092315795867561,0.11743662224655925,0.0,0.17333179816668465
amazon_beauty_test_527,amazon_beauty,test,0.5471043663795656,0.2611456404231446,0.0,0.1917499931972898
amazon_beauty_test_528,amazon_beauty,test,0.8514854180958734,0.10719598072043265,0.04131860118369393,0.0
amazon_beauty_test_529,amazon_beauty,test,0.6898996713982367,0.23592756513217406,0.0,0.07417276346958922
amazon_beauty_test_530,amazon_beauty,test,0.5747208284754424,0.3125934601539575,0.11268571137060013,0.0
amazon_beauty_test_531,amazon_beauty,test,0.7165038429257076,0.21259669750105026,0.0,0.07089945957324215
amazon_beauty_test_532,amazon_beauty,test,0.7713340557390838,0.14389832063370667,0.0,0.08476762362720956
amazon_beauty_test_533,amazon_beauty,test,0.7161013528246197,0.15529607858219455,0.12860256859318572,0.0
amazon_beauty_test_534,amazon_beauty,test,0.2660792507718754,0.25193187486838065,0.48198887435974397,0.0
amazon_beauty_test_535,amazon_beauty,test,0.741346818693312,0.12920005242298116,0.0,0.12945312888370686
amazon_beauty_test_536,amazon_beauty,test,0.8356286184288602,0.11620295395858324,0.04816842761255661,0.0
amazon_beauty_test_537,amazon_beauty,test,0.6171004941232587,0.2797718500901918,0.0,0.1031276557865495
amazon_beauty_test_538,amazon_beauty,test,0.7404689263175492,0.1441951411734502,0.1153359325090006,0.0
amazon_beauty_test_539,amazon_beauty,test,0.8354856982850546,0.12670558182603334,0.037808719888912046,0.0
amazon_beauty_test_540,amazon_beauty,test,0.422422098391485,0.1816103647868544,0.39596753682166064,0.0
amazon_beauty_test_541,amazon_beauty,test,0.744432940692279,0.12630067586330268,0.12926638344441826,0.0
amazon_beauty_test_542,amazon_beauty,test,0.538712885932148,0.33422082149724613,0.0,0.12706629257060598
amazon_beauty_test_543,amazon_beauty,test,0.8763655910578488,0.056486966891545476,0.0,0.06714744205060563
amazon_beauty_test_544,amazon_beauty,test,0.5788911939659811,0.14465429265692528,0.27645451337709365,0.0
amazon_beauty_test_545,amazon_beauty,test,0.7508942482410261,0.2029946681599374,0.0,0.046111083599036484
amazon_beauty_test_546,amazon_beauty,test,0.635024697346967,0.2262553004051902,0.0,0.13872000224784287
amazon_beauty_test_547,amazon_beauty,test,0.6392399986748015,0.22988531802147869,0.1308746833037198,0.0
amazon_beauty_test_548,amazon_beauty,test,0.3280499978991262,0.23545144880605168,0.4364985532948221,0.0
amazon_beauty_test_549,amazon_beauty,test,0.7170131347100943,0.10934731570649707,0.17363954958340858,0.0
amazon_beauty_test_550,amazon_beauty,test,0.7704070451467694,0.10518397665258607,0.12440897820064453,0.0
amazon_beauty_test_551,amazon_beauty,test,0.6715775221930658,0.1778469469413582,0.0,0.1505755308655761
amazon_beauty_test_552,amazon_beauty,test,0.2354997020964959,0.2634677209140672,0.5010325769894368,0.0
amazon_beauty_test_553,amazon_beauty,test,0.8906838251711102,0.06209820844272329,0.04721796638616644,0.0
amazon_beauty_test_554,amazon_beauty,test,0.6491037942882163,0.13826653857149082,0.0,0.2126296671402929
amazon_beauty_test_555,amazon_beauty,test,0.6815912329119659,0.13205989306533095,0.18634887402270317,0.0
amazon_beauty_test_556,amazon_beauty,test,0.6169856617222433,0.1357277212203211,0.2472866170574356,0.0
amazon_beauty_test_557,amazon_beauty,test,0.97378162145847,0.0,0.009639710829635561,0.016578667711894427
amazon_beauty_test_558,amazon_beauty,test,0.7966533344838262,0.18538501753655776,0.0,0.017961647979615972
amazon_beauty_test_559,amazon_beauty,test,0.6507574859681847,0.2041512616839099,0.0,0.1450912523479054
amazon_beauty_test_560,amazon_beauty,test,0.8973932452467456,0.05676099860430006,0.04584575614895431,0.0
amazon_beauty_test_561,amazon_beauty,test,0.9661810288034732,0.012207186288380332,0.0,0.021611784908146404
amazon_beauty_test_562,amazon_beauty,test,0.6902307887872996,0.1555385542509016,0.0,0.15423065696179886
amazon_beauty_test_563,amazon_beauty,test,0.9148958356143243,0.07563244710968464,0.0,0.009471717275991045
amazon_beauty_test_564,amazon_beauty,test,0.8215073479676159,0.063129139094878,0.0,0.11536351293750602
amazon_beauty_test_565,amazon_beauty,test,0.643571472216807,0.22001868022195128,0.0,0.13640984756124175
amazon_beauty_test_566,amazon_beauty,test,0.7091148993547144,0.1116344023885197,0.0,0.17925069825676587
amazon_beauty_test_567,amazon_beauty,test,0.7154156150689913,0.12355958910053524,0.1610247958304735,0.0
amazon_beauty_test_568,amazon_beauty,test,0.6162642229525301,0.13495396764888795,0.24878180939858188,0.0
amazon_beauty_test_569,amazon_beauty,test,0.843257111785412,0.07344861101905138,0.08329427719553663,0.0
amazon_beauty_test_570,amazon_beauty,test,0.2367152195918779,0.2610694677888815,0.5022153126192406,0.0
amazon_beauty_test_571,amazon_beauty,test,0.8866821579697036,0.08547508395454498,0.02784275807575143,0.0
amazon_beauty_test_572,amazon_beauty,test,0.9590019680772294,0.03143665345314924,0.0,0.00956137846962143
amazon_beauty_test_573,amazon_beauty,test,0.5711711348555377,0.20342069991598957,0.22540816522847268,0.0
amazon_beauty_test_574,amazon_beauty,test,0.4388212064560612,0.5436651868187138,0.017513606725224982,0.0
amazon_beauty_test_575,amazon_beauty,test,0.7044056814267494,0.1590576055957771,0.13653671297747352,0.0
amazon_beauty_test_576,amazon_beauty,test,0.5845261764982468,0.14014619745556645,0.2753276260461867,0.0
amazon_beauty_test_577,amazon_beauty,test,0.8495562237911334,0.07966651080757876,0.0,0.0707772654012879
amazon_beauty_test_578,amazon_beauty,test,0.8319099867216437,0.09484645291333021,0.0,0.07324356036502606
amazon_beauty_test_579,amazon_beauty,test,0.7197810111741338,0.18863516553792264,0.0,0.09158382328794351
amazon_beauty_test_580,amazon_beauty,test,0.848265150648747,0.1138953962392229,0.0,0.03783945311203013
amazon_beauty_test_581,amazon_beauty,test,0.530978303653964,0.2776147735777124,0.0,0.19140692276832352
amazon_beauty_test_582,amazon_beauty,test,0.5794739911923105,0.22480937921317187,0.0,0.19571662959451766
amazon_beauty_test_583,amazon_beauty,test,0.8657749912720498,0.08009336854451593,0.0,0.05413164018343423
amazon_beauty_test_584,amazon_beauty,test,0.7791064924952859,0.118349512687655,0.0,0.10254399481705913
amazon_beauty_test_585,amazon_beauty,test,0.8912070705763607,0.0,0.052319547607339735,0.056473381816299593
amazon_beauty_test_586,amazon_beauty,test,0.9138089897590757,0.05803573541112758,0.02815527482979677,0.0
amazon_beauty_test_587,amazon_beauty,test,0.6058165411489409,0.2592649133550361,0.0,0.13491854549602306
amazon_beauty_test_588,amazon_beauty,test,0.6813991950921994,0.17503294423520402,0.0,0.14356786067259664
amazon_beauty_test_589,amazon_beauty,test,0.5268570572152775,0.14815899235723606,0.32498395042748646,0.0
amazon_beauty_test_590,amazon_beauty,test,0.8080140005634624,0.09886068938784756,0.09312531004869008,0.0
amazon_beauty_test_591,amazon_beauty,test,0.6096324548543179,0.14494153202603913,0.24542601311964293,0.0
amazon_beauty_test_592,amazon_beauty,test,0.2791160536773917,0.24797977197045581,0.47290417435215254,0.0
amazon_beauty_test_593,amazon_beauty,test,0.8116841849237505,0.07342237611902826,0.11489343895722127,0.0
amazon_beauty_test_594,amazon_beauty,test,0.9104347499629346,0.08908928590745298,0.00047596412961241374,0.0
amazon_beauty_test_595,amazon_beauty,test,0.817205043206068,0.08715599848020608,0.0956389583137259,0.0
amazon_beauty_test_596,amazon_beauty,test,0.6378091564734849,0.23840803744887348,0.0,0.12378280607764162
amazon_beauty_test_597,amazon_beauty,test,0.9222384754349108,0.07195488229060662,0.005806642274482552,0.0
amazon_beauty_test_598,amazon_beauty,test,0.9551435190628549,0.040481184121764754,0.0,0.00437529681538034
amazon_beauty_test_599,amazon_beauty,test,0.8752808606746485,0.08899142725307818,0.0,0.035727712072273356
amazon_beauty_test_600,amazon_beauty,test,0.5796081810197895,0.16868055492220113,0.2517112640580094,0.0
amazon_beauty_test_601,amazon_beauty,test,0.8239592817196235,0.07287297725909327,0.0,0.10316774102128316
amazon_beauty_test_602,amazon_beauty,test,0.9447868974748594,0.03588197840007857,0.0,0.019331124125061935
amazon_beauty_test_603,amazon_beauty,test,0.0,0.3908424638105627,0.5520039389236222,0.05715359726581508
amazon_beauty_test_604,amazon_beauty,test,0.8199027243364214,0.11930856705464805,0.06078870860893055,0.0
amazon_beauty_test_605,amazon_beauty,test,0.8744138317876231,0.09824613843418752,0.027340029778189383,0.0
amazon_beauty_test_606,amazon_beauty,test,0.5789365472397502,0.32814889758631605,0.0,0.09291455517393375
amazon_beauty_test_607,amazon_beauty,test,0.6467342651458619,0.14439002051127844,0.20887571434285973,0.0
amazon_beauty_test_608,amazon_beauty,test,0.8451042982724034,0.07653989008162143,0.07835581164597513,0.0
amazon_beauty_test_609,amazon_beauty,test,0.7503324595686267,0.14915299010410668,0.0,0.10051455032726665
amazon_beauty_test_610,amazon_beauty,test,0.8488692033805613,0.09803619009540064,0.0,0.05309460652403814
amazon_beauty_test_611,amazon_beauty,test,0.789527706439574,0.1266992739954232,0.0,0.08377301956500281
amazon_beauty_test_612,amazon_beauty,test,0.8999507549802822,0.08848788744146378,0.0,0.011561357578254033
amazon_beauty_test_613,amazon_beauty,test,0.3735857180563604,0.6204025238472303,0.0,0.006011758096409313
amazon_beauty_test_614,amazon_beauty,test,0.7399111914018625,0.13640878567978967,0.0,0.12368002291834791
amazon_beauty_test_615,amazon_beauty,test,0.794420266881863,0.08383495485406313,0.12174477826407389,0.0
amazon_beauty_test_616,amazon_beauty,test,0.4780114044441053,0.1864865570399584,0.3355020385159363,0.0
amazon_beauty_test_617,amazon_beauty,test,0.5329287869677227,0.33613389749162864,0.0,0.13093731554064864
amazon_beauty_test_618,amazon_beauty,test,0.9074115423704942,0.0881967996694356,0.0,0.004391657960070215
amazon_beauty_test_619,amazon_beauty,test,0.7125555335257272,0.20006021486425954,0.0,0.08738425161001329
amazon_beauty_test_620,amazon_beauty,test,0.3985408572639595,0.2087621788850978,0.3926969638509427,0.0
amazon_beauty_test_621,amazon_beauty,test,0.7566722308922558,0.11092230629969006,0.1324054628080542,0.0
amazon_beauty_test_622,amazon_beauty,test,0.35705331263068957,0.22506897419729485,0.41787771317201555,0.0
amazon_beauty_test_623,amazon_beauty,test,0.8317383104719898,0.08914965598833736,0.0,0.07911203353967289
amazon_beauty_test_624,amazon_beauty,test,0.5094035819882949,0.17552153811249938,0.31507487989920563,0.0
amazon_beauty_test_625,amazon_beauty,test,0.45703147455575427,0.16984730003399903,0.37312122541024667,0.0
amazon_beauty_test_626,amazon_beauty,test,0.7898647980244,0.09181899446565812,0.0,0.11831620750994185
amazon_beauty_test_627,amazon_beauty,test,0.21651972133475172,0.2521522553192232,0.531328023346025,0.0
amazon_beauty_test_628,amazon_beauty,test,0.6092352080707988,0.24744391679768177,0.0,0.14332087513151942
amazon_beauty_test_629,amazon_beauty,test,0.44939087171034653,0.17647050250988983,0.37413862577976364,0.0
amazon_beauty_test_630,amazon_beauty,test,0.8535563128429529,0.1019165027902316,0.04452718436681551,0.0
amazon_beauty_test_631,amazon_beauty,test,0.6863213471051081,0.17850851338305526,0.13517013951183673,0.0
amazon_beauty_test_632,amazon_beauty,test,0.9119991815745907,0.05161312021884471,0.036387698206564595,0.0
amazon_beauty_test_633,amazon_beauty,test,0.6669561374388762,0.20819248448609096,0.0,0.12485137807503294
amazon_beauty_test_634,amazon_beauty,test,0.7665985729436483,0.22568313188850403,0.0,0.007718295167847684
amazon_beauty_test_635,amazon_beauty,test,0.7432207324953485,0.10743514059680717,0.1493441269078444,0.0
amazon_beauty_test_636,amazon_beauty,test,0.887225200447217,0.07687328811585288,0.035901511436930184,0.0
amazon_beauty_test_637,amazon_beauty,test,0.8770015461611022,0.05089090901407697,0.0,0.07210754482482085
amazon_beauty_test_638,amazon_beauty,test,0.8146306912085525,0.10653999074485064,0.07882931804659685,0.0
amazon_beauty_test_639,amazon_beauty,test,0.8500910652026851,0.053358204474403675,0.0965507303229112,0.0
amazon_beauty_test_640,amazon_beauty,test,0.7056003827434238,0.11505365461699589,0.17934596263958022,0.0
amazon_beauty_test_641,amazon_beauty,test,0.6072398179432181,0.25581358530129555,0.0,0.1369465967554864
amazon_beauty_test_642,amazon_beauty,test,0.7352268467690511,0.1297090816825193,0.13506407154842956,0.0
amazon_beauty_test_643,amazon_beauty,test,0.7407256486853842,0.15597701021541566,0.10329734109920023,0.0
amazon_beauty_test_644,amazon_beauty,test,0.8186163778047176,0.08240656077915673,0.0,0.09897706141612558
amazon_beauty_test_645,amazon_beauty,test,0.7053777859368224,0.19953653079196831,0.0,0.09508568327120931
amazon_beauty_test_646,amazon_beauty,test,0.9253729923620718,0.05834924788548709,0.0,0.016277759752441084
amazon_beauty_test_647,amazon_beauty,test,0.7900272832852354,0.1274165613692952,0.08255615534546941,0.0
amazon_beauty_test_648,amazon_beauty,test,0.0,0.6789147754584411,0.3085899546928214,0.012495269848737433
amazon_beauty_test_649,amazon_beauty,test,0.9851611176761732,0.010342538366144172,0.004496343957682583,0.0
amazon_beauty_test_650,amazon_beauty,test,0.6667139542545346,0.13047798371978236,0.20280806202568302,0.0
amazon_beauty_test_651,amazon_beauty,test,0.9571056482116729,0.0334144875445488,0.009479864243778346,0.0
amazon_beauty_test_652,amazon_beauty,test,0.7821489774482291,0.10103381922733805,0.0,0.1168172033244329
amazon_beauty_test_653,amazon_beauty,test,0.35010968967974937,0.22565418060149017,0.42423612971876046,0.0
amazon_beauty_test_654,amazon_beauty,test,0.6774279366637493,0.1367927499060728,0.1857793134301779,0.0
amazon_beauty_test_655,amazon_beauty,test,0.22622533516407226,0.26103457319613077,0.512740091639797,0.0
amazon_beauty_test_656,amazon_beauty,test,0.9180995011321966,0.06311439703619388,0.018786101831609527,0.0
amazon_beauty_test_657,amazon_beauty,test,0.6995929457655553,0.15689223216381606,0.0,0.14351482207062863
amazon_beauty_test_658,amazon_beauty,test,0.6842162900694093,0.14032484881354046,0.17545886111705022,0.0
amazon_beauty_test_659,amazon_beauty,test,0.6372462577122174,0.1437936313550364,0.2189601109327462,0.0
amazon_beauty_test_660,amazon_beauty,test,0.8348077198453485,0.07468570792145596,0.09050657223319551,0.0
amazon_beauty_test_661,amazon_beauty,test,0.8975085504859449,0.07434818657394429,0.0,0.02814326294011074
amazon_beauty_test_662,amazon_beauty,test,0.7915818099265224,0.19762236532618108,0.010795824747296527,0.0
amazon_beauty_test_663,amazon_beauty,test,0.8180693899612531,0.171861609951405,0.0,0.010069000087341884
amazon_beauty_test_664,amazon_beauty,test,0.6555734785429279,0.11626932739536969,0.2281571940617024,0.0
amazon_beauty_test_665,amazon_beauty,test,0.9261442189306739,0.06598322161243407,0.0,0.007872559456891986
amazon_beauty_test_666,amazon_beauty,test,0.5095086322555262,0.35121930194880546,0.13927206579566828,0.0
amazon_beauty_test_667,amazon_beauty,test,0.8773981395424899,0.1076924439695938,0.0,0.014909416487916292
amazon_beauty_test_668,amazon_beauty,test,0.8985416446156951,0.08326819394160925,0.018190161442695633,0.0
amazon_beauty_test_669,amazon_beauty,test,0.6268845472934595,0.20358010011060662,0.0,0.1695353525959338
amazon_beauty_test_670,amazon_beauty,test,0.28024400652254355,0.24916887004857013,0.4705871234288863,0.0
amazon_beauty_test_671,amazon_beauty,test,0.894889797965687,0.06962302401378062,0.03548717802053233,0.0
amazon_beauty_test_672,amazon_beauty,test,0.212288309799941,0.26842623197057225,0.5192854582294868,0.0
amazon_beauty_test_673,amazon_beauty,test,0.859112899233067,0.06808210167461577,0.07280499909231723,0.0
amazon_beauty_test_674,amazon_beauty,test,0.8474847805190644,0.1199764400026567,0.0,0.03253877947827889
amazon_beauty_test_675,amazon_beauty,test,0.4478677516139352,0.1938543972614115,0.35827785112465327,0.0
amazon_beauty_test_676,amazon_beauty,test,0.5491523778953891,0.38174570590386897,0.0,0.06910191620074199
amazon_beauty_test_677,amazon_beauty,test,0.8130789471300013,0.10132132932797157,0.0,0.08559972354202718
amazon_beauty_test_678,amazon_beauty,test,0.8828032647340643,0.0800828529485123,0.03711388231742336,0.0
amazon_beauty_test_679,amazon_beauty,test,0.580322362138689,0.16035292255552297,0.25932471530578793,0.0
amazon_beauty_test_680,amazon_beauty,test,0.8243026836226285,0.0027689334470810912,0.17292838293029036,0.0
amazon_beauty_test_681,amazon_beauty,test,0.5964438742130626,0.20269020621413714,0.0,0.20086591957280028
amazon_beauty_test_682,amazon_beauty,test,0.71750708568225,0.10007432045649085,0.18241859386125917,0.0
amazon_beauty_test_683,amazon_beauty,test,0.841553388283405,0.12863913438090852,0.029807477335686502,0.0
amazon_beauty_test_684,amazon_beauty,test,0.8035211414973633,0.0736043682064405,0.0,0.12287449029619621
amazon_beauty_test_685,amazon_beauty,test,0.8625475622039019,0.126591624078288,0.010860813717810025,0.0
amazon_beauty_test_686,amazon_beauty,test,0.7143448172107718,0.2454983272081211,0.040156855581107126,0.0
amazon_beauty_test_687,amazon_beauty,test,0.7508982915035348,0.11510838407459474,0.1339933244218704,0.0
amazon_beauty_test_688,amazon_beauty,test,0.882374615264566,0.07882355222659428,0.0,0.0388018325088398
amazon_beauty_test_689,amazon_beauty,test,0.9716213543612348,0.02315096995358703,0.0,0.005227675685178268
amazon_beauty_test_690,amazon_beauty,test,0.8067893121278918,0.16254300488247048,0.0,0.030667682989637627
amazon_beauty_test_691,amazon_beauty,test,0.594865162362892,0.1389904999083829,0.2661443377287251,0.0
amazon_beauty_test_692,amazon_beauty,test,0.7502312120195722,0.11789716675874043,0.0,0.13187162122168733
amazon_beauty_test_693,amazon_beauty,test,0.7743773616097414,0.1457332500200865,0.07988938837017208,0.0
amazon_beauty_test_694,amazon_beauty,test,0.6903509155268103,0.24236270219314401,0.0,0.0672863822800457
amazon_beauty_test_695,amazon_beauty,test,0.33989752675557255,0.23651447314865803,0.4235880000957694,0.0
amazon_beauty_test_696,amazon_beauty,test,0.8788108059779837,0.09597681562916544,0.0,0.025212378392850877
amazon_beauty_test_697,amazon_beauty,test,0.6642023237701323,0.1268298161345458,0.2089678600953219,0.0
amazon_beauty_test_698,amazon_beauty,test,0.2511773869899205,0.26061667630215596,0.4882059367079235,0.0
amazon_beauty_test_699,amazon_beauty,test,0.8002433009491711,0.14088333786644447,0.0,0.058873361184384417
amazon_beauty_test_700,amazon_beauty,test,0.6122351783875871,0.19362397694464578,0.0,0.1941408446677671
amazon_beauty_test_701,amazon_beauty,test,0.7225782275936223,0.12462541600367384,0.15279635640270378,0.0
amazon_beauty_test_702,amazon_beauty,test,0.9662702794956228,0.0028511766123202956,0.030878543892056864,0.0
amazon_beauty_test_703,amazon_beauty,test,0.7404644755640571,0.21542637165546566,0.0,0.04410915278047716
amazon_beauty_test_704,amazon_beauty,test,0.5669675423503429,0.29262808389778266,0.0,0.14040437375187456
amazon_beauty_test_705,amazon_beauty,test,0.5783930846630625,0.2603980725446179,0.0,0.16120884279231956
amazon_beauty_test_706,amazon_beauty,test,0.7337201438889804,0.15884572326331955,0.0,0.10743413284770001
amazon_beauty_test_707,amazon_beauty,test,0.19958666524795993,0.26792440475703283,0.5324889299950073,0.0
amazon_beauty_test_708,amazon_beauty,test,0.6746307104259152,0.2740445984086686,0.0513246911654162,0.0
amazon_beauty_test_709,amazon_beauty,test,0.6977436313840988,0.2267757118674392,0.0,0.07548065674846204
amazon_beauty_test_710,amazon_beauty,test,0.8036357607333344,0.1149387108196058,0.08142552844705975,0.0
amazon_beauty_test_711,amazon_beauty,test,0.3606842854022656,0.5701976942557098,0.06911802034202463,0.0
amazon_beauty_test_712,amazon_beauty,test,0.8702951698262223,0.064977746257099,0.06472708391667864,0.0
amazon_beauty_test_713,amazon_beauty,test,0.7693379423958768,0.11412066333408319,0.11654139427004001,0.0
amazon_beauty_test_714,amazon_beauty,test,0.7191693613199456,0.11303456550638702,0.16779607317366738,0.0
amazon_beauty_test_715,amazon_beauty,test,0.8369463913620003,0.09641118898781335,0.06664241965018627,0.0
amazon_beauty_test_716,amazon_beauty,test,0.8675121691971349,0.0661009046877076,0.0,0.06638692611515744
amazon_beauty_test_717,amazon_beauty,test,0.8447090761866106,0.08178235835221699,0.0,0.07350856546117243
amazon_beauty_test_718,amazon_beauty,test,0.8013462485634543,0.10772451157445412,0.09092923986209162,0.0
amazon_beauty_test_719,amazon_beauty,test,0.8463631365361959,0.09288545621154601,0.06075140725225815,0.0
amazon_beauty_test_720,amazon_beauty,test,0.6953529489226633,0.1801893533533332,0.0,0.12445769772400349
amazon_beauty_test_721,amazon_beauty,test,0.5215672111893065,0.1838294164518576,0.2946033723588359,0.0
amazon_beauty_test_722,amazon_beauty,test,0.6666332791687234,0.11846484764852333,0.2149018731827533,0.0
amazon_beauty_test_723,amazon_beauty,test,0.6678624990361126,0.2061208292526581,0.0,0.1260166717112293
amazon_beauty_test_724,amazon_beauty,test,0.7739431735873935,0.1256841472080719,0.0,0.10037267920453462
amazon_beauty_test_725,amazon_beauty,test,0.5366955392786683,0.15763070079528066,0.305673759926051,0.0
amazon_beauty_test_726,amazon_beauty,test,0.4319928757879628,0.18826284608186572,0.3797442781301715,0.0
amazon_beauty_test_727,amazon_beauty,test,0.8465953594056564,0.07856885280227066,0.07483578779207284,0.0
amazon_beauty_test_728,amazon_beauty,test,0.7523483960747142,0.13916884982290104,0.0,0.10848275410238484
amazon_beauty_test_729,amazon_beauty,test,0.62913092400432,0.15920531156182946,0.21166376443385052,0.0
amazon_beauty_test_730,amazon_beauty,test,0.891100789301056,0.03185683249747833,0.0,0.07704237820146574
amazon_beauty_test_731,amazon_beauty,test,0.7007921528372365,0.1015408766302833,0.19766697053248014,0.0
amazon_beauty_test_732,amazon_beauty,test,0.7465503855797384,0.21041382540584433,0.043035789014417264,0.0
amazon_beauty_test_733,amazon_beauty,test,0.8082908430214325,0.08325372245502123,0.10845543452354622,0.0
amazon_beauty_test_734,amazon_beauty,test,0.7278798387184197,0.10174695086640068,0.1703732104151797,0.0
amazon_beauty_test_735,amazon_beauty,test,0.8306746896432231,0.10827748116172517,0.06104782919505173,0.0
amazon_beauty_test_736,amazon_beauty,test,0.3641660469668033,0.22345318900347153,0.4123807640297252,0.0
amazon_beauty_test_737,amazon_beauty,test,0.6296489398679179,0.24222422605514624,0.12812683407693579,0.0
amazon_beauty_test_738,amazon_beauty,test,0.6863694630394531,0.13435284697089833,0.0,0.1792776899896486
amazon_beauty_test_739,amazon_beauty,test,0.7276532951064275,0.13471698733126627,0.0,0.13762971756230621
amazon_beauty_test_740,amazon_beauty,test,0.8548752007262274,0.05803645026935372,0.08708834900441896,0.0
amazon_beauty_test_741,amazon_beauty,test,0.7533450153819479,0.11570548101754671,0.13094950360050547,0.0
amazon_beauty_test_742,amazon_beauty,test,0.6608468064154203,0.21640581488267724,0.0,0.12274737870190251
amazon_beauty_test_743,amazon_beauty,test,0.9211003953706309,0.051050196627609096,0.0,0.027849408001760022
amazon_beauty_test_744,amazon_beauty,test,0.7849373919592155,0.12117224997205725,0.09389035806872723,0.0
amazon_beauty_test_745,amazon_beauty,test,0.786448318673618,0.17587230668687284,0.0,0.03767937463950915
amazon_beauty_test_746,amazon_beauty,test,0.7933904244997642,0.13597791515086075,0.07063166034937507,0.0
amazon_beauty_test_747,amazon_beauty,test,0.8043135111448274,0.11253672339011961,0.083149765465053,0.0
amazon_beauty_test_748,amazon_beauty,test,0.6658378217423859,0.14526011258152968,0.0,0.18890206567608445
amazon_beauty_test_749,amazon_beauty,test,0.768443358976379,0.07919836377475724,0.1523582772488637,0.0
amazon_beauty_test_750,amazon_beauty,test,0.8699173600429551,0.06224036237237637,0.0,0.06784227758466861
amazon_beauty_test_751,amazon_beauty,test,0.8279332791995304,0.12557146994596688,0.04649525085450267,0.0
amazon_beauty_test_752,amazon_beauty,test,0.8971063179366502,0.08285233589364357,0.0,0.020041346169706233
amazon_beauty_test_753,amazon_beauty,test,0.7820438828651926,0.20295227524972254,0.015003841885084948,0.0
amazon_beauty_test_754,amazon_beauty,test,0.6573492969354174,0.1399073117587622,0.2027433913058204,0.0
amazon_beauty_test_755,amazon_beauty,test,0.5180069347439179,0.18321763608903133,0.29877542916705074,0.0
amazon_beauty_test_756,amazon_beauty,test,0.9221259142506332,0.0,0.0266158853001877,0.051258200449179184
amazon_beauty_test_757,amazon_beauty,test,0.8383591019235306,0.10170909012930757,0.0,0.05993180794716188
amazon_beauty_test_758,amazon_beauty,test,0.6421384985754832,0.1641033892189124,0.0,0.19375811220560435
amazon_beauty_test_759,amazon_beauty,test,0.8912168754670454,0.06180012268288684,0.046983001850067756,0.0
amazon_beauty_test_760,amazon_beauty,test,0.511905127548844,0.18005562665301594,0.30803924579814007,0.0
amazon_beauty_test_761,amazon_beauty,test,0.8440391653382266,0.08829020070500875,0.0,0.06767063395676463
amazon_beauty_test_762,amazon_beauty,test,0.8602718961378317,0.051918399446947906,0.0,0.08780970441522035
amazon_beauty_test_763,amazon_beauty,test,0.9025159991865224,0.06857629855444485,0.0,0.028907702259032764
amazon_beauty_test_764,amazon_beauty,test,0.8448638624752597,0.0898767399528208,0.06525939757191947,0.0
amazon_beauty_test_765,amazon_beauty,test,0.5967043164471119,0.13131651997210494,0.27197916358078317,0.0
amazon_beauty_test_766,amazon_beauty,test,0.8482949832349109,0.07638973223199014,0.07531528453309896,0.0
amazon_beauty_test_767,amazon_beauty,test,0.819657691803435,0.12088890478063431,0.0,0.05945340341593068
amazon_beauty_test_768,amazon_beauty,test,0.6897167251840207,0.11720459392481047,0.0,0.19307868089116878
amazon_beauty_test_769,amazon_beauty,test,0.7948126430337399,0.11288422982034371,0.0923031271459164,0.0
amazon_beauty_test_770,amazon_beauty,test,0.695482930687655,0.21848939515262777,0.0,0.08602767415971721
amazon_beauty_test_771,amazon_beauty,test,0.877947329315107,0.03690781370152566,0.08514485698336735,0.0
amazon_beauty_test_772,amazon_beauty,test,0.2368722286838072,0.25835878714702953,0.5047689841691633,0.0
amazon_beauty_test_773,amazon_beauty,test,0.28000108468693224,0.25271578490658136,0.46728313040648645,0.0
amazon_beauty_test_774,amazon_beauty,test,0.4760189112663055,0.20762517363953487,0.3163559150941596,0.0
amazon_beauty_test_775,amazon_beauty,test,0.5510199631863476,0.3012653657315569,0.0,0.1477146710820955
amazon_beauty_test_776,amazon_beauty,test,0.6281045668001689,0.27227063277785596,0.09962480042197512,0.0
amazon_beauty_test_777,amazon_beauty,test,0.8499853491617568,0.14567734053348916,0.00433731030475399,0.0
amazon_beauty_test_778,amazon_beauty,test,0.8429250331019931,0.09655355716096996,0.0,0.06052140973703701
amazon_beauty_test_779,amazon_beauty,test,0.4972687026757656,0.25770798948520524,0.0,0.24502330783902918
amazon_beauty_test_780,amazon_beauty,test,0.6942363359360122,0.2637250047609979,0.0,0.04203865930298991
amazon_beauty_test_781,amazon_beauty,test,0.6898247386825554,0.1555343292744299,0.0,0.1546409320430146
amazon_beauty_test_782,amazon_beauty,test,0.7697989038100194,0.12584820295297955,0.10435289323700113,0.0
amazon_beauty_test_783,amazon_beauty,test,0.8328898294854297,0.11694639081054636,0.0,0.050163779704024
amazon_beauty_test_784,amazon_beauty,test,0.9175571647011266,0.03761841573369422,0.044824419565179185,0.0
amazon_beauty_test_785,amazon_beauty,test,0.8373090441055127,0.11925905339986,0.043431902494627375,0.0
amazon_beauty_test_786,amazon_beauty,test,0.7050158631754327,0.10143172464338229,0.193552412181185,0.0
amazon_beauty_test_787,amazon_beauty,test,0.4788429209177916,0.20114171913376003,0.3200153599484483,0.0
amazon_beauty_test_788,amazon_beauty,test,0.5614710834380651,0.36485159793140864,0.0,0.07367731863052629
amazon_beauty_test_789,amazon_beauty,test,0.902044521110946,0.03138198561789004,0.0,0.06657349327116392
amazon_beauty_test_790,amazon_beauty,test,0.7621014938831424,0.09720644719387533,0.14069205892298223,0.0
amazon_beauty_test_791,amazon_beauty,test,0.6295525045883925,0.26376780804861416,0.0,0.10667968736299333
amazon_beauty_test_792,amazon_beauty,test,0.7074071096606822,0.1353984925485663,0.15719439779075148,0.0
amazon_beauty_test_793,amazon_beauty,test,0.9153228978942236,0.07011180296608988,0.0,0.01456529913968649
amazon_beauty_test_794,amazon_beauty,test,0.7055036953060903,0.129337636509811,0.16515866818409872,0.0
amazon_beauty_test_795,amazon_beauty,test,0.6794156263962126,0.18632201032919088,0.0,0.1342623632745966
amazon_beauty_test_796,amazon_beauty,test,0.9040378219369885,0.06098141367384708,0.034980764389164455,0.0
amazon_beauty_test_797,amazon_beauty,test,0.7071466548572768,0.12969967159425477,0.1631536735484685,0.0
amazon_beauty_test_798,amazon_beauty,test,0.683590822295876,0.3078904389281379,0.0,0.008518738775986072
amazon_beauty_test_799,amazon_beauty,test,0.7873140046142036,0.09724038689748614,0.11544560848831019,0.0
dravidian_kannada_test_0,dravidian_kannada,test,0.0,0.4013677663788534,0.3336976737621573,0.2649345598589893
dravidian_kannada_test_1,dravidian_kannada,test,0.0,0.38660346090635467,0.35779286966589935,0.255603669427746
dravidian_kannada_test_2,dravidian_kannada,test,0.0,0.4682129473060643,0.16406478283571008,0.36772226985822565
dravidian_kannada_test_3,dravidian_kannada,test,0.0,0.33042522280769937,0.29825407210992116,0.37132070508237947
dravidian_kannada_test_4,dravidian_kannada,test,0.0,0.3807291766090112,0.2985296031681299,0.3207412202228589
dravidian_kannada_test_5,dravidian_kannada,test,0.0,0.4147842972284206,0.36236449988416186,0.22285120288741755
dravidian_kannada_test_6,dravidian_kannada,test,0.0,0.3746232383879673,0.3901379280555259,0.23523883355650685
dravidian_kannada_test_7,dravidian_kannada,test,0.0,0.47556323395512806,0.24407608878927722,0.2803606772555947
dravidian_kannada_test_8,dravidian_kannada,test,0.0,0.39404185830108834,0.3163649171187914,0.2895932245801202
dravidian_kannada_test_9,dravidian_kannada,test,0.0,0.3788844927591903,0.3315527407521223,0.28956276648868745
dravidian_kannada_test_10,dravidian_kannada,test,0.0,0.39362909706900223,0.3073953739991718,0.298975528931826
dravidian_kannada_test_11,dravidian_kannada,test,0.0,0.33823155640813385,0.327769644837413,0.3339987987544532
dravidian_kannada_test_12,dravidian_kannada,test,0.0,0.37505682348534347,0.2854484600380884,0.3394947164765681
dravidian_kannada_test_13,dravidian_kannada,test,0.0,0.37604554884443275,0.3370135032742529,0.28694094788131436
dravidian_kannada_test_14,dravidian_kannada,test,0.0,0.38486782106109424,0.25103287630383636,0.36409930263506934
dravidian_kannada_test_15,dravidian_kannada,test,0.0,0.4077237702009991,0.2599950682266218,0.3322811615723792
dravidian_kannada_test_16,dravidian_kannada,test,0.0,0.3568655097229476,0.3415334976351938,0.3016009926418586
dravidian_kannada_test_17,dravidian_kannada,test,0.0,0.3866614079624929,0.24174374186428468,0.37159485017322247
dravidian_kannada_test_18,dravidian_kannada,test,0.0,0.4030211560298544,0.3198571223830575,0.2771217215870881
dravidian_kannada_test_19,dravidian_kannada,test,0.0,0.38006072857418094,0.32186144315899257,0.2980778282668265
dravidian_kannada_test_20,dravidian_kannada,test,0.0,0.3651764533827132,0.34819460305785144,0.2866289435594354
dravidian_kannada_test_21,dravidian_kannada,test,0.0,0.3528373311307076,0.2887749951342858,0.35838767373500663
dravidian_kannada_test_22,dravidian_kannada,test,0.0,0.3850032748910688,0.34949367739499065,0.26550304771394057
dravidian_kannada_test_23,dravidian_kannada,test,0.0,0.41708148267457185,0.2473314324684976,0.3355870848569305
dravidian_kannada_test_24,dravidian_kannada,test,0.0,0.35421112790946113,0.3370791126463413,0.3087097594441976
dravidian_kannada_test_25,dravidian_kannada,test,0.0,0.34336582822289974,0.2507716250397285,0.40586254673737177
dravidian_kannada_test_26,dravidian_kannada,test,0.0,0.3630472368246565,0.3768403862882516,0.2601123768870918
dravidian_kannada_test_27,dravidian_kannada,test,0.0,0.4061408220144485,0.37151208352906057,0.2223470944564909
dravidian_kannada_test_28,dravidian_kannada,test,0.0,0.4357734446179133,0.31648437178084327,0.24774218360124348
dravidian_kannada_test_29,dravidian_kannada,test,0.0,0.3576544591566408,0.292188756386698,0.3501567844566612
dravidian_kannada_test_30,dravidian_kannada,test,0.0,0.3574133471937386,0.39124723776695486,0.25133941503930657
dravidian_kannada_test_31,dravidian_kannada,test,0.0,0.44918045869232504,0.3420971479221471,0.20872239338552784
dravidian_kannada_test_32,dravidian_kannada,test,0.0,0.3715086083451205,0.2790903145210108,0.3494010771338687
dravidian_kannada_test_33,dravidian_kannada,test,0.0,0.37839842138097873,0.3641317888733956,0.2574697897456257
dravidian_kannada_test_34,dravidian_kannada,test,0.0,0.36686736325574015,0.3050894590041869,0.328043177740073
dravidian_kannada_test_35,dravidian_kannada,test,0.0,0.38218041361110155,0.28031443982771537,0.33750514656118313
dravidian_kannada_test_36,dravidian_kannada,test,0.0,0.34402504139236795,0.3319268510376479,0.32404810756998415
dravidian_kannada_test_37,dravidian_kannada,test,0.0,0.3501715890183028,0.3273751843518378,0.3224532266298593
dravidian_kannada_test_38,dravidian_kannada,test,0.0,0.3984256617917164,0.3152913060198365,0.2862830321884471
dravidian_kannada_test_39,dravidian_kannada,test,0.0,0.3535811977244983,0.26543517407700373,0.38098362819849796
dravidian_kannada_test_40,dravidian_kannada,test,0.0,0.346110943901916,0.24210827392811304,0.41178078216997094
dravidian_kannada_test_41,dravidian_kannada,test,0.0,0.4118654210841284,0.2867646942720853,0.30136988464378633
dravidian_kannada_test_42,dravidian_kannada,test,0.0,0.42839257857152463,0.3366308214204064,0.23497660000806897
dravidian_kannada_test_43,dravidian_kannada,test,0.0,0.3718188915168128,0.31230340814822327,0.31587770033496393
dravidian_kannada_test_44,dravidian_kannada,test,0.0,0.4026503621964265,0.3268195425870262,0.27053009521654725
dravidian_kannada_test_45,dravidian_kannada,test,0.0,0.37376722766660364,0.29109389425911303,0.3351388780742834
dravidian_kannada_test_46,dravidian_kannada,test,0.0,0.4175692911469099,0.3381807923256435,0.24424991652744654
dravidian_kannada_test_47,dravidian_kannada,test,0.0,0.3580141092529596,0.2917691394731368,0.35021675127390356
dravidian_kannada_test_48,dravidian_kannada,test,0.0,0.3254040313372924,0.25700859549472566,0.41758737316798195
dravidian_kannada_test_49,dravidian_kannada,test,0.0,0.3815832482420084,0.28822167326666803,0.33019507849132357
dravidian_kannada_test_50,dravidian_kannada,test,0.0,0.45923042738710024,0.37646390060690443,0.16430567200599536
dravidian_kannada_test_51,dravidian_kannada,test,0.0,0.36373441104080373,0.2895545197679754,0.34671106919122086
dravidian_kannada_test_52,dravidian_kannada,test,0.0,0.34656554362089487,0.272283699784903,0.3811507565942021
dravidian_kannada_test_53,dravidian_kannada,test,0.0,0.36719318953237584,0.2944656285180035,0.3383411819496206
dravidian_kannada_test_54,dravidian_kannada,test,0.08104054361239202,0.7984733227252062,0.12048613366240177,0.0
dravidian_kannada_test_55,dravidian_kannada,test,0.0,0.36315432171998785,0.31368621557849224,0.3231594627015199
dravidian_kannada_test_56,dravidian_kannada,test,0.0,0.368601974811472,0.3129987683213038,0.31839925686722426
dravidian_kannada_test_57,dravidian_kannada,test,0.0,0.42705691074095997,0.24881318522589554,0.3241299040331445
dravidian_kannada_test_58,dravidian_kannada,test,0.0,0.4137067725351563,0.3066147360908209,0.27967849137402284
dravidian_kannada_test_59,dravidian_kannada,test,0.0,0.34991450845119715,0.24785205532775784,0.402233436221045
dravidian_kannada_test_60,dravidian_kannada,test,0.0,0.34632477175462645,0.30299905003732486,0.3506761782080487
dravidian_kannada_test_61,dravidian_kannada,test,0.0,0.5137314932731774,0.27880605248704116,0.20746245423978152
dravidian_kannada_test_62,dravidian_kannada,test,0.0,0.3306778384422249,0.2649642502935147,0.40435791126426035
dravidian_kannada_test_63,dravidian_kannada,test,0.0,0.39363954694530645,0.3138489986638365,0.29251145439085713
dravidian_kannada_test_64,dravidian_kannada,test,0.0,0.43208656639546106,0.1178382754515454,0.45007515815299354
dravidian_kannada_test_65,dravidian_kannada,test,0.0,0.3686049997234861,0.3030680361560412,0.3283269641204727
dravidian_kannada_test_66,dravidian_kannada,test,0.0,0.4278333401687769,0.3818332464255513,0.19033341340567186
dravidian_kannada_test_67,dravidian_kannada,test,0.0,0.4739537523052915,0.27912598821238344,0.24692025948232502
dravidian_kannada_test_68,dravidian_kannada,test,0.0,0.3488299259898669,0.35323314209864126,0.29793693191149184
dravidian_kannada_test_69,dravidian_kannada,test,0.0,0.3505567640149488,0.32538678835867546,0.3240564476263757
dravidian_kannada_test_70,dravidian_kannada,test,0.0,0.4118804166165531,0.3114886254244946,0.27663095795895226
dravidian_kannada_test_71,dravidian_kannada,test,0.0,0.36613621056431456,0.35956397674224244,0.274299812693443
dravidian_kannada_test_72,dravidian_kannada,test,0.0,0.38071627718573997,0.3769405458047668,0.2423431770094932
dravidian_kannada_test_73,dravidian_kannada,test,0.0,0.372197921467175,0.3157871480790984,0.3120149304537266
dravidian_kannada_test_74,dravidian_kannada,test,0.0,0.40816484156602073,0.31639467086943385,0.2754404875645454
dravidian_kannada_test_75,dravidian_kannada,test,0.0,0.3633658942176621,0.3376131947940293,0.29902091098830863
dravidian_kannada_test_76,dravidian_kannada,test,0.0,0.3738690250410057,0.2884560614043832,0.3376749135546111
dravidian_kannada_test_77,dravidian_kannada,test,0.0,0.3667162058993898,0.3377089401140591,0.29557485398655114
dravidian_kannada_test_78,dravidian_kannada,test,0.0,0.39053058775489796,0.33472578938157815,0.2747436228635239
dravidian_kannada_test_79,dravidian_kannada,test,0.0,0.405903764950001,0.3847836492732489,0.20931258577675013
dravidian_kannada_test_80,dravidian_kannada,test,0.0,0.3803870424135982,0.32230799006909705,0.29730496751730473
dravidian_kannada_test_81,dravidian_kannada,test,0.0,0.34446616884276504,0.30826470688885177,0.3472691242683832
dravidian_kannada_test_82,dravidian_kannada,test,0.0,0.37168487562599056,0.32986909180323803,0.2984460325707714
dravidian_kannada_test_83,dravidian_kannada,test,0.0,0.3354530628109563,0.29300994704354333,0.37153699014550035
dravidian_kannada_test_84,dravidian_kannada,test,0.0,0.34780334350471037,0.310840429696719,0.34135622679857064
dravidian_kannada_test_85,dravidian_kannada,test,0.0,0.4306714362383032,0.3293639805458278,0.23996458321586905
dravidian_kannada_test_86,dravidian_kannada,test,0.0,0.3827292192020533,0.3343868953879481,0.28288388540999865
dravidian_kannada_test_87,dravidian_kannada,test,0.0,0.36085950372675124,0.19010765261690304,0.4490328436563457
dravidian_kannada_test_88,dravidian_kannada,test,0.0,0.35350921780456523,0.29164834646041027,0.3548424357350245
dravidian_kannada_test_89,dravidian_kannada,test,0.0,0.3895639524135911,0.30612207170952155,0.30431397587688735
dravidian_kannada_test_90,dravidian_kannada,test,0.0,0.36195542213914184,0.2967663851609694,0.3412781926998888
dravidian_kannada_test_91,dravidian_kannada,test,0.26278614124709193,0.4276904031047467,0.0,0.30952345564816136
dravidian_kannada_test_92,dravidian_kannada,test,0.0,0.3415433965266065,0.32101475652523515,0.3374418469481584
dravidian_kannada_test_93,dravidian_kannada,test,0.0,0.33845009533496545,0.3209333417228873,0.3406165629421473
dravidian_kannada_test_94,dravidian_kannada,test,0.0,0.3973748928689653,0.3641672952191217,0.23845781191191298
dravidian_kannada_test_95,dravidian_kannada,test,0.0,0.35461665663991887,0.31233011482781226,0.3330532285322688
dravidian_kannada_test_96,dravidian_kannada,test,0.0,0.37362177189801465,0.28630670943429337,0.340071518667692
dravidian_kannada_test_97,dravidian_kannada,test,0.0,0.4363118302600749,0.25097519974557186,0.3127129699943533
dravidian_kannada_test_98,dravidian_kannada,test,0.0,0.4164157180582164,0.3352291876169012,0.2483550943248824
dravidian_kannada_test_99,dravidian_kannada,test,0.0,0.33568841147925366,0.32593342708838086,0.3383781614323655
dravidian_kannada_test_100,dravidian_kannada,test,0.0,0.37344348930858356,0.329951254265441,0.29660525642597546
dravidian_kannada_test_101,dravidian_kannada,test,0.0,0.38327841731956724,0.37627628205304364,0.2404453006273891
dravidian_kannada_test_102,dravidian_kannada,test,0.0,0.3691613724632835,0.31950571002340594,0.31133291751331055
dravidian_kannada_test_103,dravidian_kannada,test,0.0,0.36012465318548864,0.31953041033550944,0.320344936479002
dravidian_kannada_test_104,dravidian_kannada,test,0.0,0.4062205266693355,0.3010944571478976,0.2926850161827669
dravidian_kannada_test_105,dravidian_kannada,test,0.0,0.33635773979460654,0.2879251240740607,0.37571713613133273
dravidian_kannada_test_106,dravidian_kannada,test,0.0,0.36045639896506165,0.35785855217389184,0.2816850488610465
dravidian_kannada_test_107,dravidian_kannada,test,0.0,0.39326913562526983,0.35065279630819685,0.2560780680665334
dravidian_kannada_test_108,dravidian_kannada,test,0.0,0.38488755065008445,0.30824261982999396,0.3068698295199216
dravidian_kannada_test_109,dravidian_kannada,test,0.0,0.40586833635365116,0.3147668554468682,0.2793648081994806
dravidian_kannada_test_110,dravidian_kannada,test,0.0,0.31960753260086483,0.23028622975130367,0.4501062376478315
dravidian_kannada_test_111,dravidian_kannada,test,0.0,0.4016047713457708,0.32286495587579367,0.27553027277843556
dravidian_kannada_test_112,dravidian_kannada,test,0.0,0.3932764143430492,0.308169929476193,0.2985536561807578
dravidian_kannada_test_113,dravidian_kannada,test,0.0,0.4084883937347792,0.3283779272069906,0.26313367905823015
dravidian_kannada_test_114,dravidian_kannada,test,0.0,0.41028163277460344,0.32098949245939234,0.2687288747660042
dravidian_kannada_test_115,dravidian_kannada,test,0.0,0.348198204279065,0.31506220083455483,0.33673959488638017
dravidian_kannada_test_116,dravidian_kannada,test,0.0,0.3856726514097863,0.3235323681881401,0.2907949804020736
dravidian_kannada_test_117,dravidian_kannada,test,0.0,0.40141514476486,0.34889472513312125,0.2496901301020187
dravidian_kannada_test_118,dravidian_kannada,test,0.0,0.40571888939202794,0.30472708434659945,0.28955402626137267
dravidian_kannada_test_119,dravidian_kannada,test,0.0,0.3597264327955889,0.3546188423172023,0.2856547248872088
dravidian_kannada_test_120,dravidian_kannada,test,0.0,0.3597069491415427,0.32207544040554087,0.31821761045291647
dravidian_kannada_test_121,dravidian_kannada,test,0.0,0.38851023247267985,0.38927281543696324,0.22221695209035688
dravidian_kannada_test_122,dravidian_kannada,test,0.0,0.34586119437399127,0.261198786661226,0.39294001896478276
dravidian_kannada_test_123,dravidian_kannada,test,0.0,0.3407143023832829,0.285956080526227,0.37332961709049006
dravidian_kannada_test_124,dravidian_kannada,test,0.0,0.361422758041034,0.2977584898718699,0.3408187520870961
dravidian_kannada_test_125,dravidian_kannada,test,0.0,0.3627829740866042,0.3120526815454732,0.3251643443679226
dravidian_kannada_test_126,dravidian_kannada,test,0.0,0.350072981122983,0.31654888584977453,0.33337813302724245
dravidian_kannada_test_127,dravidian_kannada,test,0.0,0.3513695040009614,0.27696530298527067,0.37166519301376794
dravidian_kannada_test_128,dravidian_kannada,test,0.0,0.374442997657724,0.35584676883596095,0.269710233506315
dravidian_kannada_test_129,dravidian_kannada,test,0.0,0.3678362511398663,0.29322832746757505,0.33893542139255867
dravidian_kannada_test_130,dravidian_kannada,test,0.0,0.33996691224760595,0.29917943690081594,0.3608536508515781
dravidian_kannada_test_131,dravidian_kannada,test,0.0,0.4711814511049376,0.31782287847344237,0.21099567042162004
dravidian_kannada_test_132,dravidian_kannada,test,0.0,0.3910892779327664,0.3160941072880587,0.2928166147791749
dravidian_kannada_test_133,dravidian_kannada,test,0.0,0.4190236246820148,0.3155418841632801,0.26543449115470513
dravidian_kannada_test_134,dravidian_kannada,test,0.0,0.34657198308711207,0.3372223891371516,0.31620562777573635
dravidian_kannada_test_135,dravidian_kannada,test,0.0,0.44195047156462725,0.33756412301328,0.2204854054220928
dravidian_kannada_test_136,dravidian_kannada,test,0.0,0.40102465110436647,0.18426971599857855,0.414705632897055
dravidian_kannada_test_137,dravidian_kannada,test,0.0,0.36383762359045935,0.30715499735491253,0.32900737905462807
dravidian_kannada_test_138,dravidian_kannada,test,0.0,0.39356592069282953,0.33016207513087886,0.2762720041762916
dravidian_kannada_test_139,dravidian_kannada,test,0.0,0.37293899630609584,0.3201264561962794,0.3069345474976248
dravidian_kannada_test_140,dravidian_kannada,test,0.0,0.355074999801499,0.3470928148119645,0.2978321853865365
dravidian_kannada_test_141,dravidian_kannada,test,0.0,0.3820532604326077,0.38038636474204085,0.2375603748253515
dravidian_kannada_test_142,dravidian_kannada,test,0.0,0.3473646002863289,0.3294703358087391,0.32316506390493205
dravidian_kannada_test_143,dravidian_kannada,test,0.0,0.35961899845954076,0.35918637943688553,0.2811946221035737
dravidian_kannada_test_144,dravidian_kannada,test,0.0,0.3447856650560023,0.291877507214012,0.3633368277299857
dravidian_kannada_test_145,dravidian_kannada,test,0.0,0.39926987372088296,0.37030137292281634,0.2304287533563007
dravidian_kannada_test_146,dravidian_kannada,test,0.0,0.3379489970615591,0.28079138304264445,0.3812596198957965
dravidian_kannada_test_147,dravidian_kannada,test,0.0,0.36305661637814785,0.37336704141557864,0.2635763422062735
dravidian_kannada_test_148,dravidian_kannada,test,0.0,0.3682231588010941,0.3190932158241751,0.3126836253747308
dravidian_kannada_test_149,dravidian_kannada,test,0.0,0.42949515427974627,0.35361168241415214,0.21689316330610162
dravidian_kannada_test_150,dravidian_kannada,test,0.0,0.3782202370831624,0.35139031569344736,0.27038944722339026
dravidian_kannada_test_151,dravidian_kannada,test,0.0,0.40852558695672325,0.3518060563367227,0.2396683567065541
dravidian_kannada_test_152,dravidian_kannada,test,0.0,0.36329680986735363,0.3265852873850541,0.3101179027475923
dravidian_kannada_test_153,dravidian_kannada,test,0.0,0.31353867008477065,0.2951763816808554,0.39128494823437393
dravidian_kannada_test_154,dravidian_kannada,test,0.0,0.34126101891516586,0.30874239963032557,0.34999658145450857
dravidian_kannada_test_155,dravidian_kannada,test,0.09323100979343264,0.4414410336597811,0.0,0.46532795654678627
dravidian_kannada_test_156,dravidian_kannada,test,0.0,0.3419203572410771,0.3127301316502978,0.3453495111086251
dravidian_kannada_test_157,dravidian_kannada,test,0.0,0.3675205408928183,0.31790844460580236,0.3145710145013793
dravidian_kannada_test_158,dravidian_kannada,test,0.0,0.4214660318673552,0.31677249213215675,0.26176147600048805
dravidian_kannada_test_159,dravidian_kannada,test,0.0,0.3930480289300726,0.3558261299505047,0.25112584111942265
dravidian_kannada_test_160,dravidian_kannada,test,0.0,0.4102867116614091,0.2727947845490602,0.3169185037895307
dravidian_kannada_test_161,dravidian_kannada,test,0.0,0.37988258743260045,0.3109470250502093,0.3091703875171902
dravidian_kannada_test_162,dravidian_kannada,test,0.0,0.39057143466121025,0.32556472067694014,0.28386384466184966
dravidian_kannada_test_163,dravidian_kannada,test,0.0,0.3786781028246728,0.3400404340277195,0.2812814631476077
dravidian_kannada_test_164,dravidian_kannada,test,0.0,0.3651639585238668,0.28848574709533176,0.34635029438080145
dravidian_kannada_test_165,dravidian_kannada,test,0.0,0.3603578803472159,0.3312257322414558,0.3084163874113283
dravidian_kannada_test_166,dravidian_kannada,test,0.0,0.3714418082087408,0.3769536357560946,0.25160455603516463
dravidian_kannada_test_167,dravidian_kannada,test,0.0,0.37160705069527955,0.34206988244430037,0.2863230668604201
dravidian_kannada_test_168,dravidian_kannada,test,0.0,0.3538108968681772,0.28051187294741214,0.3656772301844107
dravidian_kannada_test_169,dravidian_kannada,test,0.0,0.38519748381882685,0.3722933823066135,0.24250913387455963
dravidian_kannada_test_170,dravidian_kannada,test,0.0,0.37409145877975464,0.3400502893797521,0.2858582518404933
dravidian_kannada_test_171,dravidian_kannada,test,0.0,0.389665396670275,0.3121861805273921,0.2981484228023329
dravidian_kannada_test_172,dravidian_kannada,test,0.0,0.524060097526688,0.13716030400210869,0.33877959847120326
dravidian_kannada_test_173,dravidian_kannada,test,0.0,0.3485721967870314,0.3323294488177242,0.3190983543952444
dravidian_kannada_test_174,dravidian_kannada,test,0.0,0.3823009028598349,0.34856757768337426,0.2691315194567908
dravidian_kannada_test_175,dravidian_kannada,test,0.0,0.37393903237776244,0.3187988143936705,0.30726215322856704
dravidian_kannada_test_176,dravidian_kannada,test,0.0,0.3666240209785372,0.31125692836608926,0.3221190506553736
dravidian_kannada_test_177,dravidian_kannada,test,0.0,0.35846687585909465,0.2835130002704185,0.3580201238704868
dravidian_kannada_test_178,dravidian_kannada,test,0.0,0.3825332316174964,0.29219981308739434,0.32526695529510924
dravidian_kannada_test_179,dravidian_kannada,test,0.0,0.36281810170995743,0.3241318104159653,0.31305008787407723
dravidian_kannada_test_180,dravidian_kannada,test,0.0,0.45222644533847334,0.3244798853788762,0.22329366928265046
dravidian_kannada_test_181,dravidian_kannada,test,0.0,0.3624756856728824,0.32389128439879394,0.31363302992832365
dravidian_kannada_test_182,dravidian_kannada,test,0.0,0.39587321857281504,0.293086274710119,0.31104050671706596
dravidian_kannada_test_183,dravidian_kannada,test,0.0,0.36688945054152927,0.32974125308608604,0.3033692963723847
dravidian_kannada_test_184,dravidian_kannada,test,0.0,0.45407082561565676,0.22849531349646957,0.3174338608878737
dravidian_kannada_test_185,dravidian_kannada,test,0.0,0.34401575637630455,0.3017541384209858,0.3542301052027096
dravidian_kannada_test_186,dravidian_kannada,test,0.0,0.33908168846625664,0.31180296435441174,0.3491153471793316
dravidian_kannada_test_187,dravidian_kannada,test,0.0,0.35949828156063895,0.30126570867122165,0.33923600976813933
dravidian_kannada_test_188,dravidian_kannada,test,0.0,0.4032763112974808,0.3517902117271187,0.2449334769754005
dravidian_kannada_test_189,dravidian_kannada,test,0.0,0.3429169543391865,0.3061698917151007,0.3509131539457128
dravidian_kannada_test_190,dravidian_kannada,test,0.0,0.35028880037199506,0.27198811464618455,0.37772308498182045
dravidian_kannada_test_191,dravidian_kannada,test,0.0,0.38675523132210265,0.33214407764336,0.28110069103453733
dravidian_kannada_test_192,dravidian_kannada,test,0.0,0.38339876213039725,0.30853651867931753,0.3080647191902853
dravidian_kannada_test_193,dravidian_kannada,test,0.0,0.3782789217168515,0.31445622522865235,0.30726485305449613
dravidian_kannada_test_194,dravidian_kannada,test,0.0,0.3672459079924,0.3276869190318049,0.3050671729757951
dravidian_kannada_test_195,dravidian_kannada,test,0.0,0.4139887758183914,0.30088326481302274,0.28512795936858587
dravidian_kannada_test_196,dravidian_kannada,test,0.0,0.3509498546940531,0.3554708600585885,0.29357928524735843
dravidian_kannada_test_197,dravidian_kannada,test,0.0,0.42805277900040517,0.32075213313230716,0.2511950878672877
dravidian_kannada_test_198,dravidian_kannada,test,0.0,0.3861406799076138,0.319373387607232,0.2944859324851542
dravidian_kannada_test_199,dravidian_kannada,test,0.0,0.38472959826952297,0.32577875874716755,0.2894916429833095
dravidian_kannada_test_200,dravidian_kannada,test,0.0,0.35223513158981684,0.3251045635340277,0.32266030487615543
dravidian_kannada_test_201,dravidian_kannada,test,0.0,0.3866335285209633,0.2977253513871306,0.31564112009190615
dravidian_kannada_test_202,dravidian_kannada,test,0.0,0.3806598216618278,0.35759054515222166,0.2617496331859505
dravidian_kannada_test_203,dravidian_kannada,test,0.0,0.3630797613233275,0.3039851276304119,0.33293511104626067
dravidian_kannada_test_204,dravidian_kannada,test,0.0,0.41504386676519944,0.32787963255456903,0.2570765006802315
dravidian_kannada_test_205,dravidian_kannada,test,0.0,0.3826869720823431,0.29946112394149343,0.3178519039761635
dravidian_kannada_test_206,dravidian_kannada,test,0.0,0.4008389875591649,0.3368461584182467,0.26231485402258836
dravidian_kannada_test_207,dravidian_kannada,test,0.0,0.37730893166617174,0.3832296897785145,0.23946137855531374
dravidian_kannada_test_208,dravidian_kannada,test,0.0,0.35790507937952304,0.3199044618616739,0.32219045875880303
dravidian_kannada_test_209,dravidian_kannada,test,0.0,0.354961324001006,0.3323867254320852,0.3126519505669088
dravidian_kannada_test_210,dravidian_kannada,test,0.0,0.35800385834141607,0.33307078843302185,0.3089253532255621
dravidian_kannada_test_211,dravidian_kannada,test,0.0,0.3568862068692664,0.30948385189362687,0.3336299412371067
dravidian_kannada_test_212,dravidian_kannada,test,0.0,0.3695092610411071,0.3394835693051968,0.2910071696536961
dravidian_kannada_test_213,dravidian_kannada,test,0.0,0.3424183889870444,0.34331927124512274,0.31426233976783285
dravidian_kannada_test_214,dravidian_kannada,test,0.0,0.38902007724580057,0.2592652478861083,0.35171467486809116
dravidian_kannada_test_215,dravidian_kannada,test,0.0,0.4150110679791616,0.3334972874290604,0.25149164459177803
dravidian_kannada_test_216,dravidian_kannada,test,0.0,0.40042069227120475,0.35689884894326285,0.24268045878553246
dravidian_kannada_test_217,dravidian_kannada,test,0.0,0.4427142470583842,0.3716791140853588,0.18560663885625706
dravidian_kannada_test_218,dravidian_kannada,test,0.0,0.33889624162212606,0.320993184581884,0.3401105737959899
dravidian_kannada_test_219,dravidian_kannada,test,0.0,0.37401669789695935,0.37122878288993716,0.2547545192131035
dravidian_kannada_test_220,dravidian_kannada,test,0.0,0.4530078873527197,0.3200921811350516,0.22689993151222868
dravidian_kannada_test_221,dravidian_kannada,test,0.0,0.3967494129979785,0.2229086302703566,0.3803419567316649
dravidian_kannada_test_222,dravidian_kannada,test,0.0,0.3613686482938354,0.28670563631145646,0.3519257153947081
dravidian_kannada_test_223,dravidian_kannada,test,0.0,0.3935205390081752,0.3378692036450665,0.2686102573467583
dravidian_kannada_test_224,dravidian_kannada,test,0.0,0.46330058464108315,0.3273708459712515,0.2093285693876654
dravidian_kannada_test_225,dravidian_kannada,test,0.0,0.35915950652471307,0.29640998116847966,0.34443051230680727
dravidian_kannada_test_226,dravidian_kannada,test,0.0,0.43892531469059753,0.3070931161005541,0.2539815692088484
dravidian_kannada_test_227,dravidian_kannada,test,0.0,0.41154216124720655,0.17387312697134688,0.41458471178144657
dravidian_kannada_test_228,dravidian_kannada,test,0.0,0.39188947633202065,0.34018746786620546,0.2679230558017739
dravidian_kannada_test_229,dravidian_kannada,test,0.0,0.35089001401999126,0.33611368112750245,0.3129963048525063
dravidian_kannada_test_230,dravidian_kannada,test,0.0,0.37508563474472173,0.3309808908525073,0.29393347440277096
dravidian_kannada_test_231,dravidian_kannada,test,0.0,0.3595502252651635,0.3047633277775755,0.3356864469572611
dravidian_kannada_test_232,dravidian_kannada,test,0.0,0.3792800952786427,0.28094921069547285,0.3397706940258844
dravidian_kannada_test_233,dravidian_kannada,test,0.0,0.39753089666053115,0.14711981768779034,0.4553492856516785
dravidian_kannada_test_234,dravidian_kannada,test,0.0,0.379215170408813,0.33263055465455726,0.28815427493662976
dravidian_kannada_test_235,dravidian_kannada,test,0.0,0.3936806420618116,0.29983610308200326,0.3064832548561851
dravidian_kannada_test_236,dravidian_kannada,test,0.0,0.35552032722293797,0.30124892398883835,0.3432307487882237
dravidian_kannada_test_237,dravidian_kannada,test,0.0,0.37534620319615153,0.3337368448857871,0.29091695191806133
dravidian_kannada_test_238,dravidian_kannada,test,0.0,0.36477835006261383,0.3211284781938631,0.3140931717435231
dravidian_kannada_test_239,dravidian_kannada,test,0.0,0.3577679576541362,0.3209968476094818,0.321235194736382
dravidian_kannada_test_240,dravidian_kannada,test,0.0,0.3866192188682548,0.32131167269900274,0.2920691084327425
dravidian_kannada_test_241,dravidian_kannada,test,0.0,0.3906175398833272,0.3431502752182813,0.2662321848983915
dravidian_kannada_test_242,dravidian_kannada,test,0.0,0.38056232908867965,0.35564296822900127,0.26379470268231914
dravidian_kannada_test_243,dravidian_kannada,test,0.0,0.37719465583205686,0.3427343921512459,0.28007095201669724
dravidian_kannada_test_244,dravidian_kannada,test,0.0,0.3595529264069801,0.30819176574300783,0.3322553078500121
dravidian_kannada_test_245,dravidian_kannada,test,0.0,0.3410384088352881,0.29318118634572043,0.3657804048189915
dravidian_kannada_test_246,dravidian_kannada,test,0.0,0.4096283502501371,0.3109427557618801,0.2794288939879828
dravidian_kannada_test_247,dravidian_kannada,test,0.0,0.35581292471796233,0.35764194648899816,0.28654512879303945
dravidian_kannada_test_248,dravidian_kannada,test,0.0,0.3545936271470383,0.28547667698979196,0.3599296958631698
dravidian_kannada_test_249,dravidian_kannada,test,0.0,0.37419329896099307,0.29655913206996465,0.3292475689690423
dravidian_kannada_test_250,dravidian_kannada,test,0.0,0.3846764224555118,0.32171368114901205,0.2936098963954761
dravidian_kannada_test_251,dravidian_kannada,test,0.0,0.3692721165049678,0.3128291936016104,0.31789868989342185
dravidian_kannada_test_252,dravidian_kannada,test,0.0,0.3623967055297547,0.31042316816451776,0.32718012630572757
dravidian_kannada_test_253,dravidian_kannada,test,0.0,0.30639653246372034,0.21054178330137358,0.4830616842349061
dravidian_kannada_test_254,dravidian_kannada,test,0.0,0.4363784412563009,0.31792167506785574,0.24569988367584336
dravidian_kannada_test_255,dravidian_kannada,test,0.0,0.37143438343257423,0.33128016349484957,0.2972854530725762
dravidian_kannada_test_256,dravidian_kannada,test,0.0,0.42342179150439274,0.24627468634011304,0.33030352215549424
dravidian_kannada_test_257,dravidian_kannada,test,0.0,0.3480840160323292,0.3181892667981741,0.3337267171694967
dravidian_kannada_test_258,dravidian_kannada,test,0.0,0.3781211654458356,0.2981885817573645,0.32369025279679986
dravidian_kannada_test_259,dravidian_kannada,test,0.0,0.4263897742208095,0.3528771360071162,0.22073308977207437
dravidian_kannada_test_260,dravidian_kannada,test,0.0,0.3330718547588232,0.23703181628624512,0.4298963289549317
dravidian_kannada_test_261,dravidian_kannada,test,0.0,0.354345716145598,0.28932778702057543,0.35632649683382656
dravidian_malayalam_test_0,dravidian_malayalam,test,0.0,0.3136005046467561,0.4052718970965563,0.28112759825668765
dravidian_malayalam_test_1,dravidian_malayalam,test,0.0,0.32098886216865036,0.3503942332417846,0.328616904589565
dravidian_malayalam_test_2,dravidian_malayalam,test,0.0,0.3225609683926461,0.4152483120932411,0.2621907195141128
dravidian_malayalam_test_3,dravidian_malayalam,test,0.0,0.3326928208834506,0.3922971578538816,0.2750100212626679
dravidian_malayalam_test_4,dravidian_malayalam,test,0.0,0.3258441892624105,0.4089876702308005,0.265168140506789
dravidian_malayalam_test_5,dravidian_malayalam,test,0.0,0.32539743903195045,0.5586826401528528,0.11591992081519668
dravidian_malayalam_test_6,dravidian_malayalam,test,0.0,0.3274708349078329,0.3846581909775144,0.2878709741146527
dravidian_malayalam_test_7,dravidian_malayalam,test,0.0,0.30771294834157753,0.354847795077635,0.3374392565807875
dravidian_malayalam_test_8,dravidian_malayalam,test,0.0,0.3063453226072993,0.3533545817955392,0.3403000955971615
dravidian_malayalam_test_9,dravidian_malayalam,test,0.0,0.34806337374533375,0.3900786004026429,0.26185802585202334
dravidian_malayalam_test_10,dravidian_malayalam,test,0.0,0.3263334564899226,0.42308011765750436,0.25058642585257296
dravidian_malayalam_test_11,dravidian_malayalam,test,0.0,0.33049737952279373,0.41054392792154243,0.25895869255566384
dravidian_malayalam_test_12,dravidian_malayalam,test,0.0,0.3125581238668478,0.37051777011281295,0.31692410602033927
dravidian_malayalam_test_13,dravidian_malayalam,test,0.0,0.32745950024601816,0.37118582189432553,0.3013546778596563
dravidian_malayalam_test_14,dravidian_malayalam,test,0.0,0.3321072898453965,0.44830396349063295,0.21958874666397055
dravidian_malayalam_test_15,dravidian_malayalam,test,0.0,0.3270338070831111,0.4132763131375646,0.25968987977932434
dravidian_malayalam_test_16,dravidian_malayalam,test,0.0,0.3342111528248329,0.5164168639711172,0.14937198320404987
dravidian_malayalam_test_17,dravidian_malayalam,test,0.0,0.3021502143047443,0.39351679460553435,0.30433299108972134
dravidian_malayalam_test_18,dravidian_malayalam,test,0.0,0.34989765161511727,0.3914954963410865,0.25860685204379624
dravidian_malayalam_test_19,dravidian_malayalam,test,0.0,0.3084908914993549,0.3625988231830412,0.3289102853176039
dravidian_malayalam_test_20,dravidian_malayalam,test,0.0,0.3061388900558753,0.4159552997521321,0.2779058101919926
dravidian_malayalam_test_21,dravidian_malayalam,test,0.0,0.3095826524694855,0.3281651620479124,0.362252185482602
dravidian_malayalam_test_22,dravidian_malayalam,test,0.0,0.32343378260625766,0.48565934354470197,0.19090687384904037
dravidian_malayalam_test_23,dravidian_malayalam,test,0.0,0.31738884940035933,0.3717426312962124,0.3108685193034283
dravidian_malayalam_test_24,dravidian_malayalam,test,0.0,0.3539466174309616,0.32029831329056013,0.3257550692784783
dravidian_malayalam_test_25,dravidian_malayalam,test,0.0,0.3152271594037664,0.35329184329222907,0.33148099730400454
dravidian_malayalam_test_26,dravidian_malayalam,test,0.0,0.34098320981310937,0.3478951297474305,0.3111216604394602
dravidian_malayalam_test_27,dravidian_malayalam,test,0.0,0.29742050359836325,0.35711099951358155,0.34546849688805525
dravidian_malayalam_test_28,dravidian_malayalam,test,0.0,0.30755189418555756,0.3514925000073515,0.34095560580709094
dravidian_malayalam_test_29,dravidian_malayalam,test,0.0,0.3290069173208977,0.3642451886935148,0.30674789398558755
dravidian_malayalam_test_30,dravidian_malayalam,test,0.0,0.319207798133805,0.31566248300559885,0.36512971886059614
dravidian_malayalam_test_31,dravidian_malayalam,test,0.0,0.31791007453176967,0.4008912814047669,0.28119864406346345
dravidian_malayalam_test_32,dravidian_malayalam,test,0.0,0.30491671270906434,0.37675559992035434,0.3183276873705813
dravidian_malayalam_test_33,dravidian_malayalam,test,0.0,0.30936055383242733,0.3549498193387053,0.3356896268288673
dravidian_malayalam_test_34,dravidian_malayalam,test,0.0,0.38023272097970323,0.3312757249939954,0.2884915540263014
dravidian_malayalam_test_35,dravidian_malayalam,test,0.0,0.32072687206399153,0.2993277076253964,0.37994542031061207
dravidian_malayalam_test_36,dravidian_malayalam,test,0.0,0.3193582429832368,0.34990115668741295,0.3307406003293503
dravidian_malayalam_test_37,dravidian_malayalam,test,0.0,0.3196921541129435,0.3201748152767621,0.3601330306102944
dravidian_malayalam_test_38,dravidian_malayalam,test,0.0,0.31485558214893045,0.4015159255784575,0.283628492272612
dravidian_malayalam_test_39,dravidian_malayalam,test,0.0,0.33235064705454115,0.3857880268043167,0.2818613261411421
dravidian_malayalam_test_40,dravidian_malayalam,test,0.0,0.33851052574640245,0.4262426837693186,0.23524679048427888
dravidian_malayalam_test_41,dravidian_malayalam,test,0.0,0.33767783154450665,0.4787748830382534,0.18354728541724
dravidian_malayalam_test_42,dravidian_malayalam,test,0.0,0.32444427790220665,0.3776729517250022,0.29788277037279115
dravidian_malayalam_test_43,dravidian_malayalam,test,0.0,0.31234456289833745,0.45026267648775664,0.23739276061390593
dravidian_malayalam_test_44,dravidian_malayalam,test,0.0,0.31981040020120377,0.3941264972086839,0.2860631025901123
dravidian_malayalam_test_45,dravidian_malayalam,test,0.0,0.31356604449871445,0.33254334689181375,0.35389060860947186
dravidian_malayalam_test_46,dravidian_malayalam,test,0.0,0.30577696804068927,0.39776980612244406,0.2964532258368667
dravidian_malayalam_test_47,dravidian_malayalam,test,0.0,0.32731309435976597,0.49441807567685186,0.17826882996338217
dravidian_malayalam_test_48,dravidian_malayalam,test,0.0,0.3012330301450283,0.2723305957185802,0.4264363741363915
dravidian_malayalam_test_49,dravidian_malayalam,test,0.0,0.32275147042679125,0.41815867770440374,0.259089851868805
dravidian_malayalam_test_50,dravidian_malayalam,test,0.0,0.32154381134817206,0.34665436550517487,0.3318018231466531
dravidian_malayalam_test_51,dravidian_malayalam,test,0.0,0.3120547907359282,0.42216048094909026,0.26578472831498157
dravidian_malayalam_test_52,dravidian_malayalam,test,0.0,0.2972544169552726,0.31104394933356766,0.3917016337111598
dravidian_malayalam_test_53,dravidian_malayalam,test,0.0,0.31887002707047213,0.37237799072050376,0.30875198220902406
dravidian_malayalam_test_54,dravidian_malayalam,test,0.0,0.33621732714846597,0.44353659866076434,0.2202460741907697
dravidian_malayalam_test_55,dravidian_malayalam,test,0.0,0.3647415994350862,0.4437478331952195,0.1915105673696943
dravidian_malayalam_test_56,dravidian_malayalam,test,0.0,0.34525465760881185,0.3864980734791339,0.2682472689120543
dravidian_malayalam_test_57,dravidian_malayalam,test,0.0,0.32425851463411454,0.39942653569499603,0.27631494967088943
dravidian_malayalam_test_58,dravidian_malayalam,test,0.0,0.328630454705513,0.3085912992319307,0.3627782460625563
dravidian_malayalam_test_59,dravidian_malayalam,test,0.0,0.3261848064065184,0.3968395128005564,0.27697568079292517
dravidian_malayalam_test_60,dravidian_malayalam,test,0.0,0.31513791555420706,0.3125517229686891,0.3723103614771038
dravidian_malayalam_test_61,dravidian_malayalam,test,0.0,0.32520971791166753,0.360076277362896,0.3147140047254364
dravidian_malayalam_test_62,dravidian_malayalam,test,0.0,0.31536906433650264,0.36061220464489874,0.3240187310185986
dravidian_malayalam_test_63,dravidian_malayalam,test,0.0,0.3142901568462173,0.3559151051868378,0.3297947379669449
dravidian_malayalam_test_64,dravidian_malayalam,test,0.0,0.31739754758796074,0.41119692377380357,0.2714055286382357
dravidian_malayalam_test_65,dravidian_malayalam,test,0.0,0.341830481886367,0.3965993116230288,0.2615702064906042
dravidian_malayalam_test_66,dravidian_malayalam,test,0.0,0.3315797430512329,0.4157570449401279,0.2526632120086392
dravidian_malayalam_test_67,dravidian_malayalam,test,0.0,0.30498451353263145,0.37342783168854,0.3215876547788285
dravidian_malayalam_test_68,dravidian_malayalam,test,0.0,0.32051982283090136,0.3571417896252819,0.3223383875438167
dravidian_malayalam_test_69,dravidian_malayalam,test,0.0,0.309226696918132,0.3352623667625844,0.3555109363192836
dravidian_malayalam_test_70,dravidian_malayalam,test,0.0,0.3091709411936649,0.40648842069381785,0.28434063811251725
dravidian_malayalam_test_71,dravidian_malayalam,test,0.0,0.33577860759039174,0.376873720871782,0.2873476715378263
dravidian_malayalam_test_72,dravidian_malayalam,test,0.0,0.3336166968828438,0.3771675226204262,0.28921578049673
dravidian_malayalam_test_73,dravidian_malayalam,test,0.0,0.3169552729547986,0.4311382170342915,0.2519065100109099
dravidian_malayalam_test_74,dravidian_malayalam,test,0.0,0.29849272041801556,0.2972927508097692,0.4042145287722152
dravidian_malayalam_test_75,dravidian_malayalam,test,0.0,0.3194816977539431,0.4455931354028377,0.23492516684321924
dravidian_malayalam_test_76,dravidian_malayalam,test,0.0,0.31642783402928076,0.3399868361815311,0.34358532978918815
dravidian_malayalam_test_77,dravidian_malayalam,test,0.0,0.3387682222661193,0.3082284974157559,0.3530032803181248
dravidian_malayalam_test_78,dravidian_malayalam,test,0.0,0.32623929924061384,0.3312470877070635,0.3425136130523227
dravidian_malayalam_test_79,dravidian_malayalam,test,0.0,0.31701960147990055,0.3443426256230757,0.33863777289702374
dravidian_malayalam_test_80,dravidian_malayalam,test,0.0,0.38463518512761524,0.34914166692573134,0.2662231479466534
dravidian_malayalam_test_81,dravidian_malayalam,test,0.0,0.32958927636429514,0.3737610966256702,0.29664962701003467
dravidian_malayalam_test_82,dravidian_malayalam,test,0.0,0.2923257970066024,0.3627398348211699,0.3449343681722277
dravidian_malayalam_test_83,dravidian_malayalam,test,0.0,0.3397742193285252,0.42951443554387647,0.23071134512759836
dravidian_malayalam_test_84,dravidian_malayalam,test,0.0,0.31679188649567763,0.4262018240228311,0.2570062894814913
dravidian_malayalam_test_85,dravidian_malayalam,test,0.0,0.3234667811830266,0.43172587041506133,0.2448073484019121
dravidian_malayalam_test_86,dravidian_malayalam,test,0.0,0.3219971612127373,0.34196145712784404,0.3360413816594187
dravidian_malayalam_test_87,dravidian_malayalam,test,0.0,0.3347555821237654,0.43417436391728176,0.2310700539589529
dravidian_malayalam_test_88,dravidian_malayalam,test,0.0,0.32659160533690407,0.34531500629419387,0.32809338836890206
dravidian_malayalam_test_89,dravidian_malayalam,test,0.0,0.3225999233676823,0.35791868778671687,0.31948138884560084
dravidian_malayalam_test_90,dravidian_malayalam,test,0.0,0.3216898135492354,0.3913554466727528,0.2869547397780118
dravidian_malayalam_test_91,dravidian_malayalam,test,0.0,0.32179931986514926,0.34711621509428886,0.3310844650405619
dravidian_malayalam_test_92,dravidian_malayalam,test,0.0,0.3114830305070157,0.49235209513877776,0.19616487435420654
dravidian_malayalam_test_93,dravidian_malayalam,test,0.0,0.33074188841798097,0.4726697700270965,0.19658834155492252
dravidian_malayalam_test_94,dravidian_malayalam,test,0.0,0.28978096136473885,0.29490572155330963,0.4153133170819515
dravidian_malayalam_test_95,dravidian_malayalam,test,0.0,0.3235418808335798,0.3495514548096237,0.3269066643567965
dravidian_malayalam_test_96,dravidian_malayalam,test,0.0,0.32449142201336373,0.38730081840043595,0.2882077595862003
dravidian_malayalam_test_97,dravidian_malayalam,test,0.0,0.3245628315697714,0.3424440970528346,0.33299307137739403
dravidian_malayalam_test_98,dravidian_malayalam,test,0.0,0.33639902381960834,0.4578728838576361,0.2057280923227556
dravidian_malayalam_test_99,dravidian_malayalam,test,0.0,0.3154573013023271,0.3478314364970182,0.3367112622006548
dravidian_malayalam_test_100,dravidian_malayalam,test,0.0,0.33644943969967234,0.4596506773175281,0.2038998829827995
dravidian_malayalam_test_101,dravidian_malayalam,test,0.0,0.3282034760933163,0.40533519471264146,0.2664613291940423
dravidian_malayalam_test_102,dravidian_malayalam,test,0.0,0.30233683098990677,0.3111044216040035,0.38655874740608975
dravidian_malayalam_test_103,dravidian_malayalam,test,0.0,0.3169862135447126,0.35031056578583025,0.3327032206694571
dravidian_malayalam_test_104,dravidian_malayalam,test,0.0,0.3234389685884964,0.3661654323392895,0.3103955990722141
dravidian_malayalam_test_105,dravidian_malayalam,test,0.0,0.3295650452115372,0.31667700701823864,0.3537579477702242
dravidian_malayalam_test_106,dravidian_malayalam,test,0.0,0.31371830592378397,0.5420722304669069,0.14420946360930914
dravidian_malayalam_test_107,dravidian_malayalam,test,0.0,0.3142629497179453,0.47731949122853135,0.20841755905352338
dravidian_malayalam_test_108,dravidian_malayalam,test,0.0,0.3192218407288452,0.38913465989393003,0.2916434993772248
dravidian_malayalam_test_109,dravidian_malayalam,test,0.0,0.3427107555907912,0.41420532740778787,0.2430839170014209
dravidian_malayalam_test_110,dravidian_malayalam,test,0.0,0.3432011192600052,0.3848552028328711,0.2719436779071237
dravidian_malayalam_test_111,dravidian_malayalam,test,0.0,0.3220836268220266,0.4083072585135236,0.2696091146644497
dravidian_malayalam_test_112,dravidian_malayalam,test,0.0,0.3165115572660032,0.35179106670175325,0.33169737603224353
dravidian_malayalam_test_113,dravidian_malayalam,test,0.0,0.31098027668243433,0.3710561117421399,0.31796361157542574
dravidian_malayalam_test_114,dravidian_malayalam,test,0.0,0.3274841156841462,0.485669924035142,0.18684596028071185
dravidian_malayalam_test_115,dravidian_malayalam,test,0.0,0.32875658933603324,0.3339063167291185,0.33733709393484823
dravidian_malayalam_test_116,dravidian_malayalam,test,0.0,0.3141193714709144,0.4069625354524654,0.2789180930766202
dravidian_malayalam_test_117,dravidian_malayalam,test,0.0,0.3198429688494213,0.44508951009709846,0.23506752105348025
dravidian_malayalam_test_118,dravidian_malayalam,test,0.0,0.3400397438242792,0.4359780537460242,0.22398220242969655
dravidian_malayalam_test_119,dravidian_malayalam,test,0.0,0.29589207285950764,0.4814332159964918,0.2226747111440006
dravidian_malayalam_test_120,dravidian_malayalam,test,0.0,0.316299087286378,0.39703062964219227,0.2866702830714297
dravidian_malayalam_test_121,dravidian_malayalam,test,0.0,0.3291095563790942,0.3902831898196087,0.2806072538012971
dravidian_malayalam_test_122,dravidian_malayalam,test,0.0,0.3087384784900025,0.38265686591165127,0.3086046555983462
dravidian_malayalam_test_123,dravidian_malayalam,test,0.0,0.31985256574896104,0.3979289734838053,0.28221846076723367
dravidian_malayalam_test_124,dravidian_malayalam,test,0.0,0.30964939857719537,0.32296888977579913,0.3673817116470055
dravidian_malayalam_test_125,dravidian_malayalam,test,0.0,0.31997869789635447,0.38952422580481066,0.29049707629883487
dravidian_malayalam_test_126,dravidian_malayalam,test,0.0,0.32769254455035995,0.5193631219907909,0.15294433345884909
dravidian_malayalam_test_127,dravidian_malayalam,test,0.0,0.30267422395027704,0.4782128700123977,0.21911290603732525
dravidian_malayalam_test_128,dravidian_malayalam,test,0.0,0.3387552329641463,0.34542592800309724,0.3158188390327565
dravidian_malayalam_test_129,dravidian_malayalam,test,0.0,0.31101146427877463,0.4088332876311818,0.28015524809004355
dravidian_malayalam_test_130,dravidian_malayalam,test,0.0,0.3303379619539836,0.36889341199912823,0.30076862604688814
dravidian_malayalam_test_131,dravidian_malayalam,test,0.0,0.3350004416139392,0.4279254104660624,0.23707414791999834
dravidian_malayalam_test_132,dravidian_malayalam,test,0.0,0.3459159494480464,0.3622501202463379,0.2918339303056157
dravidian_malayalam_test_133,dravidian_malayalam,test,0.0,0.3039465743505108,0.34590519314240853,0.3501482325070807
dravidian_malayalam_test_134,dravidian_malayalam,test,0.0,0.3273395417836727,0.3932194346393285,0.2794410235769988
dravidian_malayalam_test_135,dravidian_malayalam,test,0.0,0.3476998455011822,0.3569957235410105,0.2953044309578073
dravidian_malayalam_test_136,dravidian_malayalam,test,0.0,0.3189148547897182,0.4518668285450158,0.229218316665266
dravidian_malayalam_test_137,dravidian_malayalam,test,0.0,0.3128279411729793,0.3820890490753123,0.3050830097517084
dravidian_malayalam_test_138,dravidian_malayalam,test,0.0,0.3418356494984743,0.374526746284624,0.2836376042169017
dravidian_malayalam_test_139,dravidian_malayalam,test,0.0,0.32163176232092927,0.3521548839227572,0.32621335375631355
dravidian_malayalam_test_140,dravidian_malayalam,test,0.0,0.3492326849684657,0.3581452998351224,0.2926220151964119
dravidian_malayalam_test_141,dravidian_malayalam,test,0.0,0.31612107883412993,0.42335515410102076,0.26052376706484937
dravidian_malayalam_test_142,dravidian_malayalam,test,0.0,0.2879766839948676,0.34147618656807543,0.370547129437057
dravidian_malayalam_test_143,dravidian_malayalam,test,0.0,0.31975254371763395,0.3034616562565408,0.37678580002582523
dravidian_malayalam_test_144,dravidian_malayalam,test,0.0,0.3111569088763869,0.32716200614886687,0.3616810849747462
dravidian_malayalam_test_145,dravidian_malayalam,test,0.0,0.3088463518063827,0.36272630576110965,0.32842734243250765
dravidian_malayalam_test_146,dravidian_malayalam,test,0.0,0.3430852186546394,0.4650694673452695,0.1918453140000911
dravidian_malayalam_test_147,dravidian_malayalam,test,0.0,0.3028200921613539,0.3747651203105404,0.32241478752810576
dravidian_malayalam_test_148,dravidian_malayalam,test,0.0,0.33537502611217607,0.3477029206215637,0.3169220532662602
dravidian_malayalam_test_149,dravidian_malayalam,test,0.0,0.3094033511172666,0.3545016730663904,0.33609497581634307
dravidian_malayalam_test_150,dravidian_malayalam,test,0.0,0.32376180748271177,0.37788209527477606,0.29835609724251216
dravidian_malayalam_test_151,dravidian_malayalam,test,0.0,0.33452622909014046,0.40101747070265537,0.2644563002072042
dravidian_malayalam_test_152,dravidian_malayalam,test,0.0,0.32043691177300726,0.43662952572990726,0.2429335624970855
dravidian_malayalam_test_153,dravidian_malayalam,test,0.0,0.31445177806182006,0.3363903158086811,0.3491579061294988
dravidian_malayalam_test_154,dravidian_malayalam,test,0.0,0.32969068504222454,0.409188967533741,0.26112034742403445
dravidian_malayalam_test_155,dravidian_malayalam,test,0.0,0.31522081910255023,0.45602063012431227,0.22875855077313753
dravidian_malayalam_test_156,dravidian_malayalam,test,0.0,0.3318383964042796,0.3909903166461965,0.2771712869495239
dravidian_malayalam_test_157,dravidian_malayalam,test,0.0,0.3611009934114713,0.4244694659555537,0.214429540632975
dravidian_malayalam_test_158,dravidian_malayalam,test,0.0,0.31864053092045286,0.3411591606789506,0.34020030840059656
dravidian_malayalam_test_159,dravidian_malayalam,test,0.0,0.3123356517571163,0.3853821139476212,0.3022822342952625
dravidian_malayalam_test_160,dravidian_malayalam,test,0.0,0.35093469367445707,0.4437334094847448,0.2053318968407981
dravidian_malayalam_test_161,dravidian_malayalam,test,0.0,0.3533041548100974,0.3756392115837843,0.27105663360611826
dravidian_malayalam_test_162,dravidian_malayalam,test,0.0,0.314402206464002,0.39568045434704485,0.2899173391889531
dravidian_malayalam_test_163,dravidian_malayalam,test,0.0,0.33431945117441536,0.5059981206215681,0.15968242820401654
dravidian_malayalam_test_164,dravidian_malayalam,test,0.0,0.3388651147885336,0.5288165254929501,0.13231835971851633
dravidian_malayalam_test_165,dravidian_malayalam,test,0.0,0.3323405322341124,0.3738092844321502,0.29385018333373736
dravidian_malayalam_test_166,dravidian_malayalam,test,0.0,0.31887676222086575,0.40416836125555033,0.27695487652358397
dravidian_malayalam_test_167,dravidian_malayalam,test,0.0,0.3189052681675114,0.4231078535535546,0.25798687827893396
dravidian_malayalam_test_168,dravidian_malayalam,test,0.0,0.3452577040559873,0.48563474572058263,0.16910755022343005
dravidian_malayalam_test_169,dravidian_malayalam,test,0.0,0.3162553350440284,0.4527842641492572,0.2309604008067144
dravidian_malayalam_test_170,dravidian_malayalam,test,0.0,0.3306147710197506,0.445249996615722,0.22413523236452734
dravidian_malayalam_test_171,dravidian_malayalam,test,0.0,0.3003628213056484,0.45853417401968233,0.24110300467466922
dravidian_malayalam_test_172,dravidian_malayalam,test,0.0,0.32380654082510524,0.42170486547554403,0.25448859369935073
dravidian_malayalam_test_173,dravidian_malayalam,test,0.0,0.3211267605633803,0.3152672533638634,0.36360598607275635
dravidian_malayalam_test_174,dravidian_malayalam,test,0.0,0.3361940188149109,0.45118611291221605,0.21261986827287307
dravidian_malayalam_test_175,dravidian_malayalam,test,0.0,0.3183666550415587,0.38565885191470717,0.2959744930437342
dravidian_malayalam_test_176,dravidian_malayalam,test,0.0,0.3151705180144542,0.33745856718252715,0.3473709148030186
dravidian_malayalam_test_177,dravidian_malayalam,test,0.0,0.3233002381942606,0.39630050285455026,0.28039925895118906
dravidian_malayalam_test_178,dravidian_malayalam,test,0.0,0.31512150848127907,0.41036853810269025,0.2745099534160307
dravidian_malayalam_test_179,dravidian_malayalam,test,0.0,0.31236617241154496,0.31053017882535466,0.3771036487631003
dravidian_malayalam_test_180,dravidian_malayalam,test,0.0,0.3194172696511266,0.30945099163103545,0.37113173871783794
dravidian_malayalam_test_181,dravidian_malayalam,test,0.0,0.3219465982092639,0.41686081903841277,0.2611925827523233
dravidian_malayalam_test_182,dravidian_malayalam,test,0.0,0.30403626201971523,0.3637426049046594,0.33222113307562534
dravidian_malayalam_test_183,dravidian_malayalam,test,0.0,0.30775496904529165,0.41053626940723714,0.2817087615474712
dravidian_malayalam_test_184,dravidian_malayalam,test,0.0,0.315954790705737,0.3309362123501163,0.3531089969441467
dravidian_malayalam_test_185,dravidian_malayalam,test,0.0,0.31754855593661,0.3248977207101327,0.3575537233532573
dravidian_malayalam_test_186,dravidian_malayalam,test,0.0,0.32298136645962733,0.3541510125417553,0.3228676209986174
dravidian_malayalam_test_187,dravidian_malayalam,test,0.0,0.3298699754938379,0.35035080361155696,0.31977922089460514
dravidian_malayalam_test_188,dravidian_malayalam,test,0.0,0.3268824650857017,0.4697524984186942,0.2033650364956041
dravidian_malayalam_test_189,dravidian_malayalam,test,0.0,0.3395795280873747,0.3857639277179293,0.27465654419469604
dravidian_malayalam_test_190,dravidian_malayalam,test,0.0,0.3478816231787674,0.4058748362888047,0.2462435405324279
dravidian_malayalam_test_191,dravidian_malayalam,test,0.0,0.3214847454589666,0.39722785862544113,0.2812873959155922
dravidian_malayalam_test_192,dravidian_malayalam,test,0.0,0.3630964878078042,0.3715031257096582,0.2654003864825376
dravidian_malayalam_test_193,dravidian_malayalam,test,0.0,0.3182187476856019,0.356191380716858,0.32558987159754005
dravidian_malayalam_test_194,dravidian_malayalam,test,0.0,0.3443436724249745,0.3998193548892716,0.2558369726857539
dravidian_malayalam_test_195,dravidian_malayalam,test,0.0,0.32718054050990675,0.415037811645964,0.25778164784412927
dravidian_malayalam_test_196,dravidian_malayalam,test,0.0,0.3318961730791224,0.4579136493898043,0.21019017753107333
dravidian_malayalam_test_197,dravidian_malayalam,test,0.0,0.33807850996495264,0.4044547228906209,0.2574667671444264
dravidian_malayalam_test_198,dravidian_malayalam,test,0.0,0.3139089192287787,0.33276850793344154,0.3533225728377798
dravidian_malayalam_test_199,dravidian_malayalam,test,0.0,0.3369873052667282,0.46064562388898017,0.2023670708442916
dravidian_malayalam_test_200,dravidian_malayalam,test,0.0,0.3021208525704981,0.40558123867578316,0.29229790875371875
dravidian_malayalam_test_201,dravidian_malayalam,test,0.0,0.31002359248507705,0.37106096602410904,0.3189154414908139
dravidian_malayalam_test_202,dravidian_malayalam,test,0.0,0.3251985375619568,0.3541484860065162,0.32065297643152696
dravidian_malayalam_test_203,dravidian_malayalam,test,0.0,0.3262139682908792,0.4344757260420652,0.23931030566705558
dravidian_malayalam_test_204,dravidian_malayalam,test,0.0,0.3330431095623212,0.42127659871222933,0.24568029172544947
dravidian_malayalam_test_205,dravidian_malayalam,test,0.0,0.30323968912621924,0.34044817321045395,0.3563121376633268
dravidian_malayalam_test_206,dravidian_malayalam,test,0.0,0.3456383469414084,0.4274891602114066,0.22687249284718497
dravidian_malayalam_test_207,dravidian_malayalam,test,0.0,0.29428365936973483,0.3295601203731939,0.3761562202570713
dravidian_malayalam_test_208,dravidian_malayalam,test,0.0,0.3241041222551347,0.34355830632928713,0.3323375714155782
dravidian_malayalam_test_209,dravidian_malayalam,test,0.0,0.3456208316242043,0.4645190890722088,0.1898600793035869
dravidian_malayalam_test_210,dravidian_malayalam,test,0.0,0.32725146048036124,0.36089766179887633,0.3118508777207625
dravidian_malayalam_test_211,dravidian_malayalam,test,0.0,0.34881395617591937,0.3108632096362158,0.34032283418786485
dravidian_malayalam_test_212,dravidian_malayalam,test,0.0,0.34608567434538057,0.4732882252747769,0.18062610037984259
dravidian_malayalam_test_213,dravidian_malayalam,test,0.0,0.3144447323738837,0.33480899319670004,0.35074627442941625
dravidian_malayalam_test_214,dravidian_malayalam,test,0.0,0.3212909147509732,0.3914709252133392,0.2872381600356876
dravidian_malayalam_test_215,dravidian_malayalam,test,0.0,0.3204211656097506,0.3514722307334961,0.3281066036567533
dravidian_malayalam_test_216,dravidian_malayalam,test,0.0,0.32962145522319525,0.35883659086954794,0.3115419539072568
dravidian_malayalam_test_217,dravidian_malayalam,test,0.0,0.31108208557798495,0.3680531030225795,0.32086481139943557
dravidian_malayalam_test_218,dravidian_malayalam,test,0.0,0.3334908254333054,0.4443929031556567,0.22211627141103796
dravidian_malayalam_test_219,dravidian_malayalam,test,0.0,0.31363634711657357,0.36684831912533966,0.3195153337580868
dravidian_malayalam_test_220,dravidian_malayalam,test,0.0,0.322357742396875,0.3979961702854951,0.27964608731762997
dravidian_malayalam_test_221,dravidian_malayalam,test,0.0,0.3257334744251261,0.47168984096525857,0.2025766846096153
dravidian_malayalam_test_222,dravidian_malayalam,test,0.0,0.31851910349308526,0.3568867442666812,0.3245941522402335
dravidian_malayalam_test_223,dravidian_malayalam,test,0.0,0.3123354530559002,0.32870812255416626,0.3589564243899335
dravidian_malayalam_test_224,dravidian_malayalam,test,0.0,0.32523006692568623,0.4180727804982913,0.25669715257602244
dravidian_malayalam_test_225,dravidian_malayalam,test,0.0,0.30285966757864985,0.37982904366109943,0.3173112887602507
dravidian_malayalam_test_226,dravidian_malayalam,test,0.0,0.33699735932501773,0.4437812021594413,0.21922143851554102
dravidian_malayalam_test_227,dravidian_malayalam,test,0.0,0.3377082750869761,0.42032064966829663,0.24197107524472727
dravidian_malayalam_test_228,dravidian_malayalam,test,0.0,0.32320718698973294,0.332592925548569,0.34419988746169805
dravidian_malayalam_test_229,dravidian_malayalam,test,0.0,0.3302305134287065,0.44394447983056345,0.22582500674073003
dravidian_malayalam_test_230,dravidian_malayalam,test,0.0,0.346925598846427,0.36692767929523,0.28614672185834295
dravidian_malayalam_test_231,dravidian_malayalam,test,0.0,0.30562383620145533,0.3739561599746053,0.3204200038239394
dravidian_malayalam_test_232,dravidian_malayalam,test,0.0,0.3350950893137881,0.4276780897407467,0.23722682094546513
dravidian_malayalam_test_233,dravidian_malayalam,test,0.0,0.30967047516727897,0.3796892730958548,0.31064025173686616
dravidian_malayalam_test_234,dravidian_malayalam,test,0.0,0.346716702027545,0.377161271547859,0.276122026424596
dravidian_malayalam_test_235,dravidian_malayalam,test,0.0,0.3189484256659833,0.3757318880117524,0.3053196863222643
dravidian_malayalam_test_236,dravidian_malayalam,test,0.0,0.33934969965385986,0.3446699236935598,0.31598037665258033
dravidian_malayalam_test_237,dravidian_malayalam,test,0.0,0.3087758234568833,0.5010251377670416,0.19019903877607508
dravidian_malayalam_test_238,dravidian_malayalam,test,0.0,0.33903988646302624,0.39438402707871495,0.26657608645825887
dravidian_malayalam_test_239,dravidian_malayalam,test,0.0,0.337871777823573,0.39027117878101647,0.2718570433954105
dravidian_malayalam_test_240,dravidian_malayalam,test,0.0,0.31746021163382493,0.45362772770847926,0.22891206065769584
dravidian_malayalam_test_241,dravidian_malayalam,test,0.0,0.292631691679877,0.356349837627023,0.3510184706931
dravidian_malayalam_test_242,dravidian_malayalam,test,0.0,0.3320751484737311,0.4052190198970275,0.26270583162924144
dravidian_malayalam_test_243,dravidian_malayalam,test,0.0,0.33453124436691783,0.40819150676801824,0.2572772488650639
dravidian_malayalam_test_244,dravidian_malayalam,test,0.0,0.33075395089827503,0.35444341009110486,0.3148026390106201
dravidian_malayalam_test_245,dravidian_malayalam,test,0.0,0.2965418191439631,0.34348270684149323,0.3599754740145437
dravidian_malayalam_test_246,dravidian_malayalam,test,0.0,0.3196203569237831,0.39553940902514695,0.2848402340510699
dravidian_malayalam_test_247,dravidian_malayalam,test,0.0,0.32151871843107876,0.3425130468568745,0.33596823471204673
dravidian_malayalam_test_248,dravidian_malayalam,test,0.0,0.32050494531060353,0.47252787191683676,0.20696718277255968
dravidian_malayalam_test_249,dravidian_malayalam,test,0.0,0.30535264450738747,0.2781481049481474,0.41649925054446507
dravidian_malayalam_test_250,dravidian_malayalam,test,0.0,0.3380422234888897,0.2866699498217611,0.37528782668934924
dravidian_malayalam_test_251,dravidian_malayalam,test,0.0,0.35771836364165005,0.37472418839507526,0.26755744796327463
dravidian_malayalam_test_252,dravidian_malayalam,test,0.0,0.3210030649507107,0.37139683619734715,0.30760009885194217
dravidian_malayalam_test_253,dravidian_malayalam,test,0.0,0.31950027509157325,0.44616796612325754,0.23433175878516918
dravidian_malayalam_test_254,dravidian_malayalam,test,0.0,0.3185590474987064,0.4008722296589917,0.2805687228423019
dravidian_malayalam_test_255,dravidian_malayalam,test,0.0,0.3171975198038476,0.36380542843812663,0.3189970517580258
dravidian_malayalam_test_256,dravidian_malayalam,test,0.0,0.3409481573097395,0.3786839077073992,0.28036793498286133
dravidian_malayalam_test_257,dravidian_malayalam,test,0.0,0.31902112810528827,0.47921437591630245,0.20176449597840934
dravidian_malayalam_test_258,dravidian_malayalam,test,0.0,0.3224328389717599,0.42385015386916186,0.2537170071590783
dravidian_malayalam_test_259,dravidian_malayalam,test,0.0,0.30954741635882593,0.3808423849469282,0.3096101986942459
dravidian_malayalam_test_260,dravidian_malayalam,test,0.0,0.3152502833536534,0.3423958108203975,0.3423539058259491
dravidian_malayalam_test_261,dravidian_malayalam,test,0.0,0.33340404056885914,0.4555294223685059,0.21106653706263495
dravidian_malayalam_test_262,dravidian_malayalam,test,0.0,0.32939115503860084,0.35533436483562814,0.3152744801257711
dravidian_malayalam_test_263,dravidian_malayalam,test,0.0,0.3209783443997855,0.33762501589477933,0.3413966397054352
dravidian_malayalam_test_264,dravidian_malayalam,test,0.0,0.30506922914045004,0.41669349299445513,0.27823727786509483
dravidian_malayalam_test_265,dravidian_malayalam,test,0.0,0.31538262923930305,0.4897452007281209,0.1948721700325761
dravidian_malayalam_test_266,dravidian_malayalam,test,0.0,0.3329471217051866,0.3673773239897814,0.299675554305032
dravidian_malayalam_test_267,dravidian_malayalam,test,0.0,0.3355896142497876,0.3523691151328555,0.31204127061735687
dravidian_malayalam_test_268,dravidian_malayalam,test,0.0,0.30718713951963833,0.36520376886979944,0.32760909161056223
dravidian_malayalam_test_269,dravidian_malayalam,test,0.0,0.31889808470712205,0.3630155742803615,0.31808634101251637
dravidian_malayalam_test_270,dravidian_malayalam,test,0.0,0.33728826418896707,0.3792301129065392,0.28348162290449375
dravidian_malayalam_test_271,dravidian_malayalam,test,0.0,0.3403503632856462,0.350758432208971,0.30889120450538277
dravidian_malayalam_test_272,dravidian_malayalam,test,0.0,0.33011323127993536,0.36269527003204366,0.30719149868802104
dravidian_malayalam_test_273,dravidian_malayalam,test,0.0,0.30825420131135345,0.3282582277043275,0.3634875709843191
dravidian_malayalam_test_274,dravidian_malayalam,test,0.0,0.3280954184021204,0.34472912216981655,0.3271754594280631
dravidian_malayalam_test_275,dravidian_malayalam,test,0.0,0.30496351310434655,0.35612505453226845,0.33891143236338495
dravidian_malayalam_test_276,dravidian_malayalam,test,0.0,0.30795000527346605,0.4641500703695849,0.227899924356949
dravidian_malayalam_test_277,dravidian_malayalam,test,0.0,0.3215669097222113,0.2948912525419171,0.3835418377358715
dravidian_malayalam_test_278,dravidian_malayalam,test,0.0,0.3427229307035196,0.4526315173287356,0.20464555196774484
dravidian_malayalam_test_279,dravidian_malayalam,test,0.0,0.32302469698883385,0.3706752786860706,0.30630002432509557
dravidian_malayalam_test_280,dravidian_malayalam,test,0.0,0.3172089234115366,0.39699758428078286,0.28579349230768053
dravidian_malayalam_test_281,dravidian_malayalam,test,0.0,0.324897930373469,0.40081767151226505,0.27428439811426597
dravidian_malayalam_test_282,dravidian_malayalam,test,0.0,0.3314589439949975,0.4541634423730801,0.21437761363192245
dravidian_malayalam_test_283,dravidian_malayalam,test,0.0,0.2966674334607008,0.33680671114072064,0.36652585539857857
dravidian_malayalam_test_284,dravidian_malayalam,test,0.0,0.3180876362580753,0.3102223399288798,0.3716900238130449
dravidian_malayalam_test_285,dravidian_malayalam,test,0.0,0.3297271492636848,0.4300057230714883,0.24026712766482688
dravidian_malayalam_test_286,dravidian_malayalam,test,0.0,0.30497472637123185,0.2944734805424904,0.40055179308627775
dravidian_malayalam_test_287,dravidian_malayalam,test,0.0,0.3154731516988254,0.4234887835314485,0.26103806476972613
dravidian_malayalam_test_288,dravidian_malayalam,test,0.0,0.34381578400319707,0.41177211763717647,0.24441209835962643
dravidian_malayalam_test_289,dravidian_malayalam,test,0.0,0.3342612914363285,0.29083363771358833,0.3749050708500832
dravidian_malayalam_test_290,dravidian_malayalam,test,0.0,0.3279770012529414,0.3617893430153472,0.31023365573171136
dravidian_malayalam_test_291,dravidian_malayalam,test,0.0,0.3109547127166422,0.5568695196302443,0.13217576765311348
dravidian_malayalam_test_292,dravidian_malayalam,test,0.0,0.30217411909414327,0.3758988591115624,0.3219270217942943
dravidian_malayalam_test_293,dravidian_malayalam,test,0.0,0.31473066274283573,0.3686305897024238,0.3166387475547405
dravidian_malayalam_test_294,dravidian_malayalam,test,0.0,0.3178293349004789,0.34699354851393244,0.33517711658558863
dravidian_malayalam_test_295,dravidian_malayalam,test,0.0,0.3139686663083289,0.3076341027040812,0.37839723098758987
dravidian_malayalam_test_296,dravidian_malayalam,test,0.0,0.31554252616369227,0.48188957975471847,0.20256789408158932
dravidian_malayalam_test_297,dravidian_malayalam,test,0.0,0.3357380241238212,0.384944124465428,0.27931785141075083
dravidian_malayalam_test_298,dravidian_malayalam,test,0.0,0.3368128331781623,0.39067437476781675,0.2725127920540209
dravidian_malayalam_test_299,dravidian_malayalam,test,0.0,0.3207586266699551,0.38020337705463264,0.2990379962754123
dravidian_malayalam_test_300,dravidian_malayalam,test,0.0,0.30222473907824987,0.43336905614797533,0.2644062047737748
dravidian_malayalam_test_301,dravidian_malayalam,test,0.0,0.3113023510858474,0.3168089536655011,0.3718886952486515
dravidian_malayalam_test_302,dravidian_malayalam,test,0.0,0.33469845653851205,0.3529572871090094,0.31234425635247853
dravidian_malayalam_test_303,dravidian_malayalam,test,0.0,0.3279010230088786,0.41880778104053007,0.25329119595059135
dravidian_malayalam_test_304,dravidian_malayalam,test,0.0,0.3204911268937638,0.3938669404936303,0.28564193261260595
dravidian_malayalam_test_305,dravidian_malayalam,test,0.0,0.3238898642010516,0.38866805584831127,0.28744207995063714
dravidian_malayalam_test_306,dravidian_malayalam,test,0.0,0.31766497249767783,0.3736417282973782,0.308693299204944
dravidian_malayalam_test_307,dravidian_malayalam,test,0.0,0.35024274823612067,0.3413127660485756,0.30844448571530375
dravidian_malayalam_test_308,dravidian_malayalam,test,0.0,0.32525957161607416,0.3635527381384568,0.311187690245469
dravidian_malayalam_test_309,dravidian_malayalam,test,0.0,0.32429361177269445,0.3830780798472225,0.2926283083800831
dravidian_malayalam_test_310,dravidian_malayalam,test,0.0,0.3282881851131254,0.5073311438592316,0.16438067102764295
dravidian_malayalam_test_311,dravidian_malayalam,test,0.0,0.3170667106116737,0.27785027265653045,0.40508301673179586
dravidian_malayalam_test_312,dravidian_malayalam,test,0.0,0.3491019998377414,0.40646169681973066,0.244436303342528
dravidian_malayalam_test_313,dravidian_malayalam,test,0.0,0.3384100779298915,0.3644081363138066,0.2971817857563019
dravidian_malayalam_test_314,dravidian_malayalam,test,0.0,0.31811952284313233,0.4657342732126977,0.21614620394416992
dravidian_malayalam_test_315,dravidian_malayalam,test,0.0,0.3306735433350072,0.4273213090724814,0.2420051475925114
dravidian_malayalam_test_316,dravidian_malayalam,test,0.0,0.32629492789029,0.36983341842663403,0.30387165368307595
dravidian_malayalam_test_317,dravidian_malayalam,test,0.0,0.34093439393760533,0.3819864714744481,0.2770791345879466
dravidian_malayalam_test_318,dravidian_malayalam,test,0.0,0.32404081931434975,0.3876602692029078,0.2882989114827425
dravidian_malayalam_test_319,dravidian_malayalam,test,0.0,0.32512308049914873,0.3405245591104998,0.3343523603903515
dravidian_malayalam_test_320,dravidian_malayalam,test,0.0,0.33049449675907855,0.3950389309728718,0.27446657226804966
dravidian_malayalam_test_321,dravidian_malayalam,test,0.0,0.3278815416951115,0.4356654044129571,0.23645305389193136
dravidian_malayalam_test_322,dravidian_malayalam,test,0.0,0.32412179073069025,0.4455117616794773,0.23036644758983246
dravidian_malayalam_test_323,dravidian_malayalam,test,0.0,0.3224366959752527,0.346233186473821,0.33133011755092623
dravidian_malayalam_test_324,dravidian_malayalam,test,0.0,0.3207890550471478,0.34949799812371485,0.3297129468291374
dravidian_malayalam_test_325,dravidian_malayalam,test,0.0,0.32624790848546154,0.4014286678229962,0.27232342369154233
dravidian_malayalam_test_326,dravidian_malayalam,test,0.0,0.3130935830508504,0.3550444873066724,0.33186192964247724
dravidian_malayalam_test_327,dravidian_malayalam,test,0.0,0.32556303951267085,0.4427203965554012,0.23171656393192797
dravidian_malayalam_test_328,dravidian_malayalam,test,0.0,0.30335734508666046,0.35602037441446427,0.3406222804988753
dravidian_malayalam_test_329,dravidian_malayalam,test,0.0,0.30548511673953216,0.3339464670810605,0.3605684161794073
dravidian_malayalam_test_330,dravidian_malayalam,test,0.0,0.3561691412694278,0.3458418745823754,0.2979889841481968
dravidian_malayalam_test_331,dravidian_malayalam,test,0.0,0.32815281412635067,0.31530033175313654,0.3565468541205128
dravidian_malayalam_test_332,dravidian_malayalam,test,0.0,0.3290818538213774,0.3674657451909942,0.30345240098762843
dravidian_malayalam_test_333,dravidian_malayalam,test,0.0,0.3177787590840276,0.36090947811308866,0.32131176280288376
dravidian_malayalam_test_334,dravidian_malayalam,test,0.0,0.3198228990123214,0.3285635246811953,0.35161357630648327
dravidian_malayalam_test_335,dravidian_malayalam,test,0.0,0.313013629978242,0.37213155959086935,0.31485481043088864
dravidian_malayalam_test_336,dravidian_malayalam,test,0.0,0.33316070490952476,0.35759356529621794,0.3092457297942573
dravidian_malayalam_test_337,dravidian_malayalam,test,0.0,0.31636156705855834,0.38628447537623195,0.2973539575652097
dravidian_malayalam_test_338,dravidian_malayalam,test,0.0,0.319297384274376,0.32784692292543605,0.352855692800188
dravidian_malayalam_test_339,dravidian_malayalam,test,0.0,0.32316510113780805,0.36551821491491404,0.3113166839472779
dravidian_malayalam_test_340,dravidian_malayalam,test,0.0,0.32177489423047656,0.3555114983716059,0.32271360739791755
dravidian_malayalam_test_341,dravidian_malayalam,test,0.0,0.30326671229592084,0.45327795344320576,0.24345533426087337
dravidian_malayalam_test_342,dravidian_malayalam,test,0.0,0.3261875161400028,0.41834993078320115,0.25546255307679605
dravidian_malayalam_test_343,dravidian_malayalam,test,0.0,0.3262012384874108,0.3654047087668563,0.3083940527457329
dravidian_malayalam_test_344,dravidian_malayalam,test,0.0,0.34136736611446494,0.3540947941489742,0.3045378397365609
dravidian_malayalam_test_345,dravidian_malayalam,test,0.0,0.35147065711939196,0.3831871367856329,0.26534220609497516
dravidian_malayalam_test_346,dravidian_malayalam,test,0.0,0.3028794825341197,0.4314729738812911,0.2656475435845892
dravidian_malayalam_test_347,dravidian_malayalam,test,0.0,0.31281866319421303,0.335265958439483,0.351915378366304
dravidian_malayalam_test_348,dravidian_malayalam,test,0.0,0.30278795017069315,0.3216995755799392,0.3755124742493677
dravidian_malayalam_test_349,dravidian_malayalam,test,0.0,0.3349255337433399,0.38279990135929876,0.28227456489736136
dravidian_malayalam_test_350,dravidian_malayalam,test,0.0,0.3239316656967662,0.36283282024856106,0.31323551405467276
dravidian_malayalam_test_351,dravidian_malayalam,test,0.0,0.3347468516263082,0.5203877041942463,0.14486544417944555
dravidian_malayalam_test_352,dravidian_malayalam,test,0.0,0.3291373433009186,0.3490897663157347,0.3217728903833467
dravidian_malayalam_test_353,dravidian_malayalam,test,0.0,0.3349248324923699,0.47205220751822186,0.19302295998940827
dravidian_malayalam_test_354,dravidian_malayalam,test,0.0,0.3172594283998569,0.395591322762395,0.2871492488377481
dravidian_malayalam_test_355,dravidian_malayalam,test,0.0,0.32150758446207217,0.40587333174978457,0.27261908378814326
dravidian_malayalam_test_356,dravidian_malayalam,test,0.0,0.31477723420474696,0.3294120028039292,0.3558107629913239
dravidian_malayalam_test_357,dravidian_malayalam,test,0.0,0.28943725206657256,0.41354035974657727,0.2970223881868501
dravidian_malayalam_test_358,dravidian_malayalam,test,0.0,0.32302569825169275,0.3844214463955709,0.29255285535273634
dravidian_malayalam_test_359,dravidian_malayalam,test,0.0,0.3220900950774491,0.4318536677723382,0.2460562371502127
dravidian_malayalam_test_360,dravidian_malayalam,test,0.0,0.3238762607617628,0.4309246788212629,0.2451990604169743
dravidian_malayalam_test_361,dravidian_malayalam,test,0.0,0.32560498207938443,0.42181235712516757,0.252582660795448
dravidian_malayalam_test_362,dravidian_malayalam,test,0.0,0.32265793931783276,0.38233709551152567,0.29500496517064156
dravidian_malayalam_test_363,dravidian_malayalam,test,0.0,0.33440305184937524,0.41635984198129045,0.24923710616933434
dravidian_malayalam_test_364,dravidian_malayalam,test,0.0,0.3498920210902544,0.40215381340712264,0.24795416550262298
dravidian_malayalam_test_365,dravidian_malayalam,test,0.0,0.3391608423560016,0.31284201484342516,0.34799714280057326
dravidian_malayalam_test_366,dravidian_malayalam,test,0.0,0.3113664133383017,0.4084955992501249,0.28013798741157336
dravidian_malayalam_test_367,dravidian_malayalam,test,0.0,0.33062329424922043,0.4186837523482025,0.2506929534025771
dravidian_malayalam_test_368,dravidian_malayalam,test,0.0,0.3203080156852881,0.42350009528195215,0.25619188903275975
dravidian_malayalam_test_369,dravidian_malayalam,test,0.0,0.30952650254401,0.46437380159270536,0.22609969586328466
dravidian_malayalam_test_370,dravidian_malayalam,test,0.0,0.31780030578033597,0.4580524595238444,0.22414723469581968
dravidian_malayalam_test_371,dravidian_malayalam,test,0.0,0.32592123489672714,0.36005734690365154,0.31402141819962137
dravidian_malayalam_test_372,dravidian_malayalam,test,0.0,0.334134201952453,0.3880271882460343,0.27783860980151265
dravidian_malayalam_test_373,dravidian_malayalam,test,0.0,0.303188122733309,0.4576502520055604,0.23916162526113058
dravidian_malayalam_test_374,dravidian_malayalam,test,0.0,0.3148430403255738,0.35909502497692936,0.32606193469749684
dravidian_malayalam_test_375,dravidian_malayalam,test,0.0,0.310691727690705,0.30923547355110964,0.38007279875818534
dravidian_malayalam_test_376,dravidian_malayalam,test,0.0,0.3362504630798333,0.40934577064680366,0.254403766273363
dravidian_malayalam_test_377,dravidian_malayalam,test,0.0,0.3407990802305684,0.3928285009430156,0.26637241882641605
dravidian_malayalam_test_378,dravidian_malayalam,test,0.0,0.30289778946197216,0.3019300483611796,0.3951721621768482
dravidian_malayalam_test_379,dravidian_malayalam,test,0.0,0.3248404225865109,0.3806766102968059,0.29448296711668315
dravidian_malayalam_test_380,dravidian_malayalam,test,0.0,0.29491670167651035,0.3110531015556159,0.39403019676787376
dravidian_malayalam_test_381,dravidian_malayalam,test,0.0,0.30846097112020704,0.31004685483863725,0.3814921740411557
dravidian_malayalam_test_382,dravidian_malayalam,test,0.0,0.3179914553461958,0.3830260042769443,0.29898254037685995
dravidian_malayalam_test_383,dravidian_malayalam,test,0.0,0.3063227512513418,0.29587158439707506,0.39780566435158315
dravidian_malayalam_test_384,dravidian_malayalam,test,0.0,0.31476515359905877,0.4145897314860619,0.27064511491487936
dravidian_malayalam_test_385,dravidian_malayalam,test,0.0,0.3201811870621657,0.4340890763937341,0.2457297365441002
dravidian_malayalam_test_386,dravidian_malayalam,test,0.0,0.32782777969512833,0.4061497834255601,0.2660224368793116
dravidian_malayalam_test_387,dravidian_malayalam,test,0.0,0.326583570707977,0.3681328329422926,0.3052835963497304
dravidian_malayalam_test_388,dravidian_malayalam,test,0.0,0.29828753040291467,0.30352511878806915,0.39818735080901624
dravidian_malayalam_test_389,dravidian_malayalam,test,0.0,0.34296922584649714,0.4072491471196379,0.24978162703386497
dravidian_malayalam_test_390,dravidian_malayalam,test,0.0,0.3105524399289905,0.39610739652380594,0.29334016354720355
dravidian_malayalam_test_391,dravidian_malayalam,test,0.0,0.3248537387145678,0.4297489116145961,0.24539734967083612
dravidian_malayalam_test_392,dravidian_malayalam,test,0.0,0.30263176555950333,0.29055619881173156,0.4068120356287651
dravidian_malayalam_test_393,dravidian_malayalam,test,0.0,0.36450720276561804,0.39486668356427795,0.240626113670104
dravidian_malayalam_test_394,dravidian_malayalam,test,0.0,0.31712493095741,0.39141355627438806,0.2914615127682019
dravidian_malayalam_test_395,dravidian_malayalam,test,0.0,0.3196944519911798,0.43020357932882497,0.25010196867999523
dravidian_malayalam_test_396,dravidian_malayalam,test,0.0,0.2883246140747474,0.368650828779383,0.34302455714586966
dravidian_malayalam_test_397,dravidian_malayalam,test,0.0,0.31046351747894657,0.3819941352361143,0.3075423472849391
dravidian_malayalam_test_398,dravidian_malayalam,test,0.0,0.3140058060391471,0.3909426431034635,0.2950515508573895
dravidian_malayalam_test_399,dravidian_malayalam,test,0.0,0.29226640398402015,0.43252536529305535,0.27520823072292455
dravidian_malayalam_test_400,dravidian_malayalam,test,0.0,0.3073300825001366,0.405387436485822,0.2872824810140414
dravidian_malayalam_test_401,dravidian_malayalam,test,0.0,0.33641175799663064,0.4201896342500921,0.2433986077532773
dravidian_malayalam_test_402,dravidian_malayalam,test,0.0,0.30864359852171036,0.3735911940100782,0.3177652074682115
dravidian_malayalam_test_403,dravidian_malayalam,test,0.0,0.3109033823130169,0.3488531939054621,0.340243423781521
dravidian_malayalam_test_404,dravidian_malayalam,test,0.0,0.3364519632419799,0.5220287494564875,0.14151928730153263
dravidian_malayalam_test_405,dravidian_malayalam,test,0.0,0.32294334782064266,0.3607313573137201,0.3163252948656372
dravidian_malayalam_test_406,dravidian_malayalam,test,0.0,0.3121657625829252,0.29338822041802987,0.3944460169990449
dravidian_malayalam_test_407,dravidian_malayalam,test,0.0,0.3212400553502923,0.36746055760818785,0.31129938704151977
dravidian_malayalam_test_408,dravidian_malayalam,test,0.0,0.33065240943645074,0.3509601989001355,0.3183873916634138
dravidian_malayalam_test_409,dravidian_malayalam,test,0.0,0.3121508525203162,0.3412818189545441,0.34656732852513966
dravidian_malayalam_test_410,dravidian_malayalam,test,0.0,0.31440413729932026,0.3231968952662545,0.36239896743442523
dravidian_malayalam_test_411,dravidian_malayalam,test,0.0,0.30392903793054954,0.33408255502302303,0.3619884070464275
dravidian_malayalam_test_412,dravidian_malayalam,test,0.0,0.32301475314110556,0.3228888149517025,0.3540964319071919
dravidian_malayalam_test_413,dravidian_malayalam,test,0.0,0.3276825642225319,0.3572891768463236,0.3150282589311445
dravidian_malayalam_test_414,dravidian_malayalam,test,0.0,0.3439299078087561,0.4322293685374827,0.22384072365376118
dravidian_malayalam_test_415,dravidian_malayalam,test,0.0,0.33296292386917686,0.4444540764879074,0.2225829996429157
dravidian_malayalam_test_416,dravidian_malayalam,test,0.0,0.3198061716765944,0.3219627535873777,0.3582310747360279
dravidian_malayalam_test_417,dravidian_malayalam,test,0.0,0.34603318237664643,0.4235501626095062,0.2304166550138474
dravidian_malayalam_test_418,dravidian_malayalam,test,0.0,0.3228529052976655,0.3493586764909808,0.3277884182113537
dravidian_malayalam_test_419,dravidian_malayalam,test,0.0,0.3006313126418871,0.3581203654532698,0.3412483219048431
dravidian_malayalam_test_420,dravidian_malayalam,test,0.0,0.3595156695703585,0.2670123198949603,0.37347201053468115
dravidian_malayalam_test_421,dravidian_malayalam,test,0.0,0.3404171746499967,0.42361400468704186,0.23596882066296143
dravidian_malayalam_test_422,dravidian_malayalam,test,0.0,0.31153450035863095,0.35183593855527123,0.3366295610860978
dravidian_malayalam_test_423,dravidian_malayalam,test,0.0,0.3558858855460737,0.39737345358199955,0.24674066087192675
dravidian_malayalam_test_424,dravidian_malayalam,test,0.0,0.30128296603999205,0.42627936376328374,0.2724376701967242
dravidian_malayalam_test_425,dravidian_malayalam,test,0.0,0.30475117927508133,0.3841168873830713,0.31113193334184736
dravidian_malayalam_test_426,dravidian_malayalam,test,0.0,0.3079371536216364,0.29824541984407166,0.39381742653429197
dravidian_malayalam_test_427,dravidian_malayalam,test,0.0,0.29791835071515804,0.30767569532331285,0.39440595396152905
dravidian_malayalam_test_428,dravidian_malayalam,test,0.0,0.3153413288095156,0.3667338557981316,0.31792481539235273
dravidian_malayalam_test_429,dravidian_malayalam,test,0.0,0.3112331088776914,0.49543358816186317,0.19333330296044537
dravidian_malayalam_test_430,dravidian_malayalam,test,0.0,0.3270774182340436,0.413558435323901,0.25936414644205535
dravidian_malayalam_test_431,dravidian_malayalam,test,0.0,0.3358889235931105,0.4463607793637965,0.21775029704309298
dravidian_malayalam_test_432,dravidian_malayalam,test,0.0,0.3170029386415181,0.37593284954096595,0.307064211817516
dravidian_malayalam_test_433,dravidian_malayalam,test,0.0,0.32667370918501654,0.4053379554133377,0.26798833540164574
dravidian_malayalam_test_434,dravidian_malayalam,test,0.0,0.3177362944601257,0.4545714813926011,0.2276922241472732
dravidian_malayalam_test_435,dravidian_malayalam,test,0.0,0.3217361041090009,0.3539888175848195,0.3242750783061796
dravidian_malayalam_test_436,dravidian_malayalam,test,0.0,0.32518042182225093,0.39549030504425015,0.2793292731334989
dravidian_malayalam_test_437,dravidian_malayalam,test,0.0,0.33358480047297645,0.5260394967086076,0.14037570281841594
dravidian_malayalam_test_438,dravidian_malayalam,test,0.0,0.34181354202852954,0.29515382312907334,0.3630326348423971
dravidian_malayalam_test_439,dravidian_malayalam,test,0.0,0.3254180988397689,0.4205010623374706,0.25408083882276056
dravidian_malayalam_test_440,dravidian_malayalam,test,0.0,0.32708239359516267,0.45596716145492583,0.21695044494991153
dravidian_malayalam_test_441,dravidian_malayalam,test,0.0,0.32105336805980256,0.36518460267116437,0.3137620292690331
dravidian_malayalam_test_442,dravidian_malayalam,test,0.0,0.30355548413731265,0.3334999865850383,0.36294452927764903
dravidian_malayalam_test_443,dravidian_malayalam,test,0.0,0.30594688924352187,0.5098513220284497,0.1842017887280284
dravidian_malayalam_test_444,dravidian_malayalam,test,0.0,0.33416715808429553,0.4655405276874203,0.20029231422828409
dravidian_malayalam_test_445,dravidian_malayalam,test,0.0,0.33003404962863425,0.37703444649804463,0.2929315038733211
dravidian_malayalam_test_446,dravidian_malayalam,test,0.0,0.3115993719514139,0.43452414161379793,0.25387648643478816
dravidian_malayalam_test_447,dravidian_malayalam,test,0.0,0.30269852392242785,0.29525439991841773,0.4020470761591544
dravidian_malayalam_test_448,dravidian_malayalam,test,0.0,0.33114795183689444,0.44283280314638657,0.22601924501671902
dravidian_malayalam_test_449,dravidian_malayalam,test,0.0,0.27551478456515177,0.2676298050979998,0.45685541033684846
dravidian_malayalam_test_450,dravidian_malayalam,test,0.0,0.3173743508322311,0.4441540771808423,0.2384715719869266
dravidian_malayalam_test_451,dravidian_malayalam,test,0.0,0.3208513853047774,0.39306050308728446,0.2860881116079382
dravidian_malayalam_test_452,dravidian_malayalam,test,0.0,0.3237662550588073,0.4340788871918334,0.2421548577493593
dravidian_malayalam_test_453,dravidian_malayalam,test,0.0,0.33669813216213074,0.42904842137914745,0.23425344645872181
dravidian_malayalam_test_454,dravidian_malayalam,test,0.0,0.3376147748856275,0.48490757201263374,0.17747765310173874
dravidian_malayalam_test_455,dravidian_malayalam,test,0.0,0.3152727135150352,0.3984526442672455,0.28627464221771926
dravidian_malayalam_test_456,dravidian_malayalam,test,0.0,0.33411690357519297,0.48794545760671265,0.17793763881809438
dravidian_malayalam_test_457,dravidian_malayalam,test,0.0,0.31476149313100527,0.39812748848136575,0.287111018387629
dravidian_malayalam_test_458,dravidian_malayalam,test,0.0,0.33355245022797897,0.3852114171751695,0.28123613259685154
dravidian_malayalam_test_459,dravidian_malayalam,test,0.0,0.31180469092962343,0.38297035837298815,0.3052249506973885
dravidian_malayalam_test_460,dravidian_malayalam,test,0.0,0.3460850930220405,0.42610775846617827,0.22780714851178124
dravidian_malayalam_test_461,dravidian_malayalam,test,0.0,0.33887448179591934,0.3472154866555555,0.31391003154852515
dravidian_malayalam_test_462,dravidian_malayalam,test,0.0,0.3217955717679753,0.40888472999329056,0.26931969823873414
dravidian_malayalam_test_463,dravidian_malayalam,test,0.0,0.3358796657684136,0.4018037464166039,0.2623165878149825
dravidian_malayalam_test_464,dravidian_malayalam,test,0.0,0.3268779179840868,0.4843313269266032,0.18879075508931004
dravidian_malayalam_test_465,dravidian_malayalam,test,0.0,0.3219349932994139,0.38287728013485517,0.2951877265657309
dravidian_malayalam_test_466,dravidian_malayalam,test,0.0,0.30493867368454797,0.37736922711501836,0.3176920992004337
dravidian_malayalam_test_467,dravidian_malayalam,test,0.0,0.3349302766062301,0.4002792754763711,0.2647904479173988
dravidian_malayalam_test_468,dravidian_malayalam,test,0.0,0.31070889425245385,0.3236751676805304,0.36561593806701576
dravidian_malayalam_test_469,dravidian_malayalam,test,0.0,0.3485330458923552,0.36160964637134646,0.2898573077362983
dravidian_malayalam_test_470,dravidian_malayalam,test,0.0,0.3254846206523439,0.43462631411506514,0.23988906523259096
dravidian_malayalam_test_471,dravidian_malayalam,test,0.0,0.3333734608290687,0.3556445096492193,0.310982029521712
dravidian_malayalam_test_472,dravidian_malayalam,test,0.0,0.3310400866068922,0.4234400102569473,0.24551990313616057
dravidian_malayalam_test_473,dravidian_malayalam,test,0.0,0.31183886646394454,0.3401023023859397,0.3480588311501158
dravidian_malayalam_test_474,dravidian_malayalam,test,0.0,0.31986426672675444,0.4153431858398713,0.26479254743337427
dravidian_malayalam_test_475,dravidian_malayalam,test,0.0,0.33796843120431624,0.39836194002169634,0.2636696287739874
dravidian_malayalam_test_476,dravidian_malayalam,test,0.0,0.3188426748543652,0.40061249508676955,0.28054483005886527
dravidian_malayalam_test_477,dravidian_malayalam,test,0.0,0.329442792432773,0.5224431715928718,0.14811403597435516
dravidian_malayalam_test_478,dravidian_malayalam,test,0.0,0.3256313938714813,0.3438245714224013,0.3305440347061174
dravidian_malayalam_test_479,dravidian_malayalam,test,0.0,0.3288007316191967,0.39207412536882036,0.2791251430119829
dravidian_malayalam_test_480,dravidian_malayalam,test,0.0,0.32977111703959633,0.3913844637849126,0.2788444191754911
dravidian_malayalam_test_481,dravidian_malayalam,test,0.0,0.34142014390264974,0.43319240808619347,0.2253874480111568
dravidian_malayalam_test_482,dravidian_malayalam,test,0.0,0.32643049226927434,0.4140581369103845,0.25951137082034115
dravidian_malayalam_test_483,dravidian_malayalam,test,0.0,0.31389510210794075,0.35338333260595556,0.3327215652861037
dravidian_malayalam_test_484,dravidian_malayalam,test,0.0,0.32208616630743725,0.3578605396449659,0.3200532940475968
dravidian_malayalam_test_485,dravidian_malayalam,test,0.0,0.3044351076382994,0.3916138518978941,0.3039510404638065
dravidian_malayalam_test_486,dravidian_malayalam,test,0.0,0.3425781064169918,0.40974688736716725,0.24767500621584093
dravidian_malayalam_test_487,dravidian_malayalam,test,0.0,0.32730789639779284,0.43208640466445397,0.2406056989377532
dravidian_malayalam_test_488,dravidian_malayalam,test,0.0,0.34146970339864785,0.42749093615773454,0.23103936044361761
dravidian_malayalam_test_489,dravidian_malayalam,test,0.0,0.3352915285926821,0.37646719970582426,0.28824127170149366
dravidian_malayalam_test_490,dravidian_malayalam,test,0.0,0.29522057700348686,0.2702498621806958,0.43452956081581734
dravidian_malayalam_test_491,dravidian_malayalam,test,0.0,0.31402149534172186,0.3719746486363974,0.31400385602188075
dravidian_malayalam_test_492,dravidian_malayalam,test,0.0,0.31529101166110557,0.42979644663066285,0.2549125417082316
dravidian_malayalam_test_493,dravidian_malayalam,test,0.0,0.30744688770055256,0.4182658819155568,0.2742872303838907
dravidian_malayalam_test_494,dravidian_malayalam,test,0.0,0.37224141638737634,0.4311591630216913,0.19659942059093233
dravidian_malayalam_test_495,dravidian_malayalam,test,0.0,0.300844725775492,0.3071726762548337,0.39198259796967433
dravidian_malayalam_test_496,dravidian_malayalam,test,0.0,0.3143205928261927,0.4116681661108656,0.27401124106294167
dravidian_malayalam_test_497,dravidian_malayalam,test,0.0,0.3384681394083216,0.45528035717027515,0.20625150342140325
dravidian_malayalam_test_498,dravidian_malayalam,test,0.0,0.32508280676365087,0.41394512176310394,0.2609720714732452
dravidian_malayalam_test_499,dravidian_malayalam,test,0.0,0.3014069404449979,0.3135382674646431,0.3850547920903591
dravidian_malayalam_test_500,dravidian_malayalam,test,0.0,0.32154950938509796,0.48484637057315766,0.1936041200417444
dravidian_malayalam_test_501,dravidian_malayalam,test,0.0,0.32194058929140235,0.4014974545437845,0.27656195616481316
dravidian_malayalam_test_502,dravidian_malayalam,test,0.0,0.3334204808085346,0.44296803991384676,0.22361147927761865
dravidian_malayalam_test_503,dravidian_malayalam,test,0.0,0.3174001859268604,0.3877655261268731,0.2948342879462665
dravidian_malayalam_test_504,dravidian_malayalam,test,0.0,0.34412356010050377,0.38967128235570514,0.26620515754379104
dravidian_malayalam_test_505,dravidian_malayalam,test,0.0,0.3244323361062979,0.43064728055119855,0.24492038334250354
dravidian_malayalam_test_506,dravidian_malayalam,test,0.0,0.3394885396626465,0.4459161810561232,0.2145952792812303
dravidian_malayalam_test_507,dravidian_malayalam,test,0.0,0.3258789310393457,0.4101953180087435,0.2639257509519109
dravidian_malayalam_test_508,dravidian_malayalam,test,0.0,0.3168266193836613,0.4177815938369515,0.2653917867793872
dravidian_malayalam_test_509,dravidian_malayalam,test,0.0,0.2999387370882682,0.28566911736086414,0.4143921455508677
dravidian_malayalam_test_510,dravidian_malayalam,test,0.0,0.3430587740854673,0.43042585771795366,0.22651536819657905
dravidian_malayalam_test_511,dravidian_malayalam,test,0.0,0.33600091738866295,0.407939071729546,0.25606001088179103
dravidian_malayalam_test_512,dravidian_malayalam,test,0.0,0.3270119634539102,0.3762285734097094,0.29675946313638046
dravidian_malayalam_test_513,dravidian_malayalam,test,0.0,0.34480873959373326,0.3736568240278903,0.2815344363783764
dravidian_malayalam_test_514,dravidian_malayalam,test,0.0,0.348336618857232,0.4020104696849786,0.24965291145778937
dravidian_malayalam_test_515,dravidian_malayalam,test,0.0,0.3197668920195259,0.3355607700830437,0.3446723378974304
dravidian_malayalam_test_516,dravidian_malayalam,test,0.0,0.31847101656825594,0.33719925971622455,0.3443297237155195
dravidian_malayalam_test_517,dravidian_malayalam,test,0.0,0.3249007902080175,0.4112376840879954,0.26386152570398713
dravidian_malayalam_test_518,dravidian_malayalam,test,0.0,0.3097275266066405,0.3418421286222813,0.3484303447710782
dravidian_malayalam_test_519,dravidian_malayalam,test,0.0,0.3136411566413977,0.3558571274505064,0.3305017159080959
dravidian_malayalam_test_520,dravidian_malayalam,test,0.0,0.3428508015891218,0.40726645902536823,0.24988273938550998
dravidian_malayalam_test_521,dravidian_malayalam,test,0.0,0.3293198816839128,0.4078765847682977,0.2628035335477895
dravidian_malayalam_test_522,dravidian_malayalam,test,0.0,0.32676500843928213,0.4134096364284026,0.2598253551323153
dravidian_malayalam_test_523,dravidian_malayalam,test,0.0,0.34527783664098927,0.4960157269456607,0.15870643641335005
dravidian_malayalam_test_524,dravidian_malayalam,test,0.0,0.3105627758936346,0.43295473155881814,0.25648249254754724
dravidian_malayalam_test_525,dravidian_malayalam,test,0.0,0.3141181800949343,0.37193043818862354,0.31395138171644216
dravidian_malayalam_test_526,dravidian_malayalam,test,0.0,0.33070352874742515,0.4581381688233475,0.2111583024292273
dravidian_malayalam_test_527,dravidian_malayalam,test,0.0,0.3039483159305395,0.3052278030057475,0.3908238810637131
dravidian_malayalam_test_528,dravidian_malayalam,test,0.0,0.32561664503771204,0.4086025838967731,0.26578077106551484
dravidian_malayalam_test_529,dravidian_malayalam,test,0.0,0.32319354665379363,0.41230787469604946,0.2644985786501569
dravidian_malayalam_test_530,dravidian_malayalam,test,0.0,0.3328448710983396,0.40570167476897107,0.2614534541326893
dravidian_malayalam_test_531,dravidian_malayalam,test,0.0,0.33199579596716233,0.3100267365193668,0.35797746751347087
dravidian_malayalam_test_532,dravidian_malayalam,test,0.0,0.2881608789565968,0.2778871871491305,0.4339519338942727
dravidian_malayalam_test_533,dravidian_malayalam,test,0.0,0.33125854554961914,0.3214182856437075,0.34732316880667335
dravidian_malayalam_test_534,dravidian_malayalam,test,0.0,0.33208278106270384,0.4135485864574362,0.25436863247985997
dravidian_malayalam_test_535,dravidian_malayalam,test,0.0,0.3150359351201331,0.2573686012017951,0.4275954636780718
dravidian_malayalam_test_536,dravidian_malayalam,test,0.0,0.33985597181554034,0.435331578327243,0.22481244985721666
dravidian_malayalam_test_537,dravidian_malayalam,test,0.0,0.34197363551003146,0.46110733871598136,0.19691902577398718
dravidian_malayalam_test_538,dravidian_malayalam,test,0.0,0.3194611099698897,0.3521627482328037,0.3283761417973066
dravidian_malayalam_test_539,dravidian_malayalam,test,0.0,0.30918280250579133,0.40249822415587394,0.2883189733383347
dravidian_malayalam_test_540,dravidian_malayalam,test,0.0,0.3261413185008113,0.45513100874059337,0.21872767275859537
dravidian_malayalam_test_541,dravidian_malayalam,test,0.0,0.32701701794256627,0.3146646941361014,0.35831828792133236
dravidian_malayalam_test_542,dravidian_malayalam,test,0.0,0.32072059524592494,0.43447209494566263,0.24480730980841242
dravidian_malayalam_test_543,dravidian_malayalam,test,0.0,0.3143579558627763,0.4169609557691156,0.26868108836810806
dravidian_malayalam_test_544,dravidian_malayalam,test,0.0,0.3164629462910597,0.3326220967202474,0.3509149569886929
dravidian_malayalam_test_545,dravidian_malayalam,test,0.0,0.3489473781681026,0.39635250227891444,0.25470011955298294
dravidian_malayalam_test_546,dravidian_malayalam,test,0.0,0.3477676233306046,0.37105222226467716,0.2811801544047182
dravidian_malayalam_test_547,dravidian_malayalam,test,0.0,0.3510210399412251,0.3816402477441634,0.26733871231461154
dravidian_malayalam_test_548,dravidian_malayalam,test,0.0,0.33792863063864204,0.3966367190322021,0.26543465032915586
dravidian_malayalam_test_549,dravidian_malayalam,test,0.0,0.31279471240627127,0.4421497456605293,0.24505554193319942
dravidian_malayalam_test_550,dravidian_malayalam,test,0.0,0.3032975768991978,0.41534659821411296,0.2813558248866892
dravidian_malayalam_test_551,dravidian_malayalam,test,0.0,0.3306691238963845,0.38206187402160197,0.28726900208201356
dravidian_malayalam_test_552,dravidian_malayalam,test,0.0,0.3094225844515462,0.4215984826747804,0.26897893287367336
dravidian_malayalam_test_553,dravidian_malayalam,test,0.0,0.3312179022707191,0.39816289122035536,0.27061920650892546
dravidian_malayalam_test_554,dravidian_malayalam,test,0.0,0.3190882183845718,0.3262261732330442,0.354685608382384
dravidian_malayalam_test_555,dravidian_malayalam,test,0.0,0.36121294612966226,0.3920756180931351,0.24671143577720267
dravidian_malayalam_test_556,dravidian_malayalam,test,0.0,0.3439738571970108,0.457625410817507,0.1984007319854822
dravidian_malayalam_test_557,dravidian_malayalam,test,0.0,0.31068418983616036,0.4342233556522984,0.25509245451154117
dravidian_malayalam_test_558,dravidian_malayalam,test,0.0,0.31949648926553026,0.47629089434851024,0.20421261638595953
dravidian_malayalam_test_559,dravidian_malayalam,test,0.0,0.3163780345075423,0.31741195214903895,0.36621001334341874
dravidian_malayalam_test_560,dravidian_malayalam,test,0.0,0.3190226198022402,0.29027142369541475,0.390705956502345
dravidian_malayalam_test_561,dravidian_malayalam,test,0.0,0.31797787307968184,0.3186918264376314,0.3633303004826868
dravidian_malayalam_test_562,dravidian_malayalam,test,0.0,0.31548279631677095,0.4053190672859315,0.2791981363972975
dravidian_malayalam_test_563,dravidian_malayalam,test,0.0,0.3349316872649135,0.3763972874394867,0.2886710252955998
dravidian_malayalam_test_564,dravidian_malayalam,test,0.0,0.3360213843194524,0.39760785442708163,0.2663707612534659
dravidian_malayalam_test_565,dravidian_malayalam,test,0.0,0.31230136883461374,0.4245608218012562,0.26313780936413
dravidian_malayalam_test_566,dravidian_malayalam,test,0.0,0.32682180778572595,0.3401276219434635,0.3330505702708105
dravidian_malayalam_test_567,dravidian_malayalam,test,0.0,0.32512516858750135,0.3386197670032537,0.33625506440924496
dravidian_malayalam_test_568,dravidian_malayalam,test,0.0,0.3189599532167106,0.35213051812618046,0.32890952865710893
dravidian_malayalam_test_569,dravidian_malayalam,test,0.0,0.32177013348815797,0.3801216036542042,0.29810826285763775
dravidian_malayalam_test_570,dravidian_malayalam,test,0.0,0.35499190864301067,0.41530855259709626,0.22969953875989307
dravidian_malayalam_test_571,dravidian_malayalam,test,0.0,0.32553651733606137,0.3367436595148058,0.33771982314913285
dravidian_malayalam_test_572,dravidian_malayalam,test,0.0,0.32098741808616627,0.45164686617264294,0.22736571574119077
dravidian_malayalam_test_573,dravidian_malayalam,test,0.0,0.3377893137637213,0.46874035032617,0.1934703359101087
dravidian_malayalam_test_574,dravidian_malayalam,test,0.0,0.3219938181750878,0.40663989109768583,0.27136629072722634
dravidian_malayalam_test_575,dravidian_malayalam,test,0.0,0.3116409300460892,0.37937613688395017,0.3089829330699606
dravidian_malayalam_test_576,dravidian_malayalam,test,0.0,0.308594424497282,0.3508324819875004,0.34057309351521753
dravidian_malayalam_test_577,dravidian_malayalam,test,0.0,0.3035685381480222,0.4374276858884819,0.2590037759634959
dravidian_malayalam_test_578,dravidian_malayalam,test,0.0,0.32990110827000474,0.40284078041499394,0.2672581113150013
dravidian_malayalam_test_579,dravidian_malayalam,test,0.0,0.3090286535360252,0.4128570955434505,0.2781142509205243
dravidian_malayalam_test_580,dravidian_malayalam,test,0.0,0.3306034469166497,0.3911324356965993,0.278264117386751
dravidian_malayalam_test_581,dravidian_malayalam,test,0.0,0.31035101467507065,0.37116490382153045,0.31848408150339885
dravidian_malayalam_test_582,dravidian_malayalam,test,0.0,0.3243733040722615,0.4416052995516137,0.2340213963761248
dravidian_malayalam_test_583,dravidian_malayalam,test,0.0,0.3070454494240565,0.3222844143031118,0.37067013627283174
dravidian_malayalam_test_584,dravidian_malayalam,test,0.0,0.3005172079096182,0.3225209678707624,0.3769618242196194
dravidian_malayalam_test_585,dravidian_malayalam,test,0.0,0.32156452102753674,0.32673238917013386,0.3517030898023294
dravidian_malayalam_test_586,dravidian_malayalam,test,0.0,0.32025568525193043,0.40796460352339986,0.27177971122466976
dravidian_malayalam_test_587,dravidian_malayalam,test,0.0,0.3059077572490263,0.38251414495079455,0.31157809780017914
dravidian_malayalam_test_588,dravidian_malayalam,test,0.0,0.33445619249112984,0.4598741832637619,0.20566962424510823
dravidian_malayalam_test_589,dravidian_malayalam,test,0.0,0.3129204441593388,0.4162116881347465,0.27086786770591476
dravidian_malayalam_test_590,dravidian_malayalam,test,0.0,0.3442164561835536,0.37630053946615355,0.2794830043502929
dravidian_malayalam_test_591,dravidian_malayalam,test,0.0,0.31349381621262373,0.4074146405712618,0.27909154321611446
dravidian_malayalam_test_592,dravidian_malayalam,test,0.0,0.3222578158467799,0.3426595075324861,0.335082676620734
dravidian_malayalam_test_593,dravidian_malayalam,test,0.0,0.3218981423701433,0.4161885984409203,0.2619132591889364
dravidian_malayalam_test_594,dravidian_malayalam,test,0.0,0.32482209497818626,0.3750752446535341,0.3001026603682796
dravidian_malayalam_test_595,dravidian_malayalam,test,0.0,0.31089291191053414,0.4084399049650973,0.28066718312436856
dravidian_malayalam_test_596,dravidian_malayalam,test,0.0,0.3302327984346701,0.40286324683706876,0.2669039547282612
dravidian_malayalam_test_597,dravidian_malayalam,test,0.0,0.32890266480791525,0.5064046955764553,0.1646926396156294
dravidian_malayalam_test_598,dravidian_malayalam,test,0.0,0.344606154649368,0.45946577723527393,0.19592806811535807
dravidian_malayalam_test_599,dravidian_malayalam,test,0.0,0.29952657432833735,0.30956705108271726,0.39090637458894534
dravidian_malayalam_test_600,dravidian_malayalam,test,0.0,0.3157743657241239,0.39552408483074714,0.288701549445129
dravidian_malayalam_test_601,dravidian_malayalam,test,0.0,0.33808759659472754,0.4271474234269789,0.23476497997829354
dravidian_malayalam_test_602,dravidian_malayalam,test,0.0,0.30715594170708077,0.4423623329239108,0.2504817253690084
dravidian_malayalam_test_603,dravidian_malayalam,test,0.0,0.35584674151530954,0.35699158845255674,0.28716167003213366
dravidian_malayalam_test_604,dravidian_malayalam,test,0.0,0.3084458362426749,0.3676256097568323,0.3239285540004928
dravidian_malayalam_test_605,dravidian_malayalam,test,0.0,0.33193086931192956,0.35441421306653986,0.3136549176215305
dravidian_malayalam_test_606,dravidian_malayalam,test,0.0,0.34503328890126855,0.41042355151322374,0.2445431595855077
dravidian_malayalam_test_607,dravidian_malayalam,test,0.0,0.33434766085047884,0.41012375296921044,0.2555285861803107
dravidian_malayalam_test_608,dravidian_malayalam,test,0.0,0.3381721892434766,0.4708014255791065,0.19102638517741694
dravidian_malayalam_test_609,dravidian_malayalam,test,0.0,0.335951927279386,0.43085745923544544,0.2331906134851686
dravidian_malayalam_test_610,dravidian_malayalam,test,0.0,0.3486917130614404,0.38305693039496536,0.2682513565435942
dravidian_malayalam_test_611,dravidian_malayalam,test,0.0,0.32278585706722734,0.41819243718219,0.25902170575058264
dravidian_malayalam_test_612,dravidian_malayalam,test,0.0,0.34211895875294723,0.3677896887140962,0.2900913525329566
dravidian_malayalam_test_613,dravidian_malayalam,test,0.0,0.32042755627372405,0.385833519610227,0.29373892411604896
dravidian_malayalam_test_614,dravidian_malayalam,test,0.0,0.35302092252529305,0.3779523540821282,0.26902672339257877
dravidian_malayalam_test_615,dravidian_malayalam,test,0.0,0.37645496917605314,0.26634642658731156,0.35719860423663524
dravidian_malayalam_test_616,dravidian_malayalam,test,0.0,0.3196022455492572,0.44908408002102324,0.2313136744297196
dravidian_malayalam_test_617,dravidian_malayalam,test,0.0,0.31013580429406856,0.4242904392960926,0.2655737564098388
dravidian_malayalam_test_618,dravidian_malayalam,test,0.0,0.31599703526481654,0.3601928440339473,0.32381012070123616
dravidian_malayalam_test_619,dravidian_malayalam,test,0.0,0.321411334769958,0.34781420726266254,0.3307744579673794
dravidian_malayalam_test_620,dravidian_malayalam,test,0.0,0.343963729140657,0.39687054592992305,0.25916572492941997
dravidian_malayalam_test_621,dravidian_malayalam,test,0.0,0.31422647312115,0.35895720922918833,0.3268163176496616
dravidian_malayalam_test_622,dravidian_malayalam,test,0.0,0.3059591589000279,0.25379066140686163,0.4402501796931105
dravidian_malayalam_test_623,dravidian_malayalam,test,0.0,0.32522562881896244,0.41989263644438973,0.2548817347366478
dravidian_malayalam_test_624,dravidian_malayalam,test,0.0,0.3224388610006429,0.3620829399988638,0.3154781990004933
dravidian_malayalam_test_625,dravidian_malayalam,test,0.0,0.32953778687571683,0.3083276504505757,0.36213456267370747
dravidian_malayalam_test_626,dravidian_malayalam,test,0.0,0.3448066617908303,0.41811915145791934,0.23707418675125036
dravidian_malayalam_test_627,dravidian_malayalam,test,0.0,0.31843721029271294,0.33284686782166234,0.34871592188562467
dravidian_malayalam_test_628,dravidian_malayalam,test,0.0,0.31061397084878695,0.31231035231413207,0.377075676837081
dravidian_malayalam_test_629,dravidian_malayalam,test,0.0,0.3196153343591604,0.4522656931060912,0.22811897253474842
dravidian_malayalam_test_630,dravidian_malayalam,test,0.0,0.32851380424647203,0.31334154852742935,0.3581446472260986
dravidian_malayalam_test_631,dravidian_malayalam,test,0.0,0.31044608164847826,0.4058818208588507,0.283672097492671
dravidian_malayalam_test_632,dravidian_malayalam,test,0.0,0.29044322501728215,0.39342883111202454,0.3161279438706933
dravidian_malayalam_test_633,dravidian_malayalam,test,0.0,0.3116207635258585,0.28550215130441337,0.40287708516972814
dravidian_malayalam_test_634,dravidian_malayalam,test,0.0,0.3217304598823148,0.41222496688389115,0.2660445732337941
dravidian_malayalam_test_635,dravidian_malayalam,test,0.0,0.33313559402849224,0.4043934297498784,0.26247097622162935
dravidian_malayalam_test_636,dravidian_malayalam,test,0.0,0.33823555132014127,0.36483255787880486,0.29693189080105387
dravidian_malayalam_test_637,dravidian_malayalam,test,0.0,0.31697478475388163,0.44282023072489834,0.24020498452122002
dravidian_malayalam_test_638,dravidian_malayalam,test,0.0,0.3212965240365924,0.413665233225164,0.26503824273824356
dravidian_malayalam_test_639,dravidian_malayalam,test,0.0,0.30959252176203506,0.47250719976203603,0.21790027847592894
dravidian_malayalam_test_640,dravidian_malayalam,test,0.0,0.3181759949175578,0.4158990398080182,0.265924965274424
dravidian_malayalam_test_641,dravidian_malayalam,test,0.0,0.3300970703954536,0.3619571933060401,0.30794573629850636
dravidian_malayalam_test_642,dravidian_malayalam,test,0.0,0.2721931433583568,0.2317719364183088,0.4960349202233344
dravidian_malayalam_test_643,dravidian_malayalam,test,0.0,0.3227032116500353,0.45694461108591716,0.22035217726404754
dravidian_malayalam_test_644,dravidian_malayalam,test,0.0,0.30027437000305207,0.3109826662345549,0.38874296376239303
dravidian_malayalam_test_645,dravidian_malayalam,test,0.0,0.30494731343792986,0.41969361513954034,0.27535907142252974
dravidian_malayalam_test_646,dravidian_malayalam,test,0.0,0.3066870223698746,0.3631323040462644,0.33018067358386094
dravidian_malayalam_test_647,dravidian_malayalam,test,0.0,0.32536745853656535,0.45012327244235323,0.22450926902108143
dravidian_malayalam_test_648,dravidian_malayalam,test,0.0,0.3131634243838312,0.3353642520839513,0.35147232353221747
dravidian_malayalam_test_649,dravidian_malayalam,test,0.0,0.29088997698180863,0.40532086107507503,0.30378916194311634
dravidian_malayalam_test_650,dravidian_malayalam,test,0.0,0.3198657594846368,0.4180056232302924,0.26212861728507075
dravidian_malayalam_test_651,dravidian_malayalam,test,0.0,0.32156976033021284,0.4815608595736486,0.19686938009613858
dravidian_malayalam_test_652,dravidian_malayalam,test,0.0,0.3216415636001115,0.48343623684866116,0.19492219955122733
dravidian_malayalam_test_653,dravidian_malayalam,test,0.0,0.3305907116746555,0.3830223155127561,0.2863869728125884
dravidian_malayalam_test_654,dravidian_malayalam,test,0.0,0.3072370239369962,0.397919339412215,0.29484363665078883
dravidian_malayalam_test_655,dravidian_malayalam,test,0.0,0.3036561320533408,0.42680146303633265,0.26954240491032655
dravidian_malayalam_test_656,dravidian_malayalam,test,0.0,0.3211412546949548,0.38479659425439044,0.29406215105065475
dravidian_malayalam_test_657,dravidian_malayalam,test,0.0,0.3296171980950205,0.4038819147821726,0.2665008871228069
dravidian_malayalam_test_658,dravidian_malayalam,test,0.0,0.34640209175230785,0.47561469099698006,0.17798321725071214
dravidian_malayalam_test_659,dravidian_malayalam,test,0.0,0.3261411404776388,0.48565353556341767,0.1882053239589435
dravidian_malayalam_test_660,dravidian_malayalam,test,0.0,0.32875175037929794,0.4934427056256755,0.1778055439950266
dravidian_malayalam_test_661,dravidian_malayalam,test,0.0,0.31466648344122855,0.27452509650050033,0.4108084200582712
dravidian_malayalam_test_662,dravidian_malayalam,test,0.0,0.32663690410060375,0.47175474413110696,0.20160835176828926
dravidian_malayalam_test_663,dravidian_malayalam,test,0.0,0.3090567028482698,0.3569331402981044,0.3340101568536258
dravidian_malayalam_test_664,dravidian_malayalam,test,0.0,0.33673155349954437,0.4144220352710246,0.24884641122943105
dravidian_malayalam_test_665,dravidian_malayalam,test,0.0,0.3413794274579027,0.44895193912103415,0.2096686334210632
dravidian_malayalam_test_666,dravidian_malayalam,test,0.0,0.31914634947202514,0.3461127210699931,0.3347409294579818
dravidian_malayalam_test_667,dravidian_malayalam,test,0.0,0.32455303330994817,0.45306575137418365,0.22238121531586819
dravidian_malayalam_test_668,dravidian_malayalam,test,0.0,0.33441079524460265,0.4399299710852136,0.22565923367018376
dravidian_malayalam_test_669,dravidian_malayalam,test,0.0,0.32961485942449087,0.3433966631153519,0.32698847746015725
dravidian_malayalam_test_670,dravidian_malayalam,test,0.0,0.30316451931260313,0.31185557714853673,0.3849799035388601
dravidian_malayalam_test_671,dravidian_malayalam,test,0.0,0.3315271524296569,0.37195013515695696,0.2965227124133861
dravidian_malayalam_test_672,dravidian_malayalam,test,0.0,0.3356833322141852,0.35562177800705286,0.3086948897787619
dravidian_malayalam_test_673,dravidian_malayalam,test,0.0,0.31777408431617055,0.40007254873092934,0.2821533669529001
dravidian_malayalam_test_674,dravidian_malayalam,test,0.0,0.3143700764221707,0.3492163489278523,0.33641357464997707
dravidian_malayalam_test_675,dravidian_malayalam,test,0.0,0.33376399126858525,0.4195228605717548,0.24671314815965992
dravidian_malayalam_test_676,dravidian_malayalam,test,0.0,0.2944580061623012,0.25949057995688235,0.44605141388081637
dravidian_malayalam_test_677,dravidian_malayalam,test,0.0,0.3059837500508216,0.3422029057581905,0.35181334419098786
dravidian_malayalam_test_678,dravidian_malayalam,test,0.0,0.3132702013446757,0.32466550300501135,0.362064295650313
dravidian_malayalam_test_679,dravidian_malayalam,test,0.0,0.3133828587042387,0.3998861134010748,0.28673102789468646
dravidian_malayalam_test_680,dravidian_malayalam,test,0.0,0.33111705256717966,0.3884333527460116,0.2804495946868088
dravidian_malayalam_test_681,dravidian_malayalam,test,0.0,0.32988185094677513,0.35565745093440193,0.314460698118823
dravidian_malayalam_test_682,dravidian_malayalam,test,0.0,0.3413267005212026,0.41137435925218335,0.247298940226614
dravidian_malayalam_test_683,dravidian_malayalam,test,0.0,0.3288754443828957,0.38441565422270135,0.28670890139440297
dravidian_malayalam_test_684,dravidian_malayalam,test,0.0,0.3187881715168193,0.39641060635911257,0.28480122212406817
dravidian_malayalam_test_685,dravidian_malayalam,test,0.0,0.34618097496030703,0.3804574178287991,0.27336160721089386
dravidian_malayalam_test_686,dravidian_malayalam,test,0.0,0.32030335670792026,0.39953661163746673,0.280160031654613
dravidian_malayalam_test_687,dravidian_malayalam,test,0.0,0.33498465368240904,0.4427925347590557,0.22222281155853524
dravidian_malayalam_test_688,dravidian_malayalam,test,0.0,0.32314004527422524,0.33976811713474037,0.3370918375910344
dravidian_malayalam_test_689,dravidian_malayalam,test,0.0,0.3088541865267057,0.3348278529637142,0.3563179605095801
dravidian_malayalam_test_690,dravidian_malayalam,test,0.0,0.34908334812485736,0.39954219272625846,0.2513744591488842
dravidian_malayalam_test_691,dravidian_malayalam,test,0.0,0.3330870966749505,0.4002768880517678,0.2666360152732817
dravidian_malayalam_test_692,dravidian_malayalam,test,0.0,0.3002865958664471,0.353296631358046,0.3464167727755068
dravidian_malayalam_test_693,dravidian_malayalam,test,0.0,0.32398492146461505,0.3535153895746114,0.3224996889607735
dravidian_malayalam_test_694,dravidian_malayalam,test,0.0,0.30924536749934756,0.4835116737340385,0.20724295876661392
dravidian_malayalam_test_695,dravidian_malayalam,test,0.0,0.34532392138914814,0.368099117109348,0.28657696150150386
dravidian_malayalam_test_696,dravidian_malayalam,test,0.0,0.3188724420917395,0.3306321501486853,0.3504954077595752
dravidian_malayalam_test_697,dravidian_malayalam,test,0.0,0.3241154856564451,0.37118914301428213,0.30469537132927277
dravidian_malayalam_test_698,dravidian_malayalam,test,0.0,0.33962065302831435,0.4668230174348288,0.19355632953685686
dravidian_malayalam_test_699,dravidian_malayalam,test,0.0,0.3029173645045753,0.5337667394945241,0.16331589600090057
dravidian_malayalam_test_700,dravidian_malayalam,test,0.0,0.30757343336647275,0.4394670821048412,0.25295948452868605
dravidian_malayalam_test_701,dravidian_malayalam,test,0.0,0.30160112093840286,0.34577390117886675,0.3526249778827304
dravidian_malayalam_test_702,dravidian_malayalam,test,0.0,0.324384847563193,0.3785113195321436,0.29710383290466336
dravidian_malayalam_test_703,dravidian_malayalam,test,0.0,0.3198110555644357,0.48176467562150116,0.19842426881406316
dravidian_malayalam_test_704,dravidian_malayalam,test,0.0,0.34739500023856085,0.37877031870036115,0.273834681061078
dravidian_malayalam_test_705,dravidian_malayalam,test,0.0,0.3257175738840996,0.34635658405436676,0.3279258420615336
dravidian_malayalam_test_706,dravidian_malayalam,test,0.0,0.33002106307412554,0.43069657093438307,0.23928236599149139
dravidian_malayalam_test_707,dravidian_malayalam,test,0.0,0.33781784526242065,0.32533101668973013,0.33685113804784916
dravidian_malayalam_test_708,dravidian_malayalam,test,0.0,0.3219007451254288,0.4341167890534862,0.24398246582108502
dravidian_malayalam_test_709,dravidian_malayalam,test,0.0,0.3277542813810997,0.5093318577726075,0.1629138608462928
dravidian_malayalam_test_710,dravidian_malayalam,test,0.0,0.3424139276574098,0.34473765545146484,0.31284841689112536
dravidian_malayalam_test_711,dravidian_malayalam,test,0.0,0.3101210918677433,0.3584196617690136,0.3314592463632432
dravidian_malayalam_test_712,dravidian_malayalam,test,0.0,0.3130756802378102,0.39820120259758646,0.28872311716460336
dravidian_malayalam_test_713,dravidian_malayalam,test,0.0,0.3101824512121993,0.3603893105751933,0.3294282382126074
dravidian_malayalam_test_714,dravidian_malayalam,test,0.0,0.3190340421764416,0.3969057974623306,0.2840601603612278
dravidian_malayalam_test_715,dravidian_malayalam,test,0.0,0.3393720706742024,0.5158577573763398,0.14477017194945788
dravidian_malayalam_test_716,dravidian_malayalam,test,0.0,0.3215055863373881,0.3694961069882426,0.3089983066743693
dravidian_malayalam_test_717,dravidian_malayalam,test,0.0,0.32717702933125975,0.34621713141850513,0.3266058392502351
dravidian_malayalam_test_718,dravidian_malayalam,test,0.0,0.33964215151377436,0.47571528232960875,0.18464256615661692
dravidian_malayalam_test_719,dravidian_malayalam,test,0.0,0.31962360808915335,0.36760399948117994,0.31277239242966676
dravidian_malayalam_test_720,dravidian_malayalam,test,0.0,0.33738919053195643,0.3740494694630753,0.28856134000496825
dravidian_malayalam_test_721,dravidian_malayalam,test,0.0,0.340263096832001,0.29361277355302207,0.366124129614977
dravidian_malayalam_test_722,dravidian_malayalam,test,0.0,0.3149752977612669,0.26835532139647006,0.41666938084226296
dravidian_malayalam_test_723,dravidian_malayalam,test,0.0,0.3271556706259311,0.3579403108042662,0.31490401856980277
dravidian_malayalam_test_724,dravidian_malayalam,test,0.0,0.334410502359765,0.42324750017113605,0.24234199746909896
dravidian_malayalam_test_725,dravidian_malayalam,test,0.0,0.30113251763135573,0.38186690316822,0.3170005792004243
dravidian_malayalam_test_726,dravidian_malayalam,test,0.0,0.31630343343527245,0.33866089079972256,0.345035675765005
dravidian_tamil_test_0,dravidian_tamil,test,0.0,0.324419473101918,0.3277044511452487,0.3478760757528333
dravidian_tamil_test_1,dravidian_tamil,test,0.0,0.33324161588344997,0.37911311160930067,0.28764527250724936
dravidian_tamil_test_2,dravidian_tamil,test,0.0,0.30313315835151666,0.2514153900673976,0.4454514515810857
dravidian_tamil_test_3,dravidian_tamil,test,0.0,0.302616762556607,0.27976740078459683,0.4176158366587962
dravidian_tamil_test_4,dravidian_tamil,test,0.0,0.32764972245330304,0.3263328332433258,0.34601744430337117
dravidian_tamil_test_5,dravidian_tamil,test,0.0,0.3148985704179042,0.30564882831613494,0.37945260126596086
dravidian_tamil_test_6,dravidian_tamil,test,0.0,0.31849133979595134,0.1961437995525374,0.48536486065151124
dravidian_tamil_test_7,dravidian_tamil,test,0.0,0.2945149595888512,0.26522700616296674,0.44025803424818205
dravidian_tamil_test_8,dravidian_tamil,test,0.0,0.31810464639290764,0.2730458394303592,0.40884951417673315
dravidian_tamil_test_9,dravidian_tamil,test,0.0,0.3587722600282648,0.28884911842923094,0.3523786215425043
dravidian_tamil_test_10,dravidian_tamil,test,0.0,0.31121008185896737,0.34744220305796786,0.3413477150830648
dravidian_tamil_test_11,dravidian_tamil,test,0.0,0.33211651894485605,0.28853457063298693,0.379348910422157
dravidian_tamil_test_12,dravidian_tamil,test,0.0,0.31668335277780046,0.19744428606560147,0.4858723611565981
dravidian_tamil_test_13,dravidian_tamil,test,0.0,0.30608334600733716,0.25112813285989705,0.44278852113276584
dravidian_tamil_test_14,dravidian_tamil,test,0.0,0.30647817248415593,0.2748379082582758,0.41868391925756826
dravidian_tamil_test_15,dravidian_tamil,test,0.0,0.3146265212736885,0.2751602178839938,0.4102132608423177
dravidian_tamil_test_16,dravidian_tamil,test,0.0,0.33849392739509976,0.29944372990750207,0.3620623426973982
dravidian_tamil_test_17,dravidian_tamil,test,0.0,0.3064777239959365,0.2982857717150975,0.395236504288966
dravidian_tamil_test_18,dravidian_tamil,test,0.0,0.3183073588692675,0.25059454536254616,0.43109809576818636
dravidian_tamil_test_19,dravidian_tamil,test,0.0,0.3475756463850922,0.30067816378146744,0.35174618983344036
dravidian_tamil_test_20,dravidian_tamil,test,0.0,0.3153758333055587,0.22034950558482033,0.46427466110962096
dravidian_tamil_test_21,dravidian_tamil,test,0.0,0.3239464008255376,0.3092530016699893,0.36680059750447314
dravidian_tamil_test_22,dravidian_tamil,test,0.0,0.2928258104136509,0.28560172391104094,0.42157246567530815
dravidian_tamil_test_23,dravidian_tamil,test,0.0,0.3179755790784861,0.2842782106894446,0.3977462102320693
dravidian_tamil_test_24,dravidian_tamil,test,0.0,0.3237740793450159,0.28026030398871843,0.3959656166662657
dravidian_tamil_test_25,dravidian_tamil,test,0.0,0.31035969733056207,0.3057038987551499,0.383936403914288
dravidian_tamil_test_26,dravidian_tamil,test,0.0,0.3234339232620371,0.3733245253923903,0.30324155134557257
dravidian_tamil_test_27,dravidian_tamil,test,0.0,0.3097962566750486,0.2671931117394243,0.4230106315855271
dravidian_tamil_test_28,dravidian_tamil,test,0.0,0.2967031166575687,0.25471103150778235,0.44858585183464894
dravidian_tamil_test_29,dravidian_tamil,test,0.0,0.3060357947535048,0.327296684755544,0.3666675204909512
dravidian_tamil_test_30,dravidian_tamil,test,0.0,0.33288068684071215,0.34920384140668087,0.3179154717526069
dravidian_tamil_test_31,dravidian_tamil,test,0.0,0.3583725932905474,0.2998951092463866,0.341732297463066
dravidian_tamil_test_32,dravidian_tamil,test,0.0,0.31445420026642185,0.31564631342441374,0.3698994863091644
dravidian_tamil_test_33,dravidian_tamil,test,0.0,0.3346423824243118,0.32955797025132205,0.33579964732436607
dravidian_tamil_test_34,dravidian_tamil,test,0.0,0.3096905790089009,0.30802924915928764,0.38228017183181145
dravidian_tamil_test_35,dravidian_tamil,test,0.0,0.32915762634702017,0.29296095312733084,0.377881420525649
dravidian_tamil_test_36,dravidian_tamil,test,0.0,0.31849501227966165,0.3340135151854097,0.3474914725349286
dravidian_tamil_test_37,dravidian_tamil,test,0.0,0.3314320150167564,0.21753484143568813,0.45103314354755547
dravidian_tamil_test_38,dravidian_tamil,test,0.0,0.3371587682832375,0.38303541648421474,0.2798058152325478
dravidian_tamil_test_39,dravidian_tamil,test,0.0,0.30363914240242634,0.31461343738029135,0.38174742021728225
dravidian_tamil_test_40,dravidian_tamil,test,0.0,0.31869540638058796,0.2575306921492603,0.42377390147015176
dravidian_tamil_test_41,dravidian_tamil,test,0.0,0.32806068733785554,0.3220951321713161,0.3498441804908284
dravidian_tamil_test_42,dravidian_tamil,test,0.0,0.32640310556069996,0.2725877540578344,0.4010091403814656
dravidian_tamil_test_43,dravidian_tamil,test,0.0,0.3173075370430406,0.30499939757315137,0.37769306538380804
dravidian_tamil_test_44,dravidian_tamil,test,0.0,0.31521873088422575,0.2855727149281289,0.39920855418764534
dravidian_tamil_test_45,dravidian_tamil,test,0.0,0.2797509849738193,0.29870955637802526,0.4215394586481554
dravidian_tamil_test_46,dravidian_tamil,test,0.0,0.31373268272962246,0.2756786081083692,0.41058870916200835
dravidian_tamil_test_47,dravidian_tamil,test,0.0,0.3371525802163191,0.3263051640280695,0.33654225575561136
dravidian_tamil_test_48,dravidian_tamil,test,0.0,0.3114708120147321,0.2824306368969226,0.40609855108834525
dravidian_tamil_test_49,dravidian_tamil,test,0.0,0.31682323713607763,0.29059011401402884,0.3925866488498935
dravidian_tamil_test_50,dravidian_tamil,test,0.0,0.32923387549926825,0.30588187622610974,0.364884248274622
dravidian_tamil_test_51,dravidian_tamil,test,0.0,0.3314042084947446,0.3381778404909679,0.3304179510142875
dravidian_tamil_test_52,dravidian_tamil,test,0.0,0.2622629971741971,0.17986387530005166,0.5578731275257512
dravidian_tamil_test_53,dravidian_tamil,test,0.0,0.30757914464510816,0.3082875630352548,0.38413329231963705
dravidian_tamil_test_54,dravidian_tamil,test,0.0,0.3283145797790335,0.290944712352363,0.3807407078686035
dravidian_tamil_test_55,dravidian_tamil,test,0.0,0.29076527897305854,0.104674478510859,0.6045602425160824
dravidian_tamil_test_56,dravidian_tamil,test,0.0,0.2987621469045552,0.23294091553776025,0.46829693755768453
dravidian_tamil_test_57,dravidian_tamil,test,0.0,0.35242818085738054,0.3386907902462583,0.3088810288963611
dravidian_tamil_test_58,dravidian_tamil,test,0.0,0.33352941659302143,0.3045318945382148,0.36193868886876374
dravidian_tamil_test_59,dravidian_tamil,test,0.0,0.33732706201096724,0.2651769244516611,0.3974960135373717
dravidian_tamil_test_60,dravidian_tamil,test,0.0,0.32625401739933824,0.29392276586098826,0.3798232167396735
dravidian_tamil_test_61,dravidian_tamil,test,0.0,0.30722383701078837,0.28472733525949123,0.4080488277297204
dravidian_tamil_test_62,dravidian_tamil,test,0.0,0.35048430611419423,0.34633966017617357,0.3031760337096322
dravidian_tamil_test_63,dravidian_tamil,test,0.0,0.3264194474716389,0.29253625173345227,0.3810443007949088
dravidian_tamil_test_64,dravidian_tamil,test,0.0,0.3209892961247677,0.20081031145862518,0.47820039241660717
dravidian_tamil_test_65,dravidian_tamil,test,0.0,0.3302101373091734,0.28737210044302014,0.3824177622478064
dravidian_tamil_test_66,dravidian_tamil,test,0.0,0.32620142396063895,0.2558743515771152,0.41792422446224586
dravidian_tamil_test_67,dravidian_tamil,test,0.0,0.3059781157861035,0.32639961544336865,0.36762226877052784
dravidian_tamil_test_68,dravidian_tamil,test,0.0,0.32189811559687337,0.2624541824907491,0.41564770191237754
dravidian_tamil_test_69,dravidian_tamil,test,0.0,0.3225100193095247,0.26779546238526475,0.40969451830521053
dravidian_tamil_test_70,dravidian_tamil,test,0.0,0.323740282071372,0.2948241544341408,0.3814355634944872
dravidian_tamil_test_71,dravidian_tamil,test,0.0,0.32953649417376724,0.33196118187070084,0.338502323955532
dravidian_tamil_test_72,dravidian_tamil,test,0.0,0.3031166071534152,0.27027998401831804,0.4266034088282668
dravidian_tamil_test_73,dravidian_tamil,test,0.0,0.3089559773478343,0.2927712062387693,0.3982728164133964
dravidian_tamil_test_74,dravidian_tamil,test,0.0,0.29688087684353565,0.2854414775698618,0.4176776455866025
dravidian_tamil_test_75,dravidian_tamil,test,0.0,0.30955130499743205,0.25791035882704755,0.43253833617552045
dravidian_tamil_test_76,dravidian_tamil,test,0.0,0.31581230776745195,0.28023153861219535,0.4039561536203527
dravidian_tamil_test_77,dravidian_tamil,test,0.0,0.32968672879509503,0.30941770212511943,0.36089556907978554
dravidian_tamil_test_78,dravidian_tamil,test,0.0,0.312174126536359,0.31302717219747567,0.37479870126616527
dravidian_tamil_test_79,dravidian_tamil,test,0.0,0.3194489917054538,0.315824981483097,0.36472602681144917
dravidian_tamil_test_80,dravidian_tamil,test,0.0,0.32914583094149663,0.3193831023659651,0.35147106669253825
dravidian_tamil_test_81,dravidian_tamil,test,0.0,0.2927534706820325,0.30429673280342695,0.40294979651454055
dravidian_tamil_test_82,dravidian_tamil,test,0.0,0.3057715783416645,0.25860271485048153,0.43562570680785395
dravidian_tamil_test_83,dravidian_tamil,test,0.0,0.3216868165574837,0.2286502836556433,0.44966289978687296
dravidian_tamil_test_84,dravidian_tamil,test,0.0,0.34610331385767695,0.3134826484206494,0.34041403772167367
dravidian_tamil_test_85,dravidian_tamil,test,0.0,0.3196038368800272,0.3562470073216719,0.32414915579830095
dravidian_tamil_test_86,dravidian_tamil,test,0.0,0.33917164309138415,0.2998182372006704,0.36101011970794544
dravidian_tamil_test_87,dravidian_tamil,test,0.0,0.30228095593584775,0.3068613426563622,0.39085770140779
dravidian_tamil_test_88,dravidian_tamil,test,0.0,0.33195276488789094,0.3509793546103799,0.3170678805017292
dravidian_tamil_test_89,dravidian_tamil,test,0.0,0.32477375039768375,0.26078877514613935,0.4144374744561769
dravidian_tamil_test_90,dravidian_tamil,test,0.0,0.3370207708769876,0.31926969078244866,0.3437095383405637
dravidian_tamil_test_91,dravidian_tamil,test,0.0,0.33058395713919325,0.31077035875124787,0.3586456841095589
dravidian_tamil_test_92,dravidian_tamil,test,0.0,0.3243474893292484,0.33639774669839284,0.3392547639723588
dravidian_tamil_test_93,dravidian_tamil,test,0.0,0.3161797164607971,0.31916794162760154,0.36465234191160134
dravidian_tamil_test_94,dravidian_tamil,test,0.0,0.3310753169922503,0.33626244776477365,0.33266223524297606
dravidian_tamil_test_95,dravidian_tamil,test,0.0,0.31873441381780315,0.25565165951793045,0.42561392666426645
dravidian_tamil_test_96,dravidian_tamil,test,0.0,0.32559434710326307,0.31359250034678443,0.3608131525499525
dravidian_tamil_test_97,dravidian_tamil,test,0.0,0.3044763380818669,0.3465329260625097,0.34899073585562335
dravidian_tamil_test_98,dravidian_tamil,test,0.0,0.33411839044145103,0.2822820543330639,0.3835995552254851
dravidian_tamil_test_99,dravidian_tamil,test,0.0,0.36231257504746883,0.3456456467335759,0.2920417782189553
dravidian_tamil_test_100,dravidian_tamil,test,0.0,0.3371852349372743,0.3342758730384712,0.32853889202425446
dravidian_tamil_test_101,dravidian_tamil,test,0.0,0.3457397142959095,0.26170931809261,0.3925509676114805
dravidian_tamil_test_102,dravidian_tamil,test,0.0,0.33807596381137067,0.31963579282865806,0.34228824335997127
dravidian_tamil_test_103,dravidian_tamil,test,0.0,0.4546722748723571,0.12078198627465449,0.4245457388529884
dravidian_tamil_test_104,dravidian_tamil,test,0.0,0.33812472181841163,0.2759530829388675,0.38592219524272087
dravidian_tamil_test_105,dravidian_tamil,test,0.0,0.31999232026914254,0.25648902288058945,0.423518656850268
dravidian_tamil_test_106,dravidian_tamil,test,0.0,0.35739175525428707,0.38431097392055175,0.25829727082516124
dravidian_tamil_test_107,dravidian_tamil,test,0.0,0.3197219064258285,0.2951768683530022,0.38510122522116935
dravidian_tamil_test_108,dravidian_tamil,test,0.0,0.30711532199760483,0.2947917184059339,0.3980929595964613
dravidian_tamil_test_109,dravidian_tamil,test,0.0,0.3135566011833368,0.3245574738894987,0.36188592492716454
dravidian_tamil_test_110,dravidian_tamil,test,0.0,0.311447361623483,0.3194454551464049,0.3691071832301121
dravidian_tamil_test_111,dravidian_tamil,test,0.0,0.29669537232232535,0.2784021530515113,0.4249024746261633
dravidian_tamil_test_112,dravidian_tamil,test,0.0,0.3159973205411706,0.25895581932894074,0.4250468601298887
dravidian_tamil_test_113,dravidian_tamil,test,0.0,0.3229647618361978,0.26715606140713294,0.40987917675666924
dravidian_tamil_test_114,dravidian_tamil,test,0.0,0.32855377724578644,0.2849643801764581,0.3864818425777555
dravidian_tamil_test_115,dravidian_tamil,test,0.0,0.3080706751203989,0.25511214733451665,0.4368171775450845
dravidian_tamil_test_116,dravidian_tamil,test,0.0,0.338411651278544,0.3032656422166496,0.3583227065048064
dravidian_tamil_test_117,dravidian_tamil,test,0.0,0.31518058886919037,0.27206548101323363,0.41275393011757594
dravidian_tamil_test_118,dravidian_tamil,test,0.0,0.32196801685303084,0.2816846762221629,0.39634730692480624
dravidian_tamil_test_119,dravidian_tamil,test,0.0,0.32966575677786636,0.3432747944698086,0.32705944875232507
dravidian_tamil_test_120,dravidian_tamil,test,0.0,0.30220335209432225,0.2938220248989646,0.40397462300671316
dravidian_tamil_test_121,dravidian_tamil,test,0.0,0.3362605046800357,0.2578647748956475,0.40587472042431677
dravidian_tamil_test_122,dravidian_tamil,test,0.0,0.3304944908318903,0.38982553312617124,0.27967997604193845
dravidian_tamil_test_123,dravidian_tamil,test,0.0,0.29439510212561515,0.2760670276446834,0.42953787022970147
dravidian_tamil_test_124,dravidian_tamil,test,0.0,0.31829474487579557,0.27779280598763734,0.4039124491365671
dravidian_tamil_test_125,dravidian_tamil,test,0.0,0.2901405549764775,0.3029128853992228,0.4069465596242997
dravidian_tamil_test_126,dravidian_tamil,test,0.0,0.30375262888648896,0.28425234062248783,0.4119950304910232
dravidian_tamil_test_127,dravidian_tamil,test,0.0,0.3187772332566301,0.32817501924134923,0.35304774750202067
dravidian_tamil_test_128,dravidian_tamil,test,0.0,0.26777008357102133,0.22858642121477893,0.5036434952141997
dravidian_tamil_test_129,dravidian_tamil,test,0.0,0.3255095105896579,0.2720171332436712,0.40247335616667096
dravidian_tamil_test_130,dravidian_tamil,test,0.0,0.3107639933129061,0.2955692900054698,0.3936667166816241
dravidian_tamil_test_131,dravidian_tamil,test,0.0,0.3482871029934909,0.34603814589536,0.305674751111149
dravidian_tamil_test_132,dravidian_tamil,test,0.0,0.3546088188068164,0.2802781688262593,0.36511301236692434
dravidian_tamil_test_133,dravidian_tamil,test,0.0,0.30631962622199027,0.29736610328754254,0.3963142704904672
dravidian_tamil_test_134,dravidian_tamil,test,0.0,0.3375550559338698,0.29293357891345867,0.3695113651526715
dravidian_tamil_test_135,dravidian_tamil,test,0.0,0.33065879560050726,0.3147635144791812,0.35457768992031147
dravidian_tamil_test_136,dravidian_tamil,test,0.0,0.3086453056535401,0.2605421960040928,0.4308124983423671
dravidian_tamil_test_137,dravidian_tamil,test,0.0,0.26618013014689207,0.24844600165499509,0.48537386819811285
dravidian_tamil_test_138,dravidian_tamil,test,0.0,0.32430722826840763,0.2543883194339442,0.4213044522976481
dravidian_tamil_test_139,dravidian_tamil,test,0.0,0.29207865312848297,0.26325829775229687,0.44466304911922017
dravidian_tamil_test_140,dravidian_tamil,test,0.0,0.28881899479191053,0.26684248608074446,0.444338519127345
dravidian_tamil_test_141,dravidian_tamil,test,0.0,0.3289061302920828,0.30014586645357105,0.3709480032543461
dravidian_tamil_test_142,dravidian_tamil,test,0.0,0.3196411738633739,0.314628969529743,0.3657298566068831
dravidian_tamil_test_143,dravidian_tamil,test,0.0,0.3185319016632638,0.31687826724181545,0.36458983109492077
dravidian_tamil_test_144,dravidian_tamil,test,0.0,0.3290626498279151,0.2925217192922211,0.3784156308798638
dravidian_tamil_test_145,dravidian_tamil,test,0.0,0.30650706057009236,0.2837385992877196,0.409754340142188
dravidian_tamil_test_146,dravidian_tamil,test,0.0,0.30994043654169756,0.28896704376443927,0.40109251969386317
dravidian_tamil_test_147,dravidian_tamil,test,0.0,0.3074315824251229,0.32551954717258186,0.3670488704022952
dravidian_tamil_test_148,dravidian_tamil,test,0.0,0.3392465823361465,0.2563522795552815,0.4044011381085719
dravidian_tamil_test_149,dravidian_tamil,test,0.0,0.3021203159391971,0.28036079102067546,0.4175188930401275
dravidian_tamil_test_150,dravidian_tamil,test,0.0,0.3372601930307616,0.2767676021621919,0.3859722048070465
dravidian_tamil_test_151,dravidian_tamil,test,0.0,0.3069618613756182,0.3242703443289174,0.3687677942954644
dravidian_tamil_test_152,dravidian_tamil,test,0.0,0.3142405151139374,0.30427852528816857,0.381480959597894
dravidian_tamil_test_153,dravidian_tamil,test,0.0,0.31502795071392287,0.273050795587167,0.4119212536989102
dravidian_tamil_test_154,dravidian_tamil,test,0.0,0.3605993219296469,0.29410673176299773,0.34529394630735544
dravidian_tamil_test_155,dravidian_tamil,test,0.0,0.31088575723268647,0.3477449192029689,0.34136932356434463
dravidian_tamil_test_156,dravidian_tamil,test,0.0,0.298603839959186,0.2657571236465995,0.43563903639421453
dravidian_tamil_test_157,dravidian_tamil,test,0.0,0.3003656381727736,0.2691453068603218,0.4304890549669046
dravidian_tamil_test_158,dravidian_tamil,test,0.0,0.3319299110380923,0.3824639514211708,0.28560613754073694
dravidian_tamil_test_159,dravidian_tamil,test,0.0,0.3488833576816954,0.2884138531652647,0.3627027891530399
dravidian_tamil_test_160,dravidian_tamil,test,0.0,0.33829747039051383,0.3358913507043928,0.3258111789050933
dravidian_tamil_test_161,dravidian_tamil,test,0.0,0.343208528373792,0.29960283229962353,0.35718863932658446
dravidian_tamil_test_162,dravidian_tamil,test,0.0,0.31182556180451937,0.331611113236609,0.3565633249588716
dravidian_tamil_test_163,dravidian_tamil,test,0.0,0.3133686268420991,0.32463917646253526,0.3619921966953656
dravidian_tamil_test_164,dravidian_tamil,test,0.0,0.34242670273226716,0.3868940133160383,0.2706792839516945
dravidian_tamil_test_165,dravidian_tamil,test,0.0,0.32437951141574833,0.3779493790208263,0.29767110956342535
dravidian_tamil_test_166,dravidian_tamil,test,0.0,0.33258211248451813,0.33982425451609305,0.3275936329993888
dravidian_tamil_test_167,dravidian_tamil,test,0.0,0.3354979312194186,0.3138974902250857,0.3506045785554957
dravidian_tamil_test_168,dravidian_tamil,test,0.0,0.3094554863547117,0.3070890664049559,0.38345544724033237
dravidian_tamil_test_169,dravidian_tamil,test,0.0,0.3087706732422452,0.35318736424477326,0.3380419625129815
dravidian_tamil_test_170,dravidian_tamil,test,0.0,0.32127713337884384,0.3090127737308293,0.3697100928903269
dravidian_tamil_test_171,dravidian_tamil,test,0.0,0.33375692344349145,0.29605381389272356,0.370189262663785
dravidian_tamil_test_172,dravidian_tamil,test,0.0,0.32995116874024955,0.28481855456218563,0.3852302766975649
dravidian_tamil_test_173,dravidian_tamil,test,0.0,0.3441968678913603,0.3685272139534476,0.2872759181551921
dravidian_tamil_test_174,dravidian_tamil,test,0.0,0.3100596303269467,0.2647295068111473,0.42521086286190596
dravidian_tamil_test_175,dravidian_tamil,test,0.0,0.2918685635493623,0.22651030409146541,0.4816211323591723
dravidian_tamil_test_176,dravidian_tamil,test,0.0,0.3103173736983649,0.2476846915673912,0.441997934734244
dravidian_tamil_test_177,dravidian_tamil,test,0.0,0.3285532632588965,0.2536939799881334,0.4177527567529701
dravidian_tamil_test_178,dravidian_tamil,test,0.0,0.2897074153523371,0.27684777163062146,0.43344481301704135
dravidian_tamil_test_179,dravidian_tamil,test,0.0,0.3306571152052129,0.1334177795001333,0.5359251052946538
dravidian_tamil_test_180,dravidian_tamil,test,0.0,0.3163705418999839,0.3357378243618392,0.3478916337381769
dravidian_tamil_test_181,dravidian_tamil,test,0.0,0.312827229528897,0.33791390272307387,0.34925886774802917
dravidian_tamil_test_182,dravidian_tamil,test,0.0,0.3287256463141495,0.2920547600182005,0.3792195936676499
dravidian_tamil_test_183,dravidian_tamil,test,0.0,0.2949758179198414,0.3044602372765575,0.4005639448036011
dravidian_tamil_test_184,dravidian_tamil,test,0.0,0.3073235823416749,0.28337191324222516,0.40930450441609995
dravidian_tamil_test_185,dravidian_tamil,test,0.0,0.3050297765163312,0.24819294149006338,0.44677728199360545
dravidian_tamil_test_186,dravidian_tamil,test,0.0,0.32649765453417146,0.30320476438127303,0.3702975810845555
dravidian_tamil_test_187,dravidian_tamil,test,0.0,0.31464694413315564,0.3276855086813897,0.3576675471854547
dravidian_tamil_test_188,dravidian_tamil,test,0.0,0.3229579770784064,0.29390953059035335,0.38313249233124025
dravidian_tamil_test_189,dravidian_tamil,test,0.0,0.329565574876866,0.33988298408234163,0.33055144104079237
dravidian_tamil_test_190,dravidian_tamil,test,0.0,0.3067704233267782,0.35788491682906426,0.33534465984415757
dravidian_tamil_test_191,dravidian_tamil,test,0.0,0.3241317616406091,0.32542658337658753,0.35044165498280333
dravidian_tamil_test_192,dravidian_tamil,test,0.0,0.31904779567220315,0.3131888756184951,0.36776332870930173
dravidian_tamil_test_193,dravidian_tamil,test,0.0,0.3603273100479864,0.27167988809230387,0.3679928018597097
dravidian_tamil_test_194,dravidian_tamil,test,0.0,0.31468119062357847,0.27034293139328025,0.4149758779831413
dravidian_tamil_test_195,dravidian_tamil,test,0.0,0.346691681470469,0.3419800260867322,0.3113282924427988
dravidian_tamil_test_196,dravidian_tamil,test,0.0,0.3286931786035652,0.296975478434473,0.3743313429619619
dravidian_tamil_test_197,dravidian_tamil,test,0.0,0.30658301924623144,0.3070194669869309,0.3863975137668377
dravidian_tamil_test_198,dravidian_tamil,test,0.0,0.31990952533244343,0.2619269435599372,0.41816353110761945
dravidian_tamil_test_199,dravidian_tamil,test,0.0,0.30168087301036883,0.28320244342506634,0.4151166835645648
dravidian_tamil_test_200,dravidian_tamil,test,0.0,0.29798766502436724,0.28882097223371395,0.4131913627419188
dravidian_tamil_test_201,dravidian_tamil,test,0.0,0.33260173961035444,0.32942827082510495,0.3379699895645406
dravidian_tamil_test_202,dravidian_tamil,test,0.0,0.3340830066213717,0.2662027767419778,0.3997142166366505
dravidian_tamil_test_203,dravidian_tamil,test,0.0,0.3200655989716742,0.3411810830758647,0.3387533179524611
dravidian_tamil_test_204,dravidian_tamil,test,0.0,0.30297920938785566,0.3147103468865938,0.38231044372555056
dravidian_tamil_test_205,dravidian_tamil,test,0.0,0.3233221920379237,0.2856675373351472,0.3910102706269291
dravidian_tamil_test_206,dravidian_tamil,test,0.0,0.29991636726696597,0.2861485372497096,0.41393509548332436
dravidian_tamil_test_207,dravidian_tamil,test,0.0,0.330708755201537,0.297985641362007,0.371305603436456
dravidian_tamil_test_208,dravidian_tamil,test,0.0,0.3167996479616461,0.27407364662113537,0.4091267054172185
dravidian_tamil_test_209,dravidian_tamil,test,0.0,0.3109714837692709,0.24575031544322978,0.4432782007874993
dravidian_tamil_test_210,dravidian_tamil,test,0.0,0.2999963624376215,0.25144240715690397,0.4485612304054745
dravidian_tamil_test_211,dravidian_tamil,test,0.0,0.3205753840752319,0.2651814200838451,0.41424319584092306
dravidian_tamil_test_212,dravidian_tamil,test,0.0,0.32206362161390734,0.2998449215762229,0.3780914568098698
dravidian_tamil_test_213,dravidian_tamil,test,0.0,0.311504055861458,0.3259029719824217,0.36259297215612024
dravidian_tamil_test_214,dravidian_tamil,test,0.0,0.30880964678482475,0.24521933184521227,0.44597102136996297
dravidian_tamil_test_215,dravidian_tamil,test,0.0,0.315677380278352,0.3346433203418173,0.34967929937983067
dravidian_tamil_test_216,dravidian_tamil,test,0.0,0.34193987507482443,0.3440582552002358,0.31400186972493976
dravidian_tamil_test_217,dravidian_tamil,test,0.0,0.3563622496013741,0.4172842990940457,0.2263534513045802
dravidian_tamil_test_218,dravidian_tamil,test,0.0,0.34918075133311105,0.33048085496549967,0.3203383937013893
dravidian_tamil_test_219,dravidian_tamil,test,0.0,0.35451343088560505,0.3456514784894196,0.2998350906249753
dravidian_tamil_test_220,dravidian_tamil,test,0.0,0.3276748276669779,0.2949116151546303,0.37741355717839176
dravidian_tamil_test_221,dravidian_tamil,test,0.0,0.3189604885771572,0.29102392214574396,0.3900155892770988
dravidian_tamil_test_222,dravidian_tamil,test,0.0,0.3089300192755302,0.27833746663740516,0.41273251408706463
dravidian_tamil_test_223,dravidian_tamil,test,0.0,0.332312848772393,0.3025112808841875,0.36517587034341953
dravidian_tamil_test_224,dravidian_tamil,test,0.0,0.3039478847261866,0.2764096720464645,0.4196424432273489
dravidian_tamil_test_225,dravidian_tamil,test,0.0,0.3337973599643548,0.35388077274435764,0.3123218672912876
dravidian_tamil_test_226,dravidian_tamil,test,0.0,0.28615193663606736,0.19420628611162072,0.519641777252312
dravidian_tamil_test_227,dravidian_tamil,test,0.0,0.3234607880146815,0.2876702844774742,0.3888689275078443
dravidian_tamil_test_228,dravidian_tamil,test,0.0,0.32479280475982897,0.32401943101533054,0.3511877642248405
dravidian_tamil_test_229,dravidian_tamil,test,0.0,0.2986859340122777,0.24842472959010606,0.4528893363976162
dravidian_tamil_test_230,dravidian_tamil,test,0.0,0.3291416672145346,0.30802600324147256,0.36283232954399286
dravidian_tamil_test_231,dravidian_tamil,test,0.0,0.31477079067586183,0.2625617093974148,0.42266749992672337
dravidian_tamil_test_232,dravidian_tamil,test,0.0,0.3244844740442396,0.3293189449761015,0.34619658097965894
dravidian_tamil_test_233,dravidian_tamil,test,0.0,0.31230359171142874,0.3632323264510681,0.3244640818375032
dravidian_tamil_test_234,dravidian_tamil,test,0.0,0.3204584362035252,0.31999790474840933,0.35954365904806546
dravidian_tamil_test_235,dravidian_tamil,test,0.0,0.3014090313243293,0.29535769999584793,0.4032332686798228
dravidian_tamil_test_236,dravidian_tamil,test,0.0,0.33850225364925773,0.35164957811573483,0.30984816823500744
dravidian_tamil_test_237,dravidian_tamil,test,0.0,0.32043063144327405,0.304113823327953,0.37545554522877295
dravidian_tamil_test_238,dravidian_tamil,test,0.0,0.3268662912566064,0.30545614244835206,0.36767756629504156
dravidian_tamil_test_239,dravidian_tamil,test,0.0,0.3293001608629896,0.3466752884688701,0.32402455066814034
dravidian_tamil_test_240,dravidian_tamil,test,0.0,0.28961905438909286,0.2326955467125869,0.4776853988983202
dravidian_tamil_test_241,dravidian_tamil,test,0.0,0.32328128244541476,0.25448859979059013,0.42223011776399516
dravidian_tamil_test_242,dravidian_tamil,test,0.0,0.32645228249272473,0.379799267394535,0.29374845011274026
dravidian_tamil_test_243,dravidian_tamil,test,0.0,0.3218915399871792,0.37073590555038516,0.30737255446243567
dravidian_tamil_test_244,dravidian_tamil,test,0.0,0.3514842747511382,0.34032134436270234,0.30819438088615947
dravidian_tamil_test_245,dravidian_tamil,test,0.0,0.3436661291300949,0.33327114847797795,0.3230627223919271
dravidian_tamil_test_246,dravidian_tamil,test,0.0,0.31911448372202833,0.32634934168235985,0.3545361745956119
dravidian_tamil_test_247,dravidian_tamil,test,0.0,0.31073075352675505,0.28773169418026,0.40153755229298493
dravidian_tamil_test_248,dravidian_tamil,test,0.0,0.2943841999791999,0.317206124549266,0.3884096754715341
dravidian_tamil_test_249,dravidian_tamil,test,0.0,0.31700872419529913,0.2728840661555631,0.41010720964913777
dravidian_tamil_test_250,dravidian_tamil,test,0.0,0.3133958722930063,0.2732475671783225,0.41335656052867115
dravidian_tamil_test_251,dravidian_tamil,test,0.0,0.3283463267884409,0.27187416149678106,0.39977951171477805
dravidian_tamil_test_252,dravidian_tamil,test,0.0,0.3427640732466908,0.4126910171056615,0.24454490964764775
dravidian_tamil_test_253,dravidian_tamil,test,0.0,0.34796073693654195,0.29266530772806926,0.35937395533538885
dravidian_tamil_test_254,dravidian_tamil,test,0.0,0.3387048838061712,0.3862889571836707,0.27500615901015807
dravidian_tamil_test_255,dravidian_tamil,test,0.0,0.2967184471216159,0.24261736626993383,0.4606641866084503
dravidian_tamil_test_256,dravidian_tamil,test,0.0,0.3321566675930055,0.26846893425794877,0.39937439814904574
dravidian_tamil_test_257,dravidian_tamil,test,0.0,0.3337829660145954,0.3177374602193792,0.3484795737660254
dravidian_tamil_test_258,dravidian_tamil,test,0.0,0.32212808296818574,0.3018092474495099,0.3760626695823044
dravidian_tamil_test_259,dravidian_tamil,test,0.0,0.36974471285751814,0.3080491480771189,0.32220613906536294
dravidian_tamil_test_260,dravidian_tamil,test,0.0,0.3365308781293045,0.2755596446787986,0.3879094771918969
dravidian_tamil_test_261,dravidian_tamil,test,0.0,0.35011670658359073,0.2836963147812865,0.3661869786351228
dravidian_tamil_test_262,dravidian_tamil,test,0.0,0.3218950693664858,0.28305826319931693,0.39504666743419725
dravidian_tamil_test_263,dravidian_tamil,test,0.0,0.3419098676341008,0.23438629077335582,0.4237038415925434
dravidian_tamil_test_264,dravidian_tamil,test,0.0,0.3364548090148186,0.39866398783846807,0.2648812031467133
dravidian_tamil_test_265,dravidian_tamil,test,0.0,0.31505489743727355,0.34428065440695726,0.3406644481557692
dravidian_tamil_test_266,dravidian_tamil,test,0.0,0.3196126745342152,0.3143438112054375,0.36604351426034737
dravidian_tamil_test_267,dravidian_tamil,test,0.0,0.35303756805593284,0.34016008645022616,0.306802345493841
dravidian_tamil_test_268,dravidian_tamil,test,0.0,0.31532883168406733,0.33785104744542754,0.3468201208705051
dravidian_tamil_test_269,dravidian_tamil,test,0.0,0.3650508174949056,0.354709455024463,0.28023972748063136
dravidian_tamil_test_270,dravidian_tamil,test,0.0,0.3175531785708351,0.2735920988550677,0.4088547225740972
dravidian_tamil_test_271,dravidian_tamil,test,0.0,0.3202326332885817,0.31064647188568556,0.36912089482573274
dravidian_tamil_test_272,dravidian_tamil,test,0.0,0.304988743326997,0.22054735659387953,0.4744639000791235
dravidian_tamil_test_273,dravidian_tamil,test,0.0,0.3046662048943167,0.28851329523476327,0.40682049987092006
dravidian_tamil_test_274,dravidian_tamil,test,0.0,0.33087523695263227,0.31455141087824107,0.35457335216912667
dravidian_tamil_test_275,dravidian_tamil,test,0.0,0.32740802229637817,0.3597573955272718,0.31283458217634996
dravidian_tamil_test_276,dravidian_tamil,test,0.0,0.3423610677466644,0.25852260055843496,0.39911633169490063
dravidian_tamil_test_277,dravidian_tamil,test,0.0,0.2971911618728454,0.2870790657328372,0.4157297723943174
dravidian_tamil_test_278,dravidian_tamil,test,0.0,0.37556531621834277,0.2276536927561747,0.3967809910254826
dravidian_tamil_test_279,dravidian_tamil,test,0.0,0.32390138375550837,0.2781888122886576,0.397909803955834
dravidian_tamil_test_280,dravidian_tamil,test,0.0,0.34928278165015436,0.357637555441646,0.2930796629081997
dravidian_tamil_test_281,dravidian_tamil,test,0.0,0.2917088193896853,0.24313564572929094,0.46515553488102374
dravidian_tamil_test_282,dravidian_tamil,test,0.0,0.28853106699747827,0.2740908217139427,0.43737811128857906
dravidian_tamil_test_283,dravidian_tamil,test,0.0,0.31501962272208195,0.35442567160629934,0.33055470567161876
dravidian_tamil_test_284,dravidian_tamil,test,0.0,0.31439649196920805,0.30840923317317553,0.37719427485761636
dravidian_tamil_test_285,dravidian_tamil,test,0.0,0.32575425120484874,0.32750461604272574,0.3467411327524255
dravidian_tamil_test_286,dravidian_tamil,test,0.0,0.3118150976181083,0.28872629594628835,0.3994586064356034
dravidian_tamil_test_287,dravidian_tamil,test,0.0,0.33069111222605047,0.3197874374312291,0.3495214503427204
dravidian_tamil_test_288,dravidian_tamil,test,0.0,0.3454802426950153,0.3209497445101284,0.33357001279485626
dravidian_tamil_test_289,dravidian_tamil,test,0.0,0.3230056655386942,0.2787548880567363,0.3982394464045695
dravidian_tamil_test_290,dravidian_tamil,test,0.0,0.347085736144448,0.36139426127643404,0.29152000257911803
dravidian_tamil_test_291,dravidian_tamil,test,0.0,0.2969075654560959,0.29495194311720374,0.40814049142670034
dravidian_tamil_test_292,dravidian_tamil,test,0.0,0.34146826296456556,0.31296533123701875,0.3455664057984157
dravidian_tamil_test_293,dravidian_tamil,test,0.0,0.3098827096988091,0.3255834509775792,0.3645338393236117
dravidian_tamil_test_294,dravidian_tamil,test,0.0,0.3172892377700106,0.334944005527602,0.3477667567023874
dravidian_tamil_test_295,dravidian_tamil,test,0.0,0.29650218380256654,0.27143364964347944,0.43206416655395397
dravidian_tamil_test_296,dravidian_tamil,test,0.0,0.30264662824353383,0.2796374859239123,0.41771588583255387
dravidian_tamil_test_297,dravidian_tamil,test,0.0,0.30501054222138546,0.23655549963612138,0.45843395814249316
dravidian_tamil_test_298,dravidian_tamil,test,0.0,0.33916503782954727,0.24041573534592137,0.42041922682453137
dravidian_tamil_test_299,dravidian_tamil,test,0.0,0.3431399161724488,0.271046613071697,0.3858134707558542
dravidian_tamil_test_300,dravidian_tamil,test,0.0,0.319681847766572,0.2769378083438528,0.4033803438895752
dravidian_tamil_test_301,dravidian_tamil,test,0.0,0.3287528134938016,0.29568124532628376,0.37556594117991465
dravidian_tamil_test_302,dravidian_tamil,test,0.0,0.3421807333917147,0.34944614150650016,0.30837312510178516
dravidian_tamil_test_303,dravidian_tamil,test,0.0,0.29957739941597594,0.24039411345300166,0.4600284871310224
dravidian_tamil_test_304,dravidian_tamil,test,0.0,0.303666488628806,0.30744207611477115,0.38889143525642283
dravidian_tamil_test_305,dravidian_tamil,test,0.0,0.2950913872978999,0.2792539485454133,0.42565466415668685
dravidian_tamil_test_306,dravidian_tamil,test,0.0,0.3152978547144068,0.337140994596641,0.3475611506889522
dravidian_tamil_test_307,dravidian_tamil,test,0.0,0.31454319683136867,0.2855207411420668,0.39993606202656456
dravidian_tamil_test_308,dravidian_tamil,test,0.0,0.3394721336578948,0.3342476649534181,0.3262802013886871
dravidian_tamil_test_309,dravidian_tamil,test,0.0,0.3286449898388793,0.29986209538534575,0.37149291477577495
dravidian_tamil_test_310,dravidian_tamil,test,0.0,0.31724458222768237,0.29812517324896975,0.3846302445233478
dravidian_tamil_test_311,dravidian_tamil,test,0.0,0.3126300052701206,0.30041961222360675,0.38695038250627267
dravidian_tamil_test_312,dravidian_tamil,test,0.0,0.3181447767819758,0.3084757026016815,0.3733795206163427
dravidian_tamil_test_313,dravidian_tamil,test,0.0,0.32031150421332266,0.2606960187460993,0.418992477040578
dravidian_tamil_test_314,dravidian_tamil,test,0.0,0.32894977052848373,0.2843727990439746,0.38667743042754166
dravidian_tamil_test_315,dravidian_tamil,test,0.0,0.31272820502444015,0.27399827910864044,0.4132735158669194
dravidian_tamil_test_316,dravidian_tamil,test,0.0,0.3139579458312248,0.30683566412854546,0.3792063900402297
dravidian_tamil_test_317,dravidian_tamil,test,0.0,0.3515728849522808,0.338904664048535,0.30952245099918424
dravidian_tamil_test_318,dravidian_tamil,test,0.0,0.3320485427222867,0.3311537089814318,0.33679774829628156
dravidian_tamil_test_319,dravidian_tamil,test,0.0,0.32427091476215547,0.3253870620274174,0.3503420232104271
dravidian_tamil_test_320,dravidian_tamil,test,0.0,0.3303878148947783,0.3260530533730134,0.3435591317322083
dravidian_tamil_test_321,dravidian_tamil,test,0.0,0.30383101881721203,0.23808738672348057,0.4580815944593074
dravidian_tamil_test_322,dravidian_tamil,test,0.0,0.35893643199576475,0.3372577229635004,0.3038058450407349
dravidian_tamil_test_323,dravidian_tamil,test,0.0,0.3173148342672411,0.33162853544659393,0.35105663028616496
dravidian_tamil_test_324,dravidian_tamil,test,0.0,0.31877493248860056,0.3294537848194039,0.35177128269199553
dravidian_tamil_test_325,dravidian_tamil,test,0.0,0.3249531255799889,0.30194037314241345,0.37310650127759765
dravidian_tamil_test_326,dravidian_tamil,test,0.0,0.301253189450558,0.2637303150465268,0.4350164955029152
dravidian_tamil_test_327,dravidian_tamil,test,0.0,0.3081107922415743,0.2951269509160823,0.39676225684234334
dravidian_tamil_test_328,dravidian_tamil,test,0.0,0.3294361749771821,0.29360020710936924,0.3769636179134487
dravidian_tamil_test_329,dravidian_tamil,test,0.0,0.34162419784540654,0.32287996115086526,0.3354958410037282
dravidian_tamil_test_330,dravidian_tamil,test,0.0,0.3156117884480592,0.28244812598549374,0.40194008556644706
dravidian_tamil_test_331,dravidian_tamil,test,0.0,0.32903414447059315,0.31642264197275366,0.3545432135566532
dravidian_tamil_test_332,dravidian_tamil,test,0.0,0.3345292213176529,0.37029223780580117,0.29517854087654594
dravidian_tamil_test_333,dravidian_tamil,test,0.0,0.31293444642747564,0.2825279274849959,0.40453762608752847
dravidian_tamil_test_334,dravidian_tamil,test,0.0,0.3105314998205682,0.3032969634035535,0.3861715367758783
dravidian_tamil_test_335,dravidian_tamil,test,0.0,0.3424698652947837,0.29436159157073843,0.3631685431344779
dravidian_tamil_test_336,dravidian_tamil,test,0.0,0.3155579879456361,0.3256387479739828,0.35880326408038116
dravidian_tamil_test_337,dravidian_tamil,test,0.0,0.3377496267804476,0.29604089360842895,0.36620947961112343
dravidian_tamil_test_338,dravidian_tamil,test,0.0,0.3064632043191971,0.30934594627710643,0.3841908494036965
dravidian_tamil_test_339,dravidian_tamil,test,0.0,0.3085319765500848,0.2955250190296863,0.3959430044202289
dravidian_tamil_test_340,dravidian_tamil,test,0.0,0.36054348966962135,0.06486765713721221,0.5745888531931664
dravidian_tamil_test_341,dravidian_tamil,test,0.0,0.3052965052129073,0.27780067103515055,0.41690282375194215
dravidian_tamil_test_342,dravidian_tamil,test,0.0,0.3291926238429405,0.26335990380728286,0.40744747234977663
dravidian_tamil_test_343,dravidian_tamil,test,0.0,0.32709473430898944,0.27405605863443794,0.3988492070565726
dravidian_tamil_test_344,dravidian_tamil,test,0.0,0.33621561859459625,0.3483213686644086,0.31546301274099514
dravidian_tamil_test_345,dravidian_tamil,test,0.0,0.3245068455816166,0.2434934671358877,0.43199968728249577
dravidian_tamil_test_346,dravidian_tamil,test,0.0,0.33588458790737535,0.32299369257048294,0.3411217195221417
dravidian_tamil_test_347,dravidian_tamil,test,0.0,0.3357378737039964,0.3605209040301071,0.3037412222658965
dravidian_tamil_test_348,dravidian_tamil,test,0.0,0.29128894956075685,0.26437050867341816,0.444340541765825
dravidian_tamil_test_349,dravidian_tamil,test,0.0,0.3251151024850162,0.307123689642552,0.3677612078724318
dravidian_tamil_test_350,dravidian_tamil,test,0.0,0.3396692392896383,0.3568731161643254,0.3034576445460363
dravidian_tamil_test_351,dravidian_tamil,test,0.0,0.3289430709631252,0.3234752023049613,0.3475817267319135
dravidian_tamil_test_352,dravidian_tamil,test,0.0,0.3247902367400144,0.22179020561651083,0.4534195576434748
dravidian_tamil_test_353,dravidian_tamil,test,0.0,0.3157063131974086,0.3138482708197115,0.3704454159828799
dravidian_tamil_test_354,dravidian_tamil,test,0.0,0.3115773241741255,0.3475323676451737,0.3408903081807008
dravidian_tamil_test_355,dravidian_tamil,test,0.0,0.33423791760571,0.35237670170382157,0.31338538069046845
dravidian_tamil_test_356,dravidian_tamil,test,0.0,0.3534633275069964,0.31694843214227725,0.32958824035072637
dravidian_tamil_test_357,dravidian_tamil,test,0.0,0.3247153383829362,0.34999295396280444,0.32529170765425935
dravidian_tamil_test_358,dravidian_tamil,test,0.0,0.338439993467668,0.32767378991266044,0.3338862166196716
dravidian_tamil_test_359,dravidian_tamil,test,0.0,0.28095985552574265,0.26342769230289376,0.45561245217136354
dravidian_tamil_test_360,dravidian_tamil,test,0.0,0.29107655431827956,0.26191958378676833,0.4470038618949521
dravidian_tamil_test_361,dravidian_tamil,test,0.0,0.3051956827192425,0.24548448589097613,0.4493198313897814
dravidian_tamil_test_362,dravidian_tamil,test,0.0,0.31131333006766654,0.3129069276700754,0.375779742262258
dravidian_tamil_test_363,dravidian_tamil,test,0.0,0.29747990199744795,0.27261481416005423,0.4299052838424978
dravidian_tamil_test_364,dravidian_tamil,test,0.0,0.34075767659888245,0.35840152454644264,0.3008407988546749
dravidian_tamil_test_365,dravidian_tamil,test,0.0,0.3336479507774594,0.2357120000469177,0.4306400491756229
dravidian_tamil_test_366,dravidian_tamil,test,0.0,0.2806007281704318,0.24625584172543774,0.47314343010413046
dravidian_tamil_test_367,dravidian_tamil,test,0.0,0.34769964249404867,0.2999039781151488,0.3523963793908025
dravidian_tamil_test_368,dravidian_tamil,test,0.0,0.3026740981670424,0.2953517582051919,0.40197414362776573
dravidian_tamil_test_369,dravidian_tamil,test,0.0,0.309232591226811,0.3156746435020656,0.3750927652711234
dravidian_tamil_test_370,dravidian_tamil,test,0.0,0.3175460091854111,0.2907156616201278,0.3917383291944611
dravidian_tamil_test_371,dravidian_tamil,test,0.0,0.3141376912324984,0.2603138846697341,0.4255484240977675
dravidian_tamil_test_372,dravidian_tamil,test,0.0,0.3142545371615208,0.29331233375288995,0.39243312908558925
dravidian_tamil_test_373,dravidian_tamil,test,0.0,0.3133104998570462,0.24906492922463833,0.4376245709183155
dravidian_tamil_test_374,dravidian_tamil,test,0.0,0.3373419238513171,0.3520900573953314,0.3105680187533515
dravidian_tamil_test_375,dravidian_tamil,test,0.0,0.32772726637696,0.3458157251915507,0.32645700843148934
dravidian_tamil_test_376,dravidian_tamil,test,0.0,0.3102122505977496,0.31261494607956636,0.377172803322684
dravidian_tamil_test_377,dravidian_tamil,test,0.0,0.3238486571249109,0.3551000689326515,0.3210512739424376
dravidian_tamil_test_378,dravidian_tamil,test,0.0,0.32500209603674046,0.3070950233168825,0.36790288064637705
dravidian_tamil_test_379,dravidian_tamil,test,0.0,0.2960823825809734,0.28649937064168557,0.417418246777341
dravidian_tamil_test_380,dravidian_tamil,test,0.0,0.3152387221835775,0.30757255804628897,0.3771887197701335
dravidian_tamil_test_381,dravidian_tamil,test,0.0,0.3341877171756432,0.3153632276828265,0.3504490551415303
dravidian_tamil_test_382,dravidian_tamil,test,0.0,0.30474387797531566,0.2873531697781448,0.4079029522465395
dravidian_tamil_test_383,dravidian_tamil,test,0.0,0.32464416856093725,0.2639114582321437,0.4114443732069191
dravidian_tamil_test_384,dravidian_tamil,test,0.0,0.31947304287176354,0.2946802725180607,0.3858466846101758
dravidian_tamil_test_385,dravidian_tamil,test,0.0,0.30587092530662424,0.2795274571619031,0.4146016175314727
dravidian_tamil_test_386,dravidian_tamil,test,0.0,0.3220517342176134,0.30957478706493957,0.3683734787174471
dravidian_tamil_test_387,dravidian_tamil,test,0.0,0.3237496523173822,0.32227919844319175,0.3539711492394261
dravidian_tamil_test_388,dravidian_tamil,test,0.0,0.31578185059328173,0.24360397749429002,0.4406141719124283
dravidian_tamil_test_389,dravidian_tamil,test,0.0,0.36298251263598563,0.23802696610335605,0.3989905212606583
dravidian_tamil_test_390,dravidian_tamil,test,0.0,0.3535272877782618,0.2616173748205715,0.3848553374011667
dravidian_tamil_test_391,dravidian_tamil,test,0.0,0.32280225853290767,0.32965540270111787,0.34754233876597446
dravidian_tamil_test_392,dravidian_tamil,test,0.0,0.3427953380727354,0.3396499008836475,0.31755476104361713
dravidian_tamil_test_393,dravidian_tamil,test,0.0,0.3029785180624657,0.22857347288550178,0.46844800905203254
dravidian_tamil_test_394,dravidian_tamil,test,0.0,0.3431804073522255,0.3290586587354601,0.3277609339123144
dravidian_tamil_test_395,dravidian_tamil,test,0.0,0.3051081889288205,0.2437062974371089,0.45118551363407056
dravidian_tamil_test_396,dravidian_tamil,test,0.0,0.34570425089403517,0.2972349301855353,0.35706081892042957
dravidian_tamil_test_397,dravidian_tamil,test,0.0,0.31930264450812934,0.2797026619338642,0.40099469355800643
dravidian_tamil_test_398,dravidian_tamil,test,0.0,0.3589682443471826,0.35164948099202264,0.28938227466079475
dravidian_tamil_test_399,dravidian_tamil,test,0.0,0.3175234023359454,0.3087482013474409,0.3737283963166137
dravidian_tamil_test_400,dravidian_tamil,test,0.0,0.3233989564003643,0.3002884640145215,0.3763125795851142
dravidian_tamil_test_401,dravidian_tamil,test,0.0,0.3404032116168673,0.32081825003280184,0.33877853835033084
dravidian_tamil_test_402,dravidian_tamil,test,0.0,0.31130650693262396,0.3127817287517534,0.3759117643156226
dravidian_tamil_test_403,dravidian_tamil,test,0.0,0.3342057585899959,0.25737964439581,0.4084145970141941
dravidian_tamil_test_404,dravidian_tamil,test,0.0,0.31700710555883344,0.14364800028805214,0.5393448941531145
dravidian_tamil_test_405,dravidian_tamil,test,0.0,0.3224306358456933,0.26204891441934025,0.41552044973496643
dravidian_tamil_test_406,dravidian_tamil,test,0.0,0.3411173225263198,0.29666971224098027,0.3622129652326999
dravidian_tamil_test_407,dravidian_tamil,test,0.0,0.323468948500553,0.2839967144288954,0.39253433707055163
dravidian_tamil_test_408,dravidian_tamil,test,0.0,0.30500817393977664,0.26062222688447223,0.43436959917575113
dravidian_tamil_test_409,dravidian_tamil,test,0.0,0.3335652258390134,0.37027444161981404,0.2961603325411726
dravidian_tamil_test_410,dravidian_tamil,test,0.0,0.3268226164859299,0.2887633609819547,0.3844140225321154
dravidian_tamil_test_411,dravidian_tamil,test,0.0,0.31949521267446823,0.35373908279556876,0.326765704529963
dravidian_tamil_test_412,dravidian_tamil,test,0.0,0.3145723885125039,0.23242849998641593,0.4529991115010802
dravidian_tamil_test_413,dravidian_tamil,test,0.0,0.3172656752624746,0.32601040905223205,0.3567239156852933
dravidian_tamil_test_414,dravidian_tamil,test,0.0,0.3354635083686517,0.27571803989177024,0.3888184517395781
dravidian_tamil_test_415,dravidian_tamil,test,0.0,0.33785814554031846,0.3240090262018567,0.33813282825782487
dravidian_tamil_test_416,dravidian_tamil,test,0.0,0.3378904975016056,0.34077841706202266,0.32133108543637173
dravidian_tamil_test_417,dravidian_tamil,test,0.0,0.32983294021801435,0.3361660402026475,0.33400101957933814
dravidian_tamil_test_418,dravidian_tamil,test,0.0,0.30826392873834635,0.3233475176700923,0.36838855359156136
dravidian_tamil_test_419,dravidian_tamil,test,0.0,0.32983868094140784,0.30688364070245455,0.36327767835613767
dravidian_tamil_test_420,dravidian_tamil,test,0.0,0.31703605401786633,0.29723221595390503,0.38573173002822864
dravidian_tamil_test_421,dravidian_tamil,test,0.0,0.3344381501233301,0.28063452791334453,0.3849273219633253
dravidian_tamil_test_422,dravidian_tamil,test,0.0,0.34634928025903794,0.34736321391497704,0.306287505825985
dravidian_tamil_test_423,dravidian_tamil,test,0.0,0.32040172020502694,0.260952034889682,0.4186462449052911
dravidian_tamil_test_424,dravidian_tamil,test,0.0,0.31935613074877317,0.3024375319676778,0.378206337283549
dravidian_tamil_test_425,dravidian_tamil,test,0.0,0.3307383400278931,0.2452783037546686,0.4239833562174383
dravidian_tamil_test_426,dravidian_tamil,test,0.0,0.3611819501068576,0.3401524993508863,0.298665550542256
dravidian_tamil_test_427,dravidian_tamil,test,0.0,0.3287700090451343,0.3239808019233432,0.34724918903152246
dravidian_tamil_test_428,dravidian_tamil,test,0.13586163376676472,0.3053460489010159,0.0,0.5587923173322193
dravidian_tamil_test_429,dravidian_tamil,test,0.0,0.3382828937381559,0.3252610393913624,0.3364560668704817
dravidian_tamil_test_430,dravidian_tamil,test,0.0,0.3183710396113151,0.30900124896389275,0.3726277114247922
dravidian_tamil_test_431,dravidian_tamil,test,0.0,0.3178104140923701,0.25283474907519304,0.4293548368324368
dravidian_tamil_test_432,dravidian_tamil,test,0.0,0.32147885777849333,0.3044205465216691,0.37410059569983756
dravidian_tamil_test_433,dravidian_tamil,test,0.0,0.31869127018964244,0.2853420350996984,0.39596669471065915
dravidian_tamil_test_434,dravidian_tamil,test,0.0,0.28174397990229694,0.23179480970334781,0.48646121039435525
dravidian_tamil_test_435,dravidian_tamil,test,0.0,0.30103654902999405,0.26282261802290935,0.4361408329470966
dravidian_tamil_test_436,dravidian_tamil,test,0.0,0.30241986494776213,0.31313795553476276,0.38444217951747506
dravidian_tamil_test_437,dravidian_tamil,test,0.0,0.31257342933540533,0.22274747483888777,0.46467909582570693
dravidian_tamil_test_438,dravidian_tamil,test,0.0,0.30760511334831414,0.2800451677367861,0.41234971891489974
dravidian_tamil_test_439,dravidian_tamil,test,0.0,0.32071221232213987,0.24121309976789881,0.43807468790996135
dravidian_tamil_test_440,dravidian_tamil,test,0.0,0.32452190067827824,0.2949823152913073,0.38049578403041445
dravidian_tamil_test_441,dravidian_tamil,test,0.0,0.3183585487673442,0.26724708216789717,0.4143943690647587
dravidian_tamil_test_442,dravidian_tamil,test,0.0,0.3137410821774233,0.3182123545151887,0.368046563307388
dravidian_tamil_test_443,dravidian_tamil,test,0.0,0.32685783971557625,0.41026201644291016,0.2628801438415136
dravidian_tamil_test_444,dravidian_tamil,test,0.0,0.3289302043473615,0.3050718684135278,0.36599792723911073
dravidian_tamil_test_445,dravidian_tamil,test,0.0,0.31708769228662487,0.3112585876663874,0.3716537200469877
dravidian_tamil_test_446,dravidian_tamil,test,0.0,0.33018332205256457,0.32042354506762727,0.34939313287980817
dravidian_tamil_test_447,dravidian_tamil,test,0.0,0.32058997021755214,0.36073886870697974,0.3186711610754681
dravidian_tamil_test_448,dravidian_tamil,test,0.0,0.3079765316463184,0.2866557596003717,0.40536770875330985
dravidian_tamil_test_449,dravidian_tamil,test,0.0,0.31107992026444187,0.27835841661109484,0.4105616631244633
dravidian_tamil_test_450,dravidian_tamil,test,0.0,0.33063661043760656,0.3063206113937573,0.3630427781686361
dravidian_tamil_test_451,dravidian_tamil,test,0.0,0.353510203876979,0.30488501074789753,0.34160478537512345
dravidian_tamil_test_452,dravidian_tamil,test,0.0,0.314986515039638,0.28942366744451503,0.395589817515847
dravidian_tamil_test_453,dravidian_tamil,test,0.0,0.30172706033712926,0.276470758909142,0.42180218075372866
dravidian_tamil_test_454,dravidian_tamil,test,0.0,0.30788080497403447,0.3145522491249629,0.37756694590100265
dravidian_tamil_test_455,dravidian_tamil,test,0.0,0.30029905260115797,0.2720915062157538,0.42760944118308825
dravidian_tamil_test_456,dravidian_tamil,test,0.0,0.31592900166559595,0.2977508583773774,0.38632013995702663
dravidian_tamil_test_457,dravidian_tamil,test,0.0,0.31355757629263414,0.3129979804890968,0.37344444321826903
dravidian_tamil_test_458,dravidian_tamil,test,0.0,0.3357203417063999,0.3338541724796036,0.33042548581399656
dravidian_tamil_test_459,dravidian_tamil,test,0.0,0.335281177545845,0.3351252737256293,0.3295935487285257
dravidian_tamil_test_460,dravidian_tamil,test,0.0,0.3296239950848179,0.18645220327602757,0.48392380163915455
dravidian_tamil_test_461,dravidian_tamil,test,0.0,0.3062390406218209,0.29338163645745474,0.40037932292072437
dravidian_tamil_test_462,dravidian_tamil,test,0.0,0.34127877245483296,0.2985546773154574,0.36016655022970967
dravidian_tamil_test_463,dravidian_tamil,test,0.0,0.32182477302311346,0.3146511884944643,0.3635240384824222
dravidian_tamil_test_464,dravidian_tamil,test,0.0,0.3201828766509278,0.29076037780003433,0.3890567455490379
dravidian_tamil_test_465,dravidian_tamil,test,0.0,0.3288026120881897,0.2894138293863831,0.38178355852542717
dravidian_tamil_test_466,dravidian_tamil,test,0.0,0.30408394622591656,0.29224224258643755,0.4036738111876459
dravidian_tamil_test_467,dravidian_tamil,test,0.0,0.3004317534817896,0.3082602343736785,0.3913080121445319
dravidian_tamil_test_468,dravidian_tamil,test,0.0,0.2884376784503422,0.2716028030996341,0.43995951845002373
dravidian_tamil_test_469,dravidian_tamil,test,0.0,0.2950078810001644,0.2775991162198589,0.42739300277997677
dravidian_tamil_test_470,dravidian_tamil,test,0.0,0.3070289789213379,0.2666658527663342,0.4263051683123279
dravidian_tamil_test_471,dravidian_tamil,test,0.0,0.3190211757977885,0.27514592140335825,0.4058329027988532
dravidian_tamil_test_472,dravidian_tamil,test,0.0,0.30846925213694576,0.2576325518881029,0.43389819597495133
dravidian_tamil_test_473,dravidian_tamil,test,0.0,0.3371916896366841,0.3823657461394272,0.28044256422388875
dravidian_tamil_test_474,dravidian_tamil,test,0.0,0.3219884469807447,0.3526225978108253,0.32538895520843003
dravidian_tamil_test_475,dravidian_tamil,test,0.0,0.319487351320698,0.28902683998762285,0.39148580869167915
dravidian_tamil_test_476,dravidian_tamil,test,0.0,0.31759363610393443,0.30678518397599097,0.3756211799200746
dravidian_tamil_test_477,dravidian_tamil,test,0.0,0.29998579487064747,0.35965202116095973,0.3403621839683928
dravidian_tamil_test_478,dravidian_tamil,test,0.0,0.3073456155318315,0.2563217044432659,0.43633268002490255
dravidian_tamil_test_479,dravidian_tamil,test,0.0,0.3591178704473941,0.36320067332151856,0.2776814562310873
dravidian_tamil_test_480,dravidian_tamil,test,0.0,0.28712670847077,0.24937210875950225,0.46350118276972774
dravidian_tamil_test_481,dravidian_tamil,test,0.0,0.33884443662217384,0.3471123368461601,0.3140432265316661
dravidian_tamil_test_482,dravidian_tamil,test,0.0,0.33450716327901636,0.3152439292861434,0.3502489074348402
dravidian_tamil_test_483,dravidian_tamil,test,0.0,0.29841183619872597,0.1929030557511751,0.5086851080500989
dravidian_tamil_test_484,dravidian_tamil,test,0.0,0.3223201090007787,0.33494759395173307,0.34273229704748825
dravidian_tamil_test_485,dravidian_tamil,test,0.0,0.32795491489148987,0.3500149962787012,0.3220300888298089
dravidian_tamil_test_486,dravidian_tamil,test,0.0,0.31840848714518716,0.2686803301936993,0.41291118266111354
dravidian_tamil_test_487,dravidian_tamil,test,0.0,0.3326025453849933,0.32163453401346037,0.3457629206015464
dravidian_tamil_test_488,dravidian_tamil,test,0.0,0.3124181715412877,0.3442306971352109,0.3433511313235014
dravidian_tamil_test_489,dravidian_tamil,test,0.0,0.3051160657782506,0.27968743407959057,0.4151965001421588
dravidian_tamil_test_490,dravidian_tamil,test,0.0,0.3616096973660329,0.32487118347712474,0.31351911915684233
dravidian_tamil_test_491,dravidian_tamil,test,0.0,0.317476065264179,0.2929397153864874,0.3895842193493336
dravidian_tamil_test_492,dravidian_tamil,test,0.0,0.33019491747858815,0.3280444379858715,0.34176064453554034
dravidian_tamil_test_493,dravidian_tamil,test,0.0,0.326393908362454,0.32895958432781996,0.34464650730972596
dravidian_tamil_test_494,dravidian_tamil,test,0.0,0.3200194250748442,0.3391647838030104,0.3408157911221454
dravidian_tamil_test_495,dravidian_tamil,test,0.0,0.3325668037705471,0.3268935543408967,0.34053964188855623
dravidian_tamil_test_496,dravidian_tamil,test,0.0,0.3111066667335713,0.275452723172865,0.4134406100935637
dravidian_tamil_test_497,dravidian_tamil,test,0.0,0.32548754372389915,0.2633053273768819,0.41120712889921895
dravidian_tamil_test_498,dravidian_tamil,test,0.0,0.33043033043869097,0.31472254540359174,0.35484712415771724
dravidian_tamil_test_499,dravidian_tamil,test,0.0,0.32774324612785233,0.33260792748594714,0.33964882638620053
dravidian_tamil_test_500,dravidian_tamil,test,0.0,0.32031045430430505,0.3897664837771232,0.28992306191857176
dravidian_tamil_test_501,dravidian_tamil,test,0.0,0.3952126704430178,0.26877467590465687,0.3360126536523254
dravidian_tamil_test_502,dravidian_tamil,test,0.0,0.3282199413785757,0.2871976950952771,0.3845823635261472
dravidian_tamil_test_503,dravidian_tamil,test,0.0,0.3380187924717968,0.34389163106482346,0.31808957646337976
dravidian_tamil_test_504,dravidian_tamil,test,0.0,0.3440802608428014,0.31369605756712404,0.34222368159007455
dravidian_tamil_test_505,dravidian_tamil,test,0.0,0.3189391595616156,0.3185278069200576,0.3625330335183268
dravidian_tamil_test_506,dravidian_tamil,test,0.0,0.33502219176535175,0.3125034552222414,0.35247435301240687
dravidian_tamil_test_507,dravidian_tamil,test,0.0,0.3291905252549139,0.35030131731312414,0.320508157431962
dravidian_tamil_test_508,dravidian_tamil,test,0.0,0.30843620119416965,0.29695823333138205,0.3946055654744483
dravidian_tamil_test_509,dravidian_tamil,test,0.0,0.3270579031086829,0.25505074518482657,0.41789135170649055
dravidian_tamil_test_510,dravidian_tamil,test,0.0,0.3213482081986397,0.31407267557615276,0.36457911622520756
dravidian_tamil_test_511,dravidian_tamil,test,0.0,0.3281130615658646,0.34337859041816005,0.32850834801597534
dravidian_tamil_test_512,dravidian_tamil,test,0.0,0.32575544527194317,0.282927235203157,0.39131731952489984
dravidian_tamil_test_513,dravidian_tamil,test,0.0,0.31462393506741076,0.3474022724906582,0.33797379244193104
dravidian_tamil_test_514,dravidian_tamil,test,0.0,0.3092403209953768,0.30018863953325975,0.39057103947136346
dravidian_tamil_test_515,dravidian_tamil,test,0.0,0.311983958688826,0.2590594850002522,0.4289565563109218
dravidian_tamil_test_516,dravidian_tamil,test,0.0,0.303302579773168,0.33260122230710465,0.3640961979197273
dravidian_tamil_test_517,dravidian_tamil,test,0.0,0.31830399707282403,0.27418526349860856,0.4075107394285674
dravidian_tamil_test_518,dravidian_tamil,test,0.0,0.33124435553015147,0.27705973135181483,0.3916959131180337
dravidian_tamil_test_519,dravidian_tamil,test,0.0,0.31926857383853446,0.3778539812631302,0.3028774448983353
dravidian_tamil_test_520,dravidian_tamil,test,0.0,0.3063803177395404,0.2873771680201532,0.40624251424030644
dravidian_tamil_test_521,dravidian_tamil,test,0.0,0.2934724478396876,0.2870696820540805,0.41945787010623187
dravidian_tamil_test_522,dravidian_tamil,test,0.0,0.34363581838811175,0.3522938692907552,0.3040703123211331
dravidian_tamil_test_523,dravidian_tamil,test,0.0,0.33990791845927115,0.31069414103272924,0.3493979405079996
dravidian_tamil_test_524,dravidian_tamil,test,0.0,0.3129663420715073,0.2624019534663473,0.42463170446214543
dravidian_tamil_test_525,dravidian_tamil,test,0.0,0.2898764573741099,0.27852122514416033,0.4316023174817297
dravidian_tamil_test_526,dravidian_tamil,test,0.0,0.3243561331337537,0.25173130739483535,0.42391255947141093
dravidian_tamil_test_527,dravidian_tamil,test,0.0,0.300415646749988,0.2695212558548411,0.43006309739517085
dravidian_tamil_test_528,dravidian_tamil,test,0.0,0.333439978325126,0.3449176455668109,0.32164237610806307
dravidian_tamil_test_529,dravidian_tamil,test,0.0,0.31509285940027143,0.27435072781692105,0.4105564127828075
dravidian_tamil_test_530,dravidian_tamil,test,0.0,0.3056965104114978,0.29059377831863953,0.4037097112698627
dravidian_tamil_test_531,dravidian_tamil,test,0.0,0.3084141287048448,0.27570075834446506,0.4158851129506902
dravidian_tamil_test_532,dravidian_tamil,test,0.0,0.3326509490179083,0.29704721472201395,0.3703018362600778
dravidian_tamil_test_533,dravidian_tamil,test,0.0,0.34107017680504714,0.277696561558233,0.38123326163671983
dravidian_tamil_test_534,dravidian_tamil,test,0.0,0.3243574943319937,0.241479324520104,0.4341631811479023
dravidian_tamil_test_535,dravidian_tamil,test,0.0,0.34767360522299473,0.2720557062913346,0.3802706884856707
dravidian_tamil_test_536,dravidian_tamil,test,0.0,0.30405062923868426,0.27146043074066273,0.42448894002065296
dravidian_tamil_test_537,dravidian_tamil,test,0.0,0.3323102038819814,0.4141794124750459,0.2535103836429727
dravidian_tamil_test_538,dravidian_tamil,test,0.0,0.3362258953701077,0.40622398754846467,0.2575501170814276
dravidian_tamil_test_539,dravidian_tamil,test,0.0,0.3397114507815582,0.2888600470810402,0.37142850213740164
dravidian_tamil_test_540,dravidian_tamil,test,0.0,0.3440214762018865,0.3902875125160921,0.2656910112820214
dravidian_tamil_test_541,dravidian_tamil,test,0.0,0.3166852593938209,0.2958187147313941,0.387496025874785
dravidian_tamil_test_542,dravidian_tamil,test,0.0,0.3135312780962379,0.2760914982408182,0.4103772236629439
dravidian_tamil_test_543,dravidian_tamil,test,0.0,0.34505066936317075,0.3439918518681351,0.3109574787686942
dravidian_tamil_test_544,dravidian_tamil,test,0.0,0.3077975922932865,0.3206163652832827,0.3715860424234308
dravidian_tamil_test_545,dravidian_tamil,test,0.0,0.31790968253646557,0.2980217207567592,0.38406859670677523
dravidian_tamil_test_546,dravidian_tamil,test,0.0,0.3384504261731649,0.2807506328038589,0.3807989410229762
dravidian_tamil_test_547,dravidian_tamil,test,0.0,0.306245956155805,0.28146371890090466,0.4122903249432903
dravidian_tamil_test_548,dravidian_tamil,test,0.0,0.32872770248120253,0.32768953543486296,0.3435827620839345
dravidian_tamil_test_549,dravidian_tamil,test,0.0,0.30485902168181395,0.33880199447873693,0.3563389838394491
dravidian_tamil_test_550,dravidian_tamil,test,0.0,0.32438904210280906,0.3073950533634737,0.3682159045337173
dravidian_tamil_test_551,dravidian_tamil,test,0.0,0.33346568468478904,0.3229895383314609,0.3435447769837501
dravidian_tamil_test_552,dravidian_tamil,test,0.0,0.31369428906649344,0.25303962996623847,0.4332660809672681
dravidian_tamil_test_553,dravidian_tamil,test,0.0,0.3166080200633961,0.31688871746858477,0.3665032624680192
dravidian_tamil_test_554,dravidian_tamil,test,0.0,0.3529440794343788,0.39753873182672095,0.24951718873890028
dravidian_tamil_test_555,dravidian_tamil,test,0.0,0.3271090609971213,0.3408991510883339,0.3319917879145448
dravidian_tamil_test_556,dravidian_tamil,test,0.0,0.32017626031594065,0.33938895746511205,0.3404347822189473
dravidian_tamil_test_557,dravidian_tamil,test,0.0,0.3236182512486849,0.31455610188464833,0.3618256468666668
dravidian_tamil_test_558,dravidian_tamil,test,0.0,0.3362655204744232,0.26922993768080633,0.39450454184477046
dravidian_tamil_test_559,dravidian_tamil,test,0.0,0.3094462986755511,0.2461098853208005,0.4444438160036484
dravidian_tamil_test_560,dravidian_tamil,test,0.0,0.3240231806635336,0.32563069959200297,0.35034611974446345
dravidian_tamil_test_561,dravidian_tamil,test,0.0,0.31818376215320365,0.27386342291557825,0.4079528149312181
dravidian_tamil_test_562,dravidian_tamil,test,0.0,0.3266493667599644,0.3580954434298878,0.3152551898101478
dravidian_tamil_test_563,dravidian_tamil,test,0.0,0.3179276212400803,0.32673337309830097,0.35533900566161875
dravidian_tamil_test_564,dravidian_tamil,test,0.0,0.31694033515993525,0.2936309475683588,0.3894287172717059
dravidian_tamil_test_565,dravidian_tamil,test,0.0,0.33275311803430174,0.37065221183055436,0.2965946701351439
dravidian_tamil_test_566,dravidian_tamil,test,0.0,0.334061314432787,0.2538822850068473,0.4120564005603657
dravidian_tamil_test_567,dravidian_tamil,test,0.0,0.318777586504511,0.29437064320048867,0.3868517702950003
dravidian_tamil_test_568,dravidian_tamil,test,0.0,0.32158892888487517,0.33842817404679043,0.33998289706833446
dravidian_tamil_test_569,dravidian_tamil,test,0.0,0.32159208207562456,0.3141508312402597,0.36425708668411577
dravidian_tamil_test_570,dravidian_tamil,test,0.0,0.31446166593084374,0.32951120596076566,0.35602712810839066
dravidian_tamil_test_571,dravidian_tamil,test,0.0,0.3161851071753755,0.2887447068314311,0.3950701859931934
dravidian_tamil_test_572,dravidian_tamil,test,0.0,0.32590035380472093,0.3288595078417912,0.3452401383534879
dravidian_tamil_test_573,dravidian_tamil,test,0.0,0.3840111714476987,0.40115202494728197,0.2148368036050193
dravidian_tamil_test_574,dravidian_tamil,test,0.0,0.3133562908217036,0.30981645197163654,0.3768272572066599
dravidian_tamil_test_575,dravidian_tamil,test,0.0,0.2978656723931114,0.29176775921234455,0.41036656839454405
dravidian_tamil_test_576,dravidian_tamil,test,0.0,0.34310639324747527,0.26862118877401303,0.3882724179785117
dravidian_tamil_test_577,dravidian_tamil,test,0.0,0.3236818728913216,0.30136508906753257,0.3749530380411458
dravidian_tamil_test_578,dravidian_tamil,test,0.0,0.31538049274252256,0.28677966322353726,0.3978398440339402
dravidian_tamil_test_579,dravidian_tamil,test,0.0,0.27859990813045477,0.24360937069361507,0.4777907211759302
dravidian_tamil_test_580,dravidian_tamil,test,0.0,0.32149254763026125,0.3421110439409809,0.3363964084287579
dravidian_tamil_test_581,dravidian_tamil,test,0.0,0.338252703771182,0.37317689988264907,0.28857039634616893
dravidian_tamil_test_582,dravidian_tamil,test,0.0,0.30778051023031655,0.25110657205876175,0.4411129177109217
dravidian_tamil_test_583,dravidian_tamil,test,0.0,0.35205122054814497,0.3527516820239591,0.2951970974278959
dravidian_tamil_test_584,dravidian_tamil,test,0.0,0.34548733217195693,0.3031458238538694,0.35136684397417367
dravidian_tamil_test_585,dravidian_tamil,test,0.0,0.3168852763201482,0.19832569809062647,0.4847890255892253
dravidian_tamil_test_586,dravidian_tamil,test,0.0,0.3400351707333328,0.3346345153443403,0.32533031392232686
dravidian_tamil_test_587,dravidian_tamil,test,0.0,0.3044096027004819,0.28382109307335274,0.41176930422616537
dravidian_tamil_test_588,dravidian_tamil,test,0.0,0.3194713795745121,0.33306189385093976,0.34746672657454813
dravidian_tamil_test_589,dravidian_tamil,test,0.0,0.2879976152205294,0.2190487729567716,0.49295361182269903
dravidian_tamil_test_590,dravidian_tamil,test,0.0,0.31208201222072907,0.30003385897866625,0.38788412880060474
dravidian_tamil_test_591,dravidian_tamil,test,0.0,0.34792373092562734,0.3348979322790769,0.3171783367952958
dravidian_tamil_test_592,dravidian_tamil,test,0.0,0.33048871189022133,0.34363619662260464,0.32587509148717403
dravidian_tamil_test_593,dravidian_tamil,test,0.0,0.32460962483736444,0.27569309814188664,0.3996972770207489
dravidian_tamil_test_594,dravidian_tamil,test,0.0,0.32025956566804836,0.31406824127681066,0.365672193055141
dravidian_tamil_test_595,dravidian_tamil,test,0.0,0.3122969973661009,0.318206049419704,0.3694969532141951
dravidian_tamil_test_596,dravidian_tamil,test,0.0,0.34580264295641705,0.2772799158551731,0.37691744118840986
dravidian_tamil_test_597,dravidian_tamil,test,0.0,0.32592722813628344,0.30502489865739396,0.3690478732063226
dravidian_tamil_test_598,dravidian_tamil,test,0.0,0.3108226272092383,0.3067853462126886,0.3823920265780731
dravidian_tamil_test_599,dravidian_tamil,test,0.0,0.4269021694695113,0.3897032543210684,0.18339457620942026
dravidian_tamil_test_600,dravidian_tamil,test,0.0,0.3214877709872976,0.3398608019871377,0.3386514270255647
dravidian_tamil_test_601,dravidian_tamil,test,0.0,0.3279642704467951,0.3199083337074682,0.3521273958457367
dravidian_tamil_test_602,dravidian_tamil,test,0.0,0.3182295880411518,0.29450844074918753,0.38726197120966066
dravidian_tamil_test_603,dravidian_tamil,test,0.0,0.32917950767578397,0.3495854262009229,0.3212350661232931
dravidian_tamil_test_604,dravidian_tamil,test,0.0,0.32467090115350145,0.3003700552146519,0.3749590436318467
dravidian_tamil_test_605,dravidian_tamil,test,0.0,0.33149378402777374,0.3168814049659082,0.35162481100631804
dravidian_tamil_test_606,dravidian_tamil,test,0.0,0.33835898131516146,0.33828941047981503,0.3233516082050235
dravidian_tamil_test_607,dravidian_tamil,test,0.0,0.3139176342393127,0.32275148316623914,0.3633308825944482
dravidian_tamil_test_608,dravidian_tamil,test,0.0,0.3186551546719544,0.2938576358979992,0.38748720943004644
dravidian_tamil_test_609,dravidian_tamil,test,0.0,0.3456221634074386,0.3157367208546581,0.3386411157379033
dravidian_tamil_test_610,dravidian_tamil,test,0.0,0.32076442188333604,0.2906373967978956,0.3885981813187684
dravidian_tamil_test_611,dravidian_tamil,test,0.0,0.3188092483828687,0.29511298049787427,0.386077771119257
dravidian_tamil_test_612,dravidian_tamil,test,0.0,0.3095637207478036,0.29040935808131707,0.40002692117087935
dravidian_tamil_test_613,dravidian_tamil,test,0.0,0.3016102428820763,0.24937820589685172,0.449011551221072
dravidian_tamil_test_614,dravidian_tamil,test,0.0,0.3163850599234111,0.2553943014199669,0.428220638656622
dravidian_tamil_test_615,dravidian_tamil,test,0.0,0.3202431531356482,0.2962714268111787,0.3834854200531731
dravidian_tamil_test_616,dravidian_tamil,test,0.0,0.3033250776518967,0.26679810019909805,0.4298768221490052
dravidian_tamil_test_617,dravidian_tamil,test,0.0,0.29802830494866844,0.30661310022035837,0.3953585948309732
dravidian_tamil_test_618,dravidian_tamil,test,0.0,0.2936377248430148,0.2705367352540578,0.4358255399029274
dravidian_tamil_test_619,dravidian_tamil,test,0.0,0.3116004296455424,0.3371352586081548,0.35126431174630274
dravidian_tamil_test_620,dravidian_tamil,test,0.0,0.31713543424176877,0.33909464445495724,0.343769921303274
dravidian_tamil_test_621,dravidian_tamil,test,0.0,0.30783998825430076,0.2867275194604639,0.40543249228523537
dravidian_tamil_test_622,dravidian_tamil,test,0.0,0.3167426957455808,0.26191575970844644,0.4213415445459728
dravidian_tamil_test_623,dravidian_tamil,test,0.0,0.3272791248853063,0.29535150161353585,0.37736937350115785
dravidian_tamil_test_624,dravidian_tamil,test,0.0,0.29349158557007715,0.30389274348538653,0.4026156709445363
dravidian_tamil_test_625,dravidian_tamil,test,0.0,0.33396391964611666,0.30480676644794424,0.3612293139059391
dravidian_tamil_test_626,dravidian_tamil,test,0.0,0.34281097875314415,0.3223235569886967,0.33486546425815916
dravidian_tamil_test_627,dravidian_tamil,test,0.0,0.333564281510132,0.34266846043891364,0.32376725805095435
dravidian_tamil_test_628,dravidian_tamil,test,0.0,0.321817778903078,0.261074062888434,0.417108158208488
dravidian_tamil_test_629,dravidian_tamil,test,0.0,0.38331899914743295,0.28658975061011244,0.3300912502424546
dravidian_tamil_test_630,dravidian_tamil,test,0.0,0.30831265763777077,0.30127089640869054,0.39041644595353864
dravidian_tamil_test_631,dravidian_tamil,test,0.0,0.30566621578650527,0.22911182424135887,0.4652219599721359
dravidian_tamil_test_632,dravidian_tamil,test,0.0,0.33605850214585986,0.297564119465073,0.3663773783890671
dravidian_tamil_test_633,dravidian_tamil,test,0.0,0.3035445909975584,0.31083627518281765,0.385619133819624
dravidian_tamil_test_634,dravidian_tamil,test,0.0,0.3555611705067669,0.19864464728455694,0.44579418220867617
dravidian_tamil_test_635,dravidian_tamil,test,0.0,0.3084483116994818,0.279621174654826,0.4119305136456922
dravidian_tamil_test_636,dravidian_tamil,test,0.0,0.3278178754060344,0.3567222964557556,0.31545982813821
dravidian_tamil_test_637,dravidian_tamil,test,0.0,0.3304919807365149,0.31664973840394917,0.35285828085953586
dravidian_tamil_test_638,dravidian_tamil,test,0.0,0.3311510866557698,0.2856933086374183,0.3831556047068118
dravidian_tamil_test_639,dravidian_tamil,test,0.0,0.3274605198832471,0.2808779796036326,0.39166150051312026
dravidian_tamil_test_640,dravidian_tamil,test,0.0,0.2835886895274958,0.22663271787187558,0.4897785926006286
dravidian_tamil_test_641,dravidian_tamil,test,0.0,0.32183558030221215,0.3344396151088371,0.34372480458895077
dravidian_tamil_test_642,dravidian_tamil,test,0.0,0.2960951938841685,0.35751039270606766,0.34639441340976385
dravidian_tamil_test_643,dravidian_tamil,test,0.0,0.30836594199559486,0.2450016127694477,0.4466324452349575
dravidian_tamil_test_644,dravidian_tamil,test,0.0,0.3196812661219216,0.32432554690045057,0.35599318697762783
dravidian_tamil_test_645,dravidian_tamil,test,0.0,0.3516317446932052,0.32548116868205795,0.32288708662473686
dravidian_tamil_test_646,dravidian_tamil,test,0.0,0.3336377322938472,0.32805289454802933,0.3383093731581235
dravidian_tamil_test_647,dravidian_tamil,test,0.0,0.3335839712260007,0.3470132905389965,0.3194027382350028
dravidian_tamil_test_648,dravidian_tamil,test,0.0,0.31074112113550756,0.3129897556177304,0.376269123246762
dravidian_tamil_test_649,dravidian_tamil,test,0.0,0.316897724971276,0.2953393951579508,0.3877628798707731
dravidian_tamil_test_650,dravidian_tamil,test,0.0,0.30520177558970374,0.29249161067949875,0.40230661373079746
dravidian_tamil_test_651,dravidian_tamil,test,0.0,0.3099406779319489,0.27304170679906664,0.41701761526898445
dravidian_tamil_test_652,dravidian_tamil,test,0.0,0.33086495290242907,0.287006391412653,0.38212865568491794
dravidian_tamil_test_653,dravidian_tamil,test,0.0,0.3222661324140221,0.261755768063636,0.41597809952234194
dravidian_tamil_test_654,dravidian_tamil,test,0.0,0.3398338190104305,0.27291231856705744,0.38725386242251203
dravidian_tamil_test_655,dravidian_tamil,test,0.0,0.32109697652675184,0.31211107533606186,0.3667919481371863
dravidian_tamil_test_656,dravidian_tamil,test,0.0,0.31534389716680444,0.2640955878307546,0.4205605150024409
dravidian_tamil_test_657,dravidian_tamil,test,0.0,0.31472837130979264,0.31219153406565703,0.37308009462455033
dravidian_tamil_test_658,dravidian_tamil,test,0.0,0.3432647934792249,0.34860912828406226,0.30812607823671284
dravidian_tamil_test_659,dravidian_tamil,test,0.0,0.2874248809614439,0.2521120762591425,0.4604630427794136
dravidian_tamil_test_660,dravidian_tamil,test,0.0,0.3391543063831199,0.28582883786533714,0.375016855751543
dravidian_tamil_test_661,dravidian_tamil,test,0.0,0.31342000045641644,0.2691871830180738,0.4173928165255098
dravidian_tamil_test_662,dravidian_tamil,test,0.0,0.3367988900800908,0.27801980198019804,0.38518130793971117
dravidian_tamil_test_663,dravidian_tamil,test,0.0,0.33489924576990854,0.16507657398863723,0.5000241802414542
dravidian_tamil_test_664,dravidian_tamil,test,0.0,0.31971112092249443,0.3370549513993524,0.3432339276781532
dravidian_tamil_test_665,dravidian_tamil,test,0.0,0.31276175299286674,0.30220772112741645,0.38503052587971687
dravidian_tamil_test_666,dravidian_tamil,test,0.0,0.2894879463613248,0.2667597781086639,0.44375227553001134
dravidian_tamil_test_667,dravidian_tamil,test,0.0,0.3676450069826592,0.25721957465727796,0.37513541836006287
dravidian_tamil_test_668,dravidian_tamil,test,0.0,0.3028431652728476,0.2887751188255821,0.4083817159015703
dravidian_tamil_test_669,dravidian_tamil,test,0.0,0.32151098561386676,0.30632557747680783,0.37216343690932535
dravidian_tamil_test_670,dravidian_tamil,test,0.0,0.29158854922850475,0.28958196072934084,0.41882949004215436
dravidian_tamil_test_671,dravidian_tamil,test,0.0,0.32686406211100866,0.3404589769348077,0.33267696095418364
dravidian_tamil_test_672,dravidian_tamil,test,0.0,0.3047282944253707,0.29007488103029927,0.4051968245443301
dravidian_tamil_test_673,dravidian_tamil,test,0.0,0.3289983696846317,0.3078582900261846,0.3631433402891837
dravidian_tamil_test_674,dravidian_tamil,test,0.0,0.30673487433853297,0.2716512151650386,0.42161391049642843
dravidian_tamil_test_675,dravidian_tamil,test,0.0,0.3019444769084419,0.2624812416363586,0.4355742814551995
dravidian_tamil_test_676,dravidian_tamil,test,0.0,0.3086376143548282,0.3331960142603869,0.35816637138478485
dravidian_tamil_test_677,dravidian_tamil,test,0.0,0.3387470132416284,0.3748711398562094,0.2863818469021622
dravidian_tamil_test_678,dravidian_tamil,test,0.0,0.30452858168242364,0.3047972799880338,0.39067413832954256
dravidian_tamil_test_679,dravidian_tamil,test,0.0,0.30063708065535766,0.2718042371569691,0.42755868218767323
dravidian_tamil_test_680,dravidian_tamil,test,0.0,0.31803178105939645,0.2739331649533215,0.40803505398728207
dravidian_tamil_test_681,dravidian_tamil,test,0.0,0.3204908749546666,0.3012620877927884,0.378247037252545
dravidian_tamil_test_682,dravidian_tamil,test,0.0,0.33237322692783194,0.3422746685872876,0.32535210448488044
dravidian_tamil_test_683,dravidian_tamil,test,0.0,0.32043443589895676,0.3030425011697872,0.37652306293125604
dravidian_tamil_test_684,dravidian_tamil,test,0.0,0.33211304326050706,0.2769203108658714,0.3909666458736216
dravidian_tamil_test_685,dravidian_tamil,test,0.0,0.31200682267260954,0.33341925707385434,0.35457392025353607
dravidian_tamil_test_686,dravidian_tamil,test,0.0,0.2897906814967092,0.24205406049861208,0.46815525800467866
dravidian_tamil_test_687,dravidian_tamil,test,0.0,0.2894017782420588,0.304310681256636,0.40628754050130517
dravidian_tamil_test_688,dravidian_tamil,test,0.0,0.3138704857235444,0.27751423244798107,0.4086152818284745
dravidian_tamil_test_689,dravidian_tamil,test,0.0,0.29543630611822286,0.30085110982898355,0.40371258405279353
dravidian_tamil_test_690,dravidian_tamil,test,0.0,0.3224700755220472,0.33363034215232795,0.34389958232562484
dravidian_tamil_test_691,dravidian_tamil,test,0.0,0.3144073696417212,0.3022775789669311,0.38331505139134764
dravidian_tamil_test_692,dravidian_tamil,test,0.0,0.314968170273747,0.31046037966209566,0.3745714500641573
dravidian_tamil_test_693,dravidian_tamil,test,0.0,0.31711386596347163,0.23787186270819344,0.44501427132833493
dravidian_tamil_test_694,dravidian_tamil,test,0.0,0.36189861002720886,0.3540032903756512,0.2840980995971399
dravidian_tamil_test_695,dravidian_tamil,test,0.0,0.32929221814689663,0.3311337389913488,0.3395740428617545
dravidian_tamil_test_696,dravidian_tamil,test,0.0,0.32704327297212726,0.3151878362312501,0.35776889079662266
dravidian_tamil_test_697,dravidian_tamil,test,0.0,0.33354652515556654,0.3200430355850588,0.34641043925937465
dravidian_tamil_test_698,dravidian_tamil,test,0.0,0.3127681035062037,0.32801673504152623,0.35921516145227006
dravidian_tamil_test_699,dravidian_tamil,test,0.0,0.31252004625174906,0.31270449028631786,0.374775463461933
dravidian_tamil_test_700,dravidian_tamil,test,0.0,0.3025347634102088,0.2796253981480382,0.417839838441753
dravidian_tamil_test_701,dravidian_tamil,test,0.0,0.31773086045485055,0.3449482912542463,0.33732084829090314
dravidian_tamil_test_702,dravidian_tamil,test,0.0,0.30487484767214534,0.2595815111398281,0.43554364118802663
dravidian_tamil_test_703,dravidian_tamil,test,0.0,0.2750334329961443,0.20605593032644434,0.5189106366774113
dravidian_tamil_test_704,dravidian_tamil,test,0.0,0.3341435808326045,0.27829990775569535,0.38755651141170017
dravidian_tamil_test_705,dravidian_tamil,test,0.0,0.3201106210124479,0.3225556646506582,0.35733371433689387
dravidian_tamil_test_706,dravidian_tamil,test,0.0,0.30930460083032735,0.2967420710542435,0.3939533281154291
dravidian_tamil_test_707,dravidian_tamil,test,0.0,0.3365962444954088,0.3367290796202005,0.3266746758843907
dravidian_tamil_test_708,dravidian_tamil,test,0.0,0.3202775120469234,0.30438131097039195,0.37534117698268465
dravidian_tamil_test_709,dravidian_tamil,test,0.0,0.2959649592914645,0.25078947000801344,0.45324557070052207
dravidian_tamil_test_710,dravidian_tamil,test,0.0,0.31977338007306744,0.31485398069559634,0.3653726392313363
dravidian_tamil_test_711,dravidian_tamil,test,0.0,0.31615637473636937,0.2641601424105249,0.41968348285310575
dravidian_tamil_test_712,dravidian_tamil,test,0.0,0.3219755755752952,0.31179563948084354,0.3662287849438612
dravidian_tamil_test_713,dravidian_tamil,test,0.0,0.3344740887564968,0.294604194000687,0.3709217172428162
dravidian_tamil_test_714,dravidian_tamil,test,0.0,0.33476149465584076,0.2597540053706556,0.4054844999735036
dravidian_tamil_test_715,dravidian_tamil,test,0.0,0.29701412533347754,0.2718085642007246,0.4311773104657979
dravidian_tamil_test_716,dravidian_tamil,test,0.0,0.3253565437165833,0.2880193243592755,0.3866241319241412
dravidian_tamil_test_717,dravidian_tamil,test,0.0,0.28657064186542114,0.2841630333291402,0.42926632480543864
dravidian_tamil_test_718,dravidian_tamil,test,0.0,0.32554662239275783,0.30925039916936786,0.3652029784378743
dravidian_tamil_test_719,dravidian_tamil,test,0.0,0.3086813995438418,0.2991915881562385,0.39212701229991975
dravidian_tamil_test_720,dravidian_tamil,test,0.0,0.32215585389160356,0.2920960433318395,0.3857481027765569
dravidian_tamil_test_721,dravidian_tamil,test,0.0,0.34417187557791173,0.3643571772016126,0.2914709472204756
dravidian_tamil_test_722,dravidian_tamil,test,0.0,0.32389632762483606,0.29107135944176415,0.3850323129333998
dravidian_tamil_test_723,dravidian_tamil,test,0.0,0.3064753850058898,0.2899199892681896,0.4036046257259206
dravidian_tamil_test_724,dravidian_tamil,test,0.0,0.3272184208762454,0.2772024527406709,0.3955791263830837
dravidian_tamil_test_725,dravidian_tamil,test,0.0,0.31248796027555953,0.2993884477693003,0.3881235919551402
dravidian_tamil_test_726,dravidian_tamil,test,0.0,0.32068788908014756,0.2903265658902776,0.38898554502957483
dravidian_tamil_test_727,dravidian_tamil,test,0.0,0.2873038807060379,0.26647833240053903,0.44621778689342306
dravidian_tamil_test_728,dravidian_tamil,test,0.0,0.32263525243236096,0.3496162989468676,0.32774844862077146
dravidian_tamil_test_729,dravidian_tamil,test,0.0,0.33822985043898907,0.35596904477695374,0.3058011047840572
dravidian_tamil_test_730,dravidian_tamil,test,0.0,0.31420045822874376,0.3421767690381127,0.3436227727331435
dravidian_tamil_test_731,dravidian_tamil,test,0.0,0.33173804372956034,0.25749836725753117,0.4107635890129085
dravidian_tamil_test_732,dravidian_tamil,test,0.0,0.323672490041715,0.2530841932482305,0.4232433167100545
dravidian_tamil_test_733,dravidian_tamil,test,0.0,0.3196240186118755,0.28848215009976474,0.39189383128835975
dravidian_tamil_test_734,dravidian_tamil,test,0.0,0.3576259163482262,0.29160861377686037,0.3507654698749134
dravidian_tamil_test_735,dravidian_tamil,test,0.0,0.33905138172618293,0.2570130150108635,0.4039356032629536
dravidian_tamil_test_736,dravidian_tamil,test,0.0,0.3108078888272285,0.3145981833499625,0.37459392782280904
dravidian_tamil_test_737,dravidian_tamil,test,0.0,0.32262485388367124,0.2877665363376194,0.3896086097787093
dravidian_tamil_test_738,dravidian_tamil,test,0.0,0.3191965966297059,0.24712240562835386,0.43368099774194024
dravidian_tamil_test_739,dravidian_tamil,test,0.0,0.35052193541003646,0.3254422510792996,0.32403581351066396
dravidian_tamil_test_740,dravidian_tamil,test,0.0,0.32942714552657365,0.3743115773689337,0.2962612771044926
dravidian_tamil_test_741,dravidian_tamil,test,0.0,0.3520104777683249,0.31888535649785815,0.3291041657338169
dravidian_tamil_test_742,dravidian_tamil,test,0.0,0.3341388467349235,0.3283565436699725,0.337504609595104
dravidian_tamil_test_743,dravidian_tamil,test,0.0,0.3092818667066968,0.2576580287728093,0.4330601045204939
dravidian_tamil_test_744,dravidian_tamil,test,0.0,0.30155161937545844,0.2945027535869106,0.403945627037631
dravidian_tamil_test_745,dravidian_tamil,test,0.0,0.3205345809231227,0.32582136669795286,0.3536440523789244
dravidian_tamil_test_746,dravidian_tamil,test,0.0,0.32589802677691165,0.3048241281820079,0.36927784504108047
dravidian_tamil_test_747,dravidian_tamil,test,0.0,0.3152486091437252,0.3619690624294307,0.322782328426844
dravidian_tamil_test_748,dravidian_tamil,test,0.0,0.2983526056926211,0.2619446717836806,0.43970272252369824
dravidian_tamil_test_749,dravidian_tamil,test,0.0,0.3202768707323461,0.2836289075512486,0.3960942217164053
dravidian_tamil_test_750,dravidian_tamil,test,0.0,0.3279083072719519,0.3304635460999267,0.3416281466281214
dravidian_tamil_test_751,dravidian_tamil,test,0.0,0.31975693494115565,0.30140161211555283,0.3788414529432915
dravidian_tamil_test_752,dravidian_tamil,test,0.0,0.3180965787344041,0.27645508972683175,0.40544833153876414
dravidian_tamil_test_753,dravidian_tamil,test,0.0,0.33207427781334353,0.2149573650829269,0.45296835710372957
dravidian_tamil_test_754,dravidian_tamil,test,0.0,0.3428056804476204,0.35746458972262796,0.2997297298297516
dravidian_tamil_test_755,dravidian_tamil,test,0.0,0.3446263113413093,0.3667448496173558,0.28862883904133485
dravidian_tamil_test_756,dravidian_tamil,test,0.0,0.3130644991710785,0.23071003416827807,0.45622546666064345
dravidian_tamil_test_757,dravidian_tamil,test,0.0,0.292935878615331,0.25553652587172015,0.45152759551294885
dravidian_tamil_test_758,dravidian_tamil,test,0.0,0.3441850644894252,0.24075935418422073,0.4150555813263541
dravidian_tamil_test_759,dravidian_tamil,test,0.0,0.34601185171061966,0.30869218378875213,0.3452959645006282
dravidian_tamil_test_760,dravidian_tamil,test,0.0,0.3542766034213685,0.3623729880334127,0.28335040854521876
dravidian_tamil_test_761,dravidian_tamil,test,0.0,0.3159199211394685,0.2973206167806985,0.38675946207983297
dravidian_tamil_test_762,dravidian_tamil,test,0.0,0.33820069688908583,0.3627016099473668,0.2990976931635474
dravidian_tamil_test_763,dravidian_tamil,test,0.0,0.3153190307309495,0.2934436035855959,0.39123736568345463
dravidian_tamil_test_764,dravidian_tamil,test,0.0,0.3429105530025257,0.37328518745506867,0.2838042595424056
dravidian_tamil_test_765,dravidian_tamil,test,0.0,0.3316584006940387,0.3497227731772756,0.3186188261286857
dravidian_tamil_test_766,dravidian_tamil,test,0.0,0.3113502380252431,0.28071340958268615,0.40793635239207077
dravidian_tamil_test_767,dravidian_tamil,test,0.0,0.3349393955956902,0.2373980961105111,0.4276625082937987
dravidian_tamil_test_768,dravidian_tamil,test,0.0,0.31513998817242694,0.3105312173369807,0.37432879449059236
dravidian_tamil_test_769,dravidian_tamil,test,0.0,0.3340735616369532,0.34437736957437515,0.3215490687886716
dravidian_tamil_test_770,dravidian_tamil,test,0.0,0.32354513614752217,0.3402397915432605,0.3362150723092173
dravidian_tamil_test_771,dravidian_tamil,test,0.0,0.295672122235738,0.3646902494649041,0.3396376282993579
dravidian_tamil_test_772,dravidian_tamil,test,0.0,0.31867468984169073,0.30019665013138197,0.3811286600269273
dravidian_tamil_test_773,dravidian_tamil,test,0.0,0.2993975353422012,0.31718660638758234,0.38341585827021646
dravidian_tamil_test_774,dravidian_tamil,test,0.0,0.31482842647946696,0.2626682250510286,0.42250334846950444
dravidian_tamil_test_775,dravidian_tamil,test,0.0,0.32296885365822514,0.3297857073796903,0.34724543896208454
dravidian_tamil_test_776,dravidian_tamil,test,0.0,0.3068920253804074,0.2326423268583016,0.460465647761291
dravidian_tamil_test_777,dravidian_tamil,test,0.0,0.3281346655478313,0.3128967065453999,0.3589686279067688
dravidian_tamil_test_778,dravidian_tamil,test,0.0,0.31699385705157324,0.25840645245199584,0.4245996904964309
dravidian_tamil_test_779,dravidian_tamil,test,0.0,0.3269530028372375,0.33643589463411694,0.33661110252864557
dravidian_tamil_test_780,dravidian_tamil,test,0.0,0.3460146447255359,0.3405468527275626,0.31343850254690153
dravidian_tamil_test_781,dravidian_tamil,test,0.0,0.3087222742689602,0.24578746714549665,0.44549025858554314
dravidian_tamil_test_782,dravidian_tamil,test,0.0,0.35383188497605916,0.35590586070835284,0.290262254315588
dravidian_tamil_test_783,dravidian_tamil,test,0.0,0.2985677747377267,0.2629644844623732,0.4384677407999001
dravidian_tamil_test_784,dravidian_tamil,test,0.0,0.31682581683840305,0.3264847196617476,0.35668946349984937
dravidian_tamil_test_785,dravidian_tamil,test,0.0,0.30928795417819943,0.23788538150168792,0.45282666432011265
dravidian_tamil_test_786,dravidian_tamil,test,0.0,0.3310215252382141,0.2958099082121712,0.3731685665496148
dravidian_tamil_test_787,dravidian_tamil,test,0.0,0.3258079619462043,0.2729653038515083,0.4012267342022873
dravidian_tamil_test_788,dravidian_tamil,test,0.0,0.3136198970414695,0.2825791315528431,0.40380097140568744
dravidian_tamil_test_789,dravidian_tamil,test,0.0,0.3231326121675778,0.31863104615875193,0.35823634167367024
dravidian_tamil_test_790,dravidian_tamil,test,0.0,0.34369677722171765,0.3217633540789145,0.33453986869936786
dravidian_tamil_test_791,dravidian_tamil,test,0.0,0.29070085612652874,0.2457923440455306,0.4635067998279407
dravidian_tamil_test_792,dravidian_tamil,test,0.0,0.3244324325598184,0.39271805897650314,0.28284950846367846
dravidian_tamil_test_793,dravidian_tamil,test,0.0,0.31700495515684207,0.3115853681122223,0.3714096767309356
dravidian_tamil_test_794,dravidian_tamil,test,0.0,0.3006371333622611,0.22049871901945883,0.47886414761828006
dravidian_tamil_test_795,dravidian_tamil,test,0.0,0.3299807676095051,0.28773755694991615,0.3822816754405787
dravidian_tamil_test_796,dravidian_tamil,test,0.0,0.3391744794855919,0.33444906213944664,0.3263764583749615
dravidian_tamil_test_797,dravidian_tamil,test,0.0,0.3349986999714251,0.3060923715352951,0.35890892849327977
dravidian_tamil_test_798,dravidian_tamil,test,0.0,0.3442508176720736,0.30768539251366583,0.3480637898142605
dravidian_tamil_test_799,dravidian_tamil,test,0.0,0.3112896837384784,0.2512224169066656,0.43748789935485605
dravidian_tamil_test_800,dravidian_tamil,test,0.0,0.32454695591372756,0.2655787725827757,0.40987427150349676
dravidian_tamil_test_801,dravidian_tamil,test,0.0,0.3409117461279323,0.3262961669610944,0.33279208691097323
dravidian_tamil_test_802,dravidian_tamil,test,0.0,0.3237235281736748,0.269074797749966,0.4072016740763592
dravidian_tamil_test_803,dravidian_tamil,test,0.0,0.3296716595279991,0.322611949372432,0.3477163910995689
dravidian_tamil_test_804,dravidian_tamil,test,0.0,0.3479646550309132,0.3155921060938296,0.33644323887525723
dravidian_tamil_test_805,dravidian_tamil,test,0.0,0.3002828601356999,0.31294659965618804,0.3867705402081121
dravidian_tamil_test_806,dravidian_tamil,test,0.0,0.3197002795638267,0.3002543320880559,0.3800453883481174
dravidian_tamil_test_807,dravidian_tamil,test,0.0,0.29144852803442217,0.3938360573629078,0.31471541460267
dravidian_tamil_test_808,dravidian_tamil,test,0.0,0.2970299328890231,0.258696114279794,0.44427395283118293
dravidian_tamil_test_809,dravidian_tamil,test,0.0,0.36283287098293787,0.3608085918052602,0.2763585372118019
dravidian_tamil_test_810,dravidian_tamil,test,0.0,0.3035923470045676,0.30841001486347996,0.3879976381319524
dravidian_tamil_test_811,dravidian_tamil,test,0.0,0.3206654913066682,0.3546558595698941,0.3246786491234377
dravidian_tamil_test_812,dravidian_tamil,test,0.0,0.34330813765944007,0.34498738256206235,0.3117044797784976
dravidian_tamil_test_813,dravidian_tamil,test,0.0,0.32203445324571633,0.2897616763646599,0.38820387038962384
dravidian_tamil_test_814,dravidian_tamil,test,0.0,0.36884270169485256,0.2965321204691221,0.33462517783602536
dravidian_tamil_test_815,dravidian_tamil,test,0.0,0.3143785667483789,0.39671726257255197,0.28890417067906915
dravidian_tamil_test_816,dravidian_tamil,test,0.0,0.34932829085049866,0.3467519805047671,0.30391972864473427
dravidian_tamil_test_817,dravidian_tamil,test,0.0,0.3074118899424668,0.2920462699659582,0.4005418400915749
dravidian_tamil_test_818,dravidian_tamil,test,0.0,0.33514233506646235,0.36744471304314835,0.29741295189038924
dravidian_tamil_test_819,dravidian_tamil,test,0.0,0.3003605807668937,0.2664854435170083,0.4331539757160979
dravidian_tamil_test_820,dravidian_tamil,test,0.0,0.32688752523034803,0.32800427617828165,0.3451081985913704
dravidian_tamil_test_821,dravidian_tamil,test,0.0,0.2737725412112787,0.22596369610689782,0.5002637626818235
dravidian_tamil_test_822,dravidian_tamil,test,0.0,0.3070932618210567,0.30183497238887164,0.3910717657900717
dravidian_tamil_test_823,dravidian_tamil,test,0.0,0.3319387155302464,0.33191663042444175,0.33614465404531185
dravidian_tamil_test_824,dravidian_tamil,test,0.0,0.3448340090217395,0.29002908488636714,0.36513690609189337
dravidian_tamil_test_825,dravidian_tamil,test,0.0,0.3228657872150015,0.29433108643525874,0.38280312634973973
dravidian_tamil_test_826,dravidian_tamil,test,0.0,0.32486252553562395,0.33798691360329636,0.3371505608610797
dravidian_tamil_test_827,dravidian_tamil,test,0.0,0.2996631175031121,0.32385528830379035,0.3764815941930975
dravidian_tamil_test_828,dravidian_tamil,test,0.0,0.2971560174582302,0.29746399730668605,0.40537998523508373
dravidian_tamil_test_829,dravidian_tamil,test,0.0,0.3075934141147212,0.24634424488367748,0.4460623410016013
dravidian_tamil_test_830,dravidian_tamil,test,0.0,0.29600545394615807,0.2874295260470963,0.41656502000674556
dravidian_tamil_test_831,dravidian_tamil,test,0.0,0.3279370979140752,0.42051601287813006,0.2515468892077947
dravidian_tamil_test_832,dravidian_tamil,test,0.0,0.3168886462561098,0.27792003050116193,0.4051913232427283
dravidian_tamil_test_833,dravidian_tamil,test,0.0,0.3596063115680864,0.3250224363208527,0.3153712521110609
dravidian_tamil_test_834,dravidian_tamil,test,0.0,0.3236197543232881,0.3158232023112584,0.3605570433654535
dravidian_tamil_test_835,dravidian_tamil,test,0.0,0.34129712564214554,0.3413195049254938,0.3173833694323607
dravidian_tamil_test_836,dravidian_tamil,test,0.0,0.32496696172783873,0.3292962456271478,0.34573679264501345
dravidian_tamil_test_837,dravidian_tamil,test,0.0,0.30334239718940254,0.276171945785798,0.42048565702479945
dravidian_tamil_test_838,dravidian_tamil,test,0.0,0.33639873576199913,0.32862849307041125,0.3349727711675896
dravidian_tamil_test_839,dravidian_tamil,test,0.0,0.3059911652389717,0.2766459623635612,0.4173628723974671
dravidian_tamil_test_840,dravidian_tamil,test,0.0,0.3261016158865822,0.3085844112142133,0.3653139728992045
dravidian_tamil_test_841,dravidian_tamil,test,0.0,0.315320826498835,0.31257842398070107,0.37210074952046396
dravidian_tamil_test_842,dravidian_tamil,test,0.0,0.3269633787140218,0.3033969694492988,0.36963965183667946
dravidian_tamil_test_843,dravidian_tamil,test,0.0,0.29030024643215807,0.2629682003822674,0.4467315531855745
dravidian_tamil_test_844,dravidian_tamil,test,0.0,0.32436915671678773,0.23044151653886003,0.44518932674435224
dravidian_tamil_test_845,dravidian_tamil,test,0.0,0.32261041816915176,0.30212199747241675,0.3752675843584315
dravidian_tamil_test_846,dravidian_tamil,test,0.0,0.33148574482004367,0.29627028160784646,0.37224397357210987
dravidian_tamil_test_847,dravidian_tamil,test,0.0,0.47743471690408373,0.2799685393064556,0.24259674378946067
dravidian_tamil_test_848,dravidian_tamil,test,0.0,0.3249432360115807,0.23891215720037476,0.4361446067880445
dravidian_tamil_test_849,dravidian_tamil,test,0.0,0.32155076757625445,0.2632407188703076,0.4152085135534379
dravidian_tamil_test_850,dravidian_tamil,test,0.0,0.3401699785509478,0.2750297220384208,0.3848002994106314
dravidian_tamil_test_851,dravidian_tamil,test,0.0,0.31145507719138654,0.28554584406441835,0.40299907874419505
dravidian_tamil_test_852,dravidian_tamil,test,0.0,0.31998724432782877,0.3200069248889716,0.3600058307831996
dravidian_tamil_test_853,dravidian_tamil,test,0.0,0.3274479345121455,0.35622880197726303,0.3163232635105915
dravidian_tamil_test_854,dravidian_tamil,test,0.0,0.36623716361005204,0.299459075584086,0.33430376080586194
dravidian_tamil_test_855,dravidian_tamil,test,0.0,0.33263391246224133,0.30626749116469526,0.3610985963730634
dravidian_tamil_test_856,dravidian_tamil,test,0.0,0.3009601925506128,0.296837481365152,0.40220232608423523
dravidian_tamil_test_857,dravidian_tamil,test,0.0,0.32481878730770636,0.3507999401860386,0.3243812725062551
dravidian_tamil_test_858,dravidian_tamil,test,0.0,0.3116609898728834,0.2763893465587696,0.411949663568347
dravidian_tamil_test_859,dravidian_tamil,test,0.0,0.3055661559766911,0.28145267558205506,0.4129811684412538
dravidian_tamil_test_860,dravidian_tamil,test,0.0,0.30084318871863075,0.2907160854941296,0.40844072578723967
dravidian_tamil_test_861,dravidian_tamil,test,0.0,0.3220917548496834,0.3313241599070583,0.3465840852432583
dravidian_tamil_test_862,dravidian_tamil,test,0.0,0.3127323107926556,0.3049991348776615,0.3822685543296829
dravidian_tamil_test_863,dravidian_tamil,test,0.0,0.3239537348950537,0.3373300237669359,0.3387162413380104
dravidian_tamil_test_864,dravidian_tamil,test,0.0,0.30523323509263617,0.2707984110398917,0.42396835386747217
dravidian_tamil_test_865,dravidian_tamil,test,0.0,0.3266288745716969,0.24421575890671923,0.4291553665215838
dravidian_tamil_test_866,dravidian_tamil,test,0.0,0.3162983645126069,0.29789903355073943,0.38580260193665367
dravidian_tamil_test_867,dravidian_tamil,test,0.0,0.32691825461806356,0.3035757189810052,0.3695060264009312
dravidian_tamil_test_868,dravidian_tamil,test,0.0,0.3208238307742431,0.2928526806930915,0.3863234885326654
dravidian_tamil_test_869,dravidian_tamil,test,0.0,0.3306796297599199,0.31483561883662675,0.35448475140345337
dravidian_tamil_test_870,dravidian_tamil,test,0.0,0.3185063236654796,0.3333089319909453,0.3481847443435751
dravidian_tamil_test_871,dravidian_tamil,test,0.0,0.31462766317575475,0.29230448998434616,0.3930678468398991
dravidian_tamil_test_872,dravidian_tamil,test,0.0,0.29622404497626237,0.2212684752974052,0.48250747972633246
dravidian_tamil_test_873,dravidian_tamil,test,0.0,0.33304683375306315,0.2863693261327497,0.38058384011418717
dravidian_tamil_test_874,dravidian_tamil,test,0.0,0.2676663434952781,0.20269453122194692,0.529639125282775
dravidian_tamil_test_875,dravidian_tamil,test,0.0,0.3169128444877207,0.28952060609328434,0.393566549418995
dravidian_tamil_test_876,dravidian_tamil,test,0.0,0.3066876686176601,0.2667782755703599,0.42653405581198
dravidian_tamil_test_877,dravidian_tamil,test,0.0,0.3038490906404784,0.3103566679885232,0.3857942413709985
dravidian_tamil_test_878,dravidian_tamil,test,0.0,0.3347840991829574,0.3767380336487862,0.28847786716825635
dravidian_tamil_test_879,dravidian_tamil,test,0.0,0.3036338981582854,0.31202169079386305,0.38434441104785155
dravidian_tamil_test_880,dravidian_tamil,test,0.0,0.3728503391177667,0.33938815438555064,0.28776150649668264
dravidian_tamil_test_881,dravidian_tamil,test,0.0,0.3033299116616774,0.31859908585303354,0.378071002485289
dravidian_tamil_test_882,dravidian_tamil,test,0.0,0.349327608885401,0.3329791355042987,0.31769325561030026
dravidian_tamil_test_883,dravidian_tamil,test,0.0,0.31261579710687853,0.287749723050247,0.3996344798428745
dravidian_tamil_test_884,dravidian_tamil,test,0.0,0.3385165611234337,0.266632760964472,0.39485067791209427
dravidian_tamil_test_885,dravidian_tamil,test,0.0,0.3104793165271174,0.30061471822312313,0.38890596524975946
dravidian_tamil_test_886,dravidian_tamil,test,0.0,0.32290286354958786,0.22413452264085706,0.4529626138095551
dravidian_tamil_test_887,dravidian_tamil,test,0.0,0.28790691955956177,0.24738221466824256,0.46471086577219567
dravidian_tamil_test_888,dravidian_tamil,test,0.0,0.3139927881487723,0.32480467902925014,0.36120253282197756
dravidian_tamil_test_889,dravidian_tamil,test,0.0,0.32962738305634426,0.37354998062050654,0.2968226363231492
dravidian_tamil_test_890,dravidian_tamil,test,0.0,0.3518046568118658,0.3054018338590531,0.3427935093290811
dravidian_tamil_test_891,dravidian_tamil,test,0.0,0.30809443720836127,0.38895155477433957,0.30295400801729916
dravidian_tamil_test_892,dravidian_tamil,test,0.0,0.3311053376645131,0.32957219928536263,0.33932246305012426
dravidian_tamil_test_893,dravidian_tamil,test,0.0,0.3264258083505677,0.28947614356366935,0.38409804808576287
dravidian_tamil_test_894,dravidian_tamil,test,0.0,0.3150160708931496,0.28328697129150343,0.401696957815347
dravidian_tamil_test_895,dravidian_tamil,test,0.0,0.3003052544090384,0.3105264711924397,0.3891682743985219
dravidian_tamil_test_896,dravidian_tamil,test,0.0,0.28762636815686793,0.27901654700918915,0.433357084833943
dravidian_tamil_test_897,dravidian_tamil,test,0.0,0.3335157918997261,0.3013706870024073,0.3651135210978666
dravidian_tamil_test_898,dravidian_tamil,test,0.0,0.34603656542777905,0.4096726953574075,0.24429073921481342
dravidian_tamil_test_899,dravidian_tamil,test,0.0,0.32204607669134805,0.34133021628799437,0.3366237070206576
dravidian_tamil_test_900,dravidian_tamil,test,0.0,0.31213600571996636,0.29609524102578516,0.3917687532542485
dravidian_tamil_test_901,dravidian_tamil,test,0.0,0.332830809402204,0.3020761841807769,0.3650930064170191
dravidian_tamil_test_902,dravidian_tamil,test,0.0,0.3204823885335665,0.2638090691575024,0.4157085423089311
dravidian_tamil_test_903,dravidian_tamil,test,0.0,0.3387090911224577,0.29491257440742397,0.3663783344701184
dravidian_tamil_test_904,dravidian_tamil,test,0.0,0.34307798969562675,0.30350267125242997,0.3534193390519433
dravidian_tamil_test_905,dravidian_tamil,test,0.0,0.32009511027854387,0.3509168828938663,0.32898800682758983
dravidian_tamil_test_906,dravidian_tamil,test,0.0,0.29648204283089047,0.22176340967657526,0.48175454749253427
dravidian_tamil_test_907,dravidian_tamil,test,0.0,0.32399257680553656,0.31700572456176557,0.3590016986326979
dravidian_tamil_test_908,dravidian_tamil,test,0.0,0.3483894856983542,0.33096264931127317,0.3206478649903726
dravidian_tamil_test_909,dravidian_tamil,test,0.0,0.32155599204637414,0.3044616527924942,0.37398235516113165
dravidian_tamil_test_910,dravidian_tamil,test,0.0,0.2964303091168407,0.2781926873446167,0.4253770035385425
dravidian_tamil_test_911,dravidian_tamil,test,0.0,0.30664002478012514,0.34210596918093883,0.35125400603893603
dravidian_tamil_test_912,dravidian_tamil,test,0.0,0.320078675318669,0.292645757794892,0.387275566886439
dravidian_tamil_test_913,dravidian_tamil,test,0.0,0.3205000489125118,0.2916729165987326,0.38782703448875555
dravidian_tamil_test_914,dravidian_tamil,test,0.0,0.2934404432844673,0.282772167358483,0.42378738935704974
dravidian_tamil_test_915,dravidian_tamil,test,0.0,0.3327476619090569,0.317040974492776,0.35021136359816707
dravidian_tamil_test_916,dravidian_tamil,test,0.0,0.34323861187832505,0.2711100060307899,0.385651382090885
dravidian_tamil_test_917,dravidian_tamil,test,0.0,0.31577686393292537,0.28946762300157525,0.3947555130654994
dravidian_tamil_test_918,dravidian_tamil,test,0.0,0.28117143724676963,0.27309350530836,0.4457350574448704
dravidian_tamil_test_919,dravidian_tamil,test,0.0,0.30574085743168183,0.2829233930496569,0.41133574951866125
dravidian_tamil_test_920,dravidian_tamil,test,0.0,0.32925741302357886,0.340186999144018,0.33055558783240313
dravidian_tamil_test_921,dravidian_tamil,test,0.0,0.333419334386557,0.3384660150255024,0.3281146505879406
dravidian_tamil_test_922,dravidian_tamil,test,0.0,0.30037806148267737,0.30181075985965455,0.39781117865766813
dravidian_tamil_test_923,dravidian_tamil,test,0.0,0.3010359894906651,0.2646697057054142,0.43429430480392067
dravidian_tamil_test_924,dravidian_tamil,test,0.0,0.3021580585145962,0.28249665160812926,0.41534528987727454
dravidian_tamil_test_925,dravidian_tamil,test,0.0,0.32392236701271676,0.38994533555883226,0.286132297428451
dravidian_tamil_test_926,dravidian_tamil,test,0.0,0.327408062583481,0.32110429484516984,0.3514876425713492
dravidian_tamil_test_927,dravidian_tamil,test,0.0,0.33258060711337,0.29177984366455434,0.37563954922207565
dravidian_tamil_test_928,dravidian_tamil,test,0.0,0.3373667748487785,0.3001801068144317,0.36245311833678984
dravidian_tamil_test_929,dravidian_tamil,test,0.0,0.3091206345445925,0.28166625202916085,0.40921311342624667
dravidian_tamil_test_930,dravidian_tamil,test,0.0,0.29598392784725724,0.23852278282300338,0.4654932893297394
dravidian_tamil_test_931,dravidian_tamil,test,0.0,0.2966759545232745,0.2785755533064853,0.42474849217024024
dravidian_tamil_test_932,dravidian_tamil,test,0.0,0.33670717778202014,0.2937425183182256,0.36955030389975424
dravidian_tamil_test_933,dravidian_tamil,test,0.0,0.3173437181274594,0.29388756224861556,0.38876871962392506
dravidian_tamil_test_934,dravidian_tamil,test,0.0,0.33343321118762953,0.42553123557092476,0.2410355532414457
dravidian_tamil_test_935,dravidian_tamil,test,0.0,0.3387077914395688,0.3083649504901462,0.352927258070285
dravidian_tamil_test_936,dravidian_tamil,test,0.0,0.33846418004217854,0.31803730116337586,0.3434985187944456
dravidian_tamil_test_937,dravidian_tamil,test,0.0,0.3180742034303455,0.3083844197482327,0.3735413768214218
dravidian_tamil_test_938,dravidian_tamil,test,0.0,0.3510551534563606,0.33796388051545967,0.31098096602817965
dravidian_tamil_test_939,dravidian_tamil,test,0.0,0.3228267673260909,0.3578137912000948,0.3193594414738143
dravidian_tamil_test_940,dravidian_tamil,test,0.0,0.3366102102966346,0.28036507314976367,0.3830247165536017
dravidian_tamil_test_941,dravidian_tamil,test,0.0,0.370061860106507,0.3311961413637912,0.2987419985297018
dravidian_tamil_test_942,dravidian_tamil,test,0.0,0.33903371602474663,0.32788096299014835,0.33308532098510507
dravidian_tamil_test_943,dravidian_tamil,test,0.0,0.3400522671672049,0.32207555183779,0.33787218099500516
dravidian_tamil_test_944,dravidian_tamil,test,0.0,0.33805248963911977,0.2798178460539877,0.38212966430689255
dravidian_tamil_test_945,dravidian_tamil,test,0.0,0.318742440792118,0.264947279722813,0.416310279485069
dravidian_tamil_test_946,dravidian_tamil,test,0.0,0.3197977509025864,0.30788330874909425,0.37231894034831936
dravidian_tamil_test_947,dravidian_tamil,test,0.0,0.32404230719774396,0.3276685038287759,0.3482891889734801
dravidian_tamil_test_948,dravidian_tamil,test,0.0,0.35965795768535025,0.2549839757394241,0.3853580665752257
dravidian_tamil_test_949,dravidian_tamil,test,0.0,0.3187025570289523,0.3601504717958343,0.3211469711752134
dravidian_tamil_test_950,dravidian_tamil,test,0.0,0.31573639422485894,0.37174078340489275,0.31252282237024825
dravidian_tamil_test_951,dravidian_tamil,test,0.0,0.30833385953853054,0.3196803597745202,0.37198578068694926
dravidian_tamil_test_952,dravidian_tamil,test,0.0,0.30739644954225326,0.2952689381731389,0.39733461228460787
dravidian_tamil_test_953,dravidian_tamil,test,0.0,0.31875934418600144,0.2903572848292111,0.39088337098478754
dravidian_tamil_test_954,dravidian_tamil,test,0.0,0.29890007485179376,0.2890695187954175,0.41203040635278876
dravidian_tamil_test_955,dravidian_tamil,test,0.0,0.36402869360737833,0.32678591260209183,0.30918539379052984
dravidian_tamil_test_956,dravidian_tamil,test,0.0,0.31011301793494384,0.28199797239296975,0.4078890096720864
dravidian_tamil_test_957,dravidian_tamil,test,0.0,0.34270992862194327,0.3573184558220985,0.29997161555595825
dravidian_tamil_test_958,dravidian_tamil,test,0.0,0.3089976022122258,0.25478706873280205,0.4362153290549722
dravidian_tamil_test_959,dravidian_tamil,test,0.0,0.32408605200982177,0.26867386665502013,0.40724008133515815
dravidian_tamil_test_960,dravidian_tamil,test,0.0,0.32167079660702363,0.355064127024544,0.3232650763684324
dravidian_tamil_test_961,dravidian_tamil,test,0.0,0.3199923456842403,0.3789996895927273,0.30100796472303243
dravidian_tamil_test_962,dravidian_tamil,test,0.0,0.31876783853203483,0.3270842473082447,0.35414791415972047
dravidian_tamil_test_963,dravidian_tamil,test,0.0,0.32063679524469124,0.3407495499180125,0.3386136548372963
dravidian_tamil_test_964,dravidian_tamil,test,0.0,0.3220674690011227,0.3368273240934372,0.34110520690544005
dravidian_tamil_test_965,dravidian_tamil,test,0.0,0.2895701852810401,0.2849836516729306,0.4254461630460293
dravidian_tamil_test_966,dravidian_tamil,test,0.0,0.3356602433450682,0.29898786362794144,0.3653518930269903
dravidian_tamil_test_967,dravidian_tamil,test,0.0,0.324846311177555,0.2824325188586215,0.3927211699638235
dravidian_tamil_test_968,dravidian_tamil,test,0.0,0.31757183349473045,0.249942250464753,0.43248591604051656
dravidian_tamil_test_969,dravidian_tamil,test,0.0,0.2672876110641911,0.29993144509832453,0.4327809438374844
dravidian_tamil_test_970,dravidian_tamil,test,0.0,0.3252332266711433,0.34441611659854093,0.3303506567303158
dravidian_tamil_test_971,dravidian_tamil,test,0.0,0.3091571445078338,0.2878853252305571,0.40295753026160913
dravidian_tamil_test_972,dravidian_tamil,test,0.0,0.3310873197530156,0.3182630232089098,0.3506496570380746
dravidian_tamil_test_973,dravidian_tamil,test,0.0,0.33097846076133197,0.27517659965745583,0.39384493958121214
dravidian_tamil_test_974,dravidian_tamil,test,0.0,0.31645131632617823,0.3552048042084691,0.32834387946535265
dravidian_tamil_test_975,dravidian_tamil,test,0.0,0.31081535894779955,0.3205959357531265,0.368588705299074
dravidian_tamil_test_976,dravidian_tamil,test,0.0,0.3362419372251438,0.20753410135911166,0.45622396141574456
dravidian_tamil_test_977,dravidian_tamil,test,0.0,0.3131313366492401,0.3329476158133761,0.3539210475373838
dravidian_tamil_test_978,dravidian_tamil,test,0.0,0.33989617290480745,0.3776555643839812,0.2824482627112113
dravidian_tamil_test_979,dravidian_tamil,test,0.0,0.33328123987384156,0.3112068895681666,0.3555118705579918
dravidian_tamil_test_980,dravidian_tamil,test,0.0,0.3160770861189552,0.2668438007095153,0.4170791131715295
dravidian_tamil_test_981,dravidian_tamil,test,0.0,0.35945738476873546,0.326340375175746,0.31420224005551856
dravidian_tamil_test_982,dravidian_tamil,test,0.0,0.3009771691339599,0.2660673228187649,0.43295550804727523
dravidian_tamil_test_983,dravidian_tamil,test,0.0,0.34969115207280665,0.2658468154471838,0.38446203248000954
dravidian_tamil_test_984,dravidian_tamil,test,0.0,0.2980947776734568,0.27005607700700757,0.4318491453195356
dravidian_tamil_test_985,dravidian_tamil,test,0.0,0.32819254708923906,0.32142616719906764,0.3503812857116933
dravidian_tamil_test_986,dravidian_tamil,test,0.0,0.3124007234410631,0.30045080417648257,0.3871484723824543
dravidian_tamil_test_987,dravidian_tamil,test,0.0,0.3249436907071197,0.3023773508774589,0.3726789584154215
dravidian_tamil_test_988,dravidian_tamil,test,0.0,0.3284005536706312,0.3160105421125238,0.355588904216845
dravidian_tamil_test_989,dravidian_tamil,test,0.0,0.35106518419553034,0.3274472163017627,0.32148759950270694
dravidian_tamil_test_990,dravidian_tamil,test,0.0,0.34705401151767334,0.3150698305217123,0.3378761579606144
dravidian_tamil_test_991,dravidian_tamil,test,0.0,0.3267782432630909,0.3203905414006057,0.3528312153363034
dravidian_tamil_test_992,dravidian_tamil,test,0.0,0.33843340333066607,0.3170106328197254,0.3445559638496085
dravidian_tamil_test_993,dravidian_tamil,test,0.0,0.30362800780288685,0.33098081548180097,0.3653911767153122
dravidian_tamil_test_994,dravidian_tamil,test,0.0,0.3187904750116954,0.30726010087766226,0.37394942411064236
dravidian_tamil_test_995,dravidian_tamil,test,0.0,0.31358154561688295,0.3099888299346711,0.37642962444844597
dravidian_tamil_test_996,dravidian_tamil,test,0.0,0.3338833288744019,0.3832759132164547,0.28284075790914337
dravidian_tamil_test_997,dravidian_tamil,test,0.0,0.3286044311204441,0.31876968012056667,0.35262588875898926
dravidian_tamil_test_998,dravidian_tamil,test,0.0,0.33378755750152583,0.3060521087668711,0.3601603337316031
dravidian_tamil_test_999,dravidian_tamil,test,0.0,0.32504532097153704,0.320374843003871,0.354579836024592
dravidian_tamil_test_1000,dravidian_tamil,test,0.0,0.37330048843856406,0.3023479259922904,0.3243515855691456
dravidian_tamil_test_1001,dravidian_tamil,test,0.0,0.3160816710860789,0.2692035572279799,0.41471477168594123
dravidian_tamil_test_1002,dravidian_tamil,test,0.0,0.3000895098966871,0.27907870567394616,0.42083178442936675
dravidian_tamil_test_1003,dravidian_tamil,test,0.0,0.29557507941800626,0.2866094391757587,0.41781548140623503
dravidian_tamil_test_1004,dravidian_tamil,test,0.0,0.3247087553612565,0.28609968961479987,0.38919155502394365
dravidian_tamil_test_1005,dravidian_tamil,test,0.0,0.31101210211505825,0.3720951314545873,0.3168927664303545
dravidian_tamil_test_1006,dravidian_tamil,test,0.0,0.2956184659718868,0.24883923966397012,0.45554229436414306
dravidian_tamil_test_1007,dravidian_tamil,test,0.0,0.33480454609374277,0.3558993203763318,0.3092961335299254
dravidian_tamil_test_1008,dravidian_tamil,test,0.0,0.3061042788993783,0.322183579707795,0.3717121413928267
dravidian_tamil_test_1009,dravidian_tamil,test,0.0,0.3193729347075775,0.2945544723467445,0.38607259294567803
dravidian_tamil_test_1010,dravidian_tamil,test,0.0,0.3141688018302829,0.25042407095782904,0.435407127211888
dravidian_tamil_test_1011,dravidian_tamil,test,0.0,0.3398773415484748,0.3412156129643243,0.31890704548720095
dravidian_tamil_test_1012,dravidian_tamil,test,0.0,0.3340631905270413,0.3046530614659658,0.3612837480069929
dravidian_tamil_test_1013,dravidian_tamil,test,0.0,0.32215317735590987,0.3518436571681436,0.32600316547594654
dravidian_tamil_test_1014,dravidian_tamil,test,0.0,0.311285531262845,0.3370782276210429,0.3516362411161121
dravidian_tamil_test_1015,dravidian_tamil,test,0.0,0.30838546031930947,0.3248597991722245,0.36675474050846596
dravidian_tamil_test_1016,dravidian_tamil,test,0.0,0.32090128249623834,0.35216443401933467,0.326934283484427
dravidian_tamil_test_1017,dravidian_tamil,test,0.0,0.30557838891332884,0.3152122158561458,0.3792093952305254
dravidian_tamil_test_1018,dravidian_tamil,test,0.0,0.3434143827818855,0.354775486236773,0.30181013098134146
dravidian_tamil_test_1019,dravidian_tamil,test,0.0,0.33023409670307885,0.2900623654477318,0.3797035378491894
dravidian_tamil_test_1020,dravidian_tamil,test,0.0,0.32796258325824146,0.34096886244676833,0.3310685542949902
dravidian_tamil_test_1021,dravidian_tamil,test,0.0,0.2993964294977778,0.2864705049273822,0.41413306557484003
dravidian_tamil_test_1022,dravidian_tamil,test,0.0,0.3261244317549815,0.38384340796920075,0.29003216027581774
dravidian_tamil_test_1023,dravidian_tamil,test,0.0,0.3508774176298942,0.27682921894695545,0.37229336342315034
dravidian_tamil_test_1024,dravidian_tamil,test,0.0,0.31416248862515533,0.23983427010372727,0.4460032412711174
dravidian_tamil_test_1025,dravidian_tamil,test,0.0,0.31546324391128466,0.2928730284171688,0.39166372767154656
dravidian_tamil_test_1026,dravidian_tamil,test,0.0,0.32285358389480256,0.3519905116485938,0.32515590445660364
dravidian_tamil_test_1027,dravidian_tamil,test,0.0,0.32571515291260994,0.29588613551553594,0.3783987115718541
dravidian_tamil_test_1028,dravidian_tamil,test,0.0,0.33657428311984494,0.2672502941969791,0.39617542268317596
dravidian_tamil_test_1029,dravidian_tamil,test,0.0,0.36171219808917043,0.39569586980366483,0.24259193210716476
dravidian_tamil_test_1030,dravidian_tamil,test,0.0,0.3287454671437596,0.304112303357647,0.36714222949859343
dravidian_tamil_test_1031,dravidian_tamil,test,0.0,0.33013584062851375,0.2862140054021303,0.3836501539693559
dravidian_tamil_test_1032,dravidian_tamil,test,0.0,0.3330354130487429,0.2989826691532454,0.3679819177980117
dravidian_tamil_test_1033,dravidian_tamil,test,0.0,0.3516213471311811,0.38332764582359635,0.26505100704522255
dravidian_tamil_test_1034,dravidian_tamil,test,0.0,0.3111981836048975,0.3156172570367825,0.37318455935832
dravidian_tamil_test_1035,dravidian_tamil,test,0.0,0.3228146203094304,0.2823093674528793,0.39487601223769025
dravidian_tamil_test_1036,dravidian_tamil,test,0.0,0.32180413164278915,0.3026661912356691,0.3755296771215417
dravidian_tamil_test_1037,dravidian_tamil,test,0.0,0.33217795177981957,0.3515555720633093,0.31626647615687115
dravidian_tamil_test_1038,dravidian_tamil,test,0.0,0.3312633683184316,0.291079299597271,0.37765733208429736
dravidian_tamil_test_1039,dravidian_tamil,test,0.0,0.33784596103087333,0.3351381247508873,0.3270159142182394
dravidian_tamil_test_1040,dravidian_tamil,test,0.0,0.3169013245232141,0.25276024378439943,0.43033843169238645
dravidian_tamil_test_1041,dravidian_tamil,test,0.0,0.2981687347809621,0.2964777183851024,0.4053535468339355
dravidian_tamil_test_1042,dravidian_tamil,test,0.0,0.2898441982100744,0.28758537815727475,0.42257042363265085
dravidian_tamil_test_1043,dravidian_tamil,test,0.0,0.407430037758656,0.27594599547427007,0.31662396676707394
dravidian_tamil_test_1044,dravidian_tamil,test,0.0,0.40213824922659547,0.3053861309103095,0.29247561986309506
dravidian_tamil_test_1045,dravidian_tamil,test,0.0,0.31584587925082513,0.30493883620227824,0.3792152845468966
dravidian_tamil_test_1046,dravidian_tamil,test,0.0,0.31221376024169095,0.31600869317319336,0.3717775465851157
dravidian_tamil_test_1047,dravidian_tamil,test,0.0,0.32319628821000995,0.34169839491658993,0.3351053168734001
dravidian_tamil_test_1048,dravidian_tamil,test,0.0,0.361824372363038,0.4188423051474967,0.21933332248946527
dravidian_tamil_test_1049,dravidian_tamil,test,0.0,0.329525477256249,0.3232613066424327,0.34721321610131833
dravidian_tamil_test_1050,dravidian_tamil,test,0.0,0.31079665990730726,0.29382220831475125,0.3953811317779415
dravidian_tamil_test_1051,dravidian_tamil,test,0.0,0.2986043783763601,0.2524436068934068,0.4489520147302331
dravidian_tamil_test_1052,dravidian_tamil,test,0.0,0.3367345338856216,0.3003958287602307,0.36286963735414773
dravidian_tamil_test_1053,dravidian_tamil,test,0.0,0.3245408130264506,0.25124964094774493,0.42420954602580446
dravidian_tamil_test_1054,dravidian_tamil,test,0.0,0.31234018238037864,0.2826782432243133,0.404981574395308
dravidian_tamil_test_1055,dravidian_tamil,test,0.0,0.31689818900004396,0.34626407098238027,0.3368377400175757
dravidian_tamil_test_1056,dravidian_tamil,test,0.0,0.3260889307041366,0.2970566769476086,0.37685439234825485
dravidian_tamil_test_1057,dravidian_tamil,test,0.0,0.36918915400541247,0.32904073214552454,0.301770113849063
dravidian_tamil_test_1058,dravidian_tamil,test,0.0,0.3177154728583481,0.2526696472845926,0.42961487985705926
dravidian_tamil_test_1059,dravidian_tamil,test,0.0,0.34094080781882824,0.24667304299504653,0.41238614918612526
dravidian_tamil_test_1060,dravidian_tamil,test,0.0,0.30687328138262976,0.29614101232146073,0.39698570629590957
dravidian_tamil_test_1061,dravidian_tamil,test,0.0,0.30741950396032175,0.31167150378958336,0.38090899225009495
dravidian_tamil_test_1062,dravidian_tamil,test,0.0,0.3032014494533254,0.28671114663817704,0.4100874039084975
dravidian_tamil_test_1063,dravidian_tamil,test,0.0,0.3038690795053233,0.2637267496601459,0.4324041708345307
dravidian_tamil_test_1064,dravidian_tamil,test,0.0,0.3132168236446948,0.2913934560440529,0.3953897203112523
dravidian_tamil_test_1065,dravidian_tamil,test,0.0,0.29615407424419216,0.34069515022102825,0.3631507755347796
dravidian_tamil_test_1066,dravidian_tamil,test,0.0,0.3347629009217347,0.3582983503906146,0.3069387486876507
dravidian_tamil_test_1067,dravidian_tamil,test,0.0,0.30959921986995886,0.293154592460884,0.39724618766915715
dravidian_tamil_test_1068,dravidian_tamil,test,0.0,0.34222172874872786,0.3651200369722724,0.29265823427899973
dravidian_tamil_test_1069,dravidian_tamil,test,0.0,0.32338927355944136,0.3313669496277171,0.34524377681284146
dravidian_tamil_test_1070,dravidian_tamil,test,0.0,0.3178606765673131,0.2922989507489433,0.3898403726837436
dravidian_tamil_test_1071,dravidian_tamil,test,0.0,0.32652283659570414,0.2865943453315499,0.38688281807274594
dravidian_tamil_test_1072,dravidian_tamil,test,0.0,0.31818874351051535,0.2787017236842026,0.40310953280528206
dravidian_tamil_test_1073,dravidian_tamil,test,0.0,0.2994013436647027,0.23405253081403773,0.46654612552125957
dravidian_tamil_test_1074,dravidian_tamil,test,0.0,0.3459714397236767,0.33890428109557164,0.31512427918075164
dravidian_tamil_test_1075,dravidian_tamil,test,0.0,0.3523752361951147,0.32451696393939644,0.3231077998654889
dravidian_tamil_test_1076,dravidian_tamil,test,0.0,0.30030928382432326,0.24526295762059414,0.4544277585550826
dravidian_tamil_test_1077,dravidian_tamil,test,0.0,0.3332703125285257,0.3184120490002745,0.34831763847119984
dravidian_tamil_test_1078,dravidian_tamil,test,0.0,0.31742812779980634,0.30836351037051496,0.3742083618296787
dravidian_tamil_test_1079,dravidian_tamil,test,0.0,0.32058119277079516,0.32955605375710934,0.3498627534720955
dravidian_tamil_test_1080,dravidian_tamil,test,0.0,0.3007955827043688,0.3300052222341296,0.36919919506150156
dravidian_tamil_test_1081,dravidian_tamil,test,0.0,0.3260264627350404,0.35854335088988126,0.31543018637507836
dravidian_tamil_test_1082,dravidian_tamil,test,0.0,0.3074817721972195,0.2997589734690624,0.3927592543337181
dravidian_tamil_test_1083,dravidian_tamil,test,0.0,0.30849237902495114,0.3325639862756524,0.35894363469939644
dravidian_tamil_test_1084,dravidian_tamil,test,0.0,0.32574193836256377,0.33753155494379944,0.3367265066936368
dravidian_tamil_test_1085,dravidian_tamil,test,0.0,0.32595150387215355,0.2547277187747537,0.4193207773530927
dravidian_tamil_test_1086,dravidian_tamil,test,0.0,0.3020118584053863,0.2454293736023929,0.4525587679922208
dravidian_tamil_test_1087,dravidian_tamil,test,0.0,0.328610267267679,0.26993297299357016,0.40145675973875083
dravidian_tamil_test_1088,dravidian_tamil,test,0.0,0.3287659447279139,0.36353945366834145,0.3076946016037447
dravidian_tamil_test_1089,dravidian_tamil,test,0.0,0.3545982087566073,0.2954362799561365,0.34996551128725617
dravidian_tamil_test_1090,dravidian_tamil,test,0.0,0.31135314335486236,0.3336329425623208,0.35501391408281685
dravidian_tamil_test_1091,dravidian_tamil,test,0.0,0.3663443642471288,0.3518295580068697,0.2818260777460015
dravidian_tamil_test_1092,dravidian_tamil,test,0.0,0.35594018652397996,0.3725384902274965,0.2715213232485235
dravidian_tamil_test_1093,dravidian_tamil,test,0.0,0.31412890057492543,0.28497972067532595,0.4008913787497486
dravidian_tamil_test_1094,dravidian_tamil,test,0.0,0.3076506234024496,0.303169284347438,0.3891800922501124
dravidian_tamil_test_1095,dravidian_tamil,test,0.0,0.3156088349925514,0.2709902535827566,0.41340091142469204
dravidian_tamil_test_1096,dravidian_tamil,test,0.0,0.2914142641481645,0.27816164070842075,0.43042409514341473
dravidian_tamil_test_1097,dravidian_tamil,test,0.0,0.31542784862188644,0.25768850967405244,0.4268836417040611
dravidian_tamil_test_1098,dravidian_tamil,test,0.0,0.35948661262869835,0.36078669405525193,0.2797266933160497
dravidian_tamil_test_1099,dravidian_tamil,test,0.0,0.3013043825824272,0.25392335056241705,0.4447722668551558
dravidian_tamil_test_1100,dravidian_tamil,test,0.0,0.3228987542162818,0.3296949511875933,0.34740629459612493
dravidian_tamil_test_1101,dravidian_tamil,test,0.0,0.33621271614187404,0.32077984185009223,0.34300744200803374
dravidian_tamil_test_1102,dravidian_tamil,test,0.0,0.3095720474351565,0.2730343492274791,0.4173936033373644
dravidian_tamil_test_1103,dravidian_tamil,test,0.0,0.32772647225813073,0.2755194082418869,0.39675411949998235
dravidian_tamil_test_1104,dravidian_tamil,test,0.0,0.30125527645519434,0.29290018013541214,0.4058445434093935
dravidian_tamil_test_1105,dravidian_tamil,test,0.0,0.31117476510157777,0.28514808183409046,0.4036771530643317
dravidian_tamil_test_1106,dravidian_tamil,test,0.0,0.2954609333800861,0.2943838714041564,0.4101551952157575
dravidian_tamil_test_1107,dravidian_tamil,test,0.0,0.2926327089673047,0.27722407676301963,0.43014321426967567
dravidian_tamil_test_1108,dravidian_tamil,test,0.0,0.3596352913373321,0.27910239838187917,0.36126231028078876
dravidian_tamil_test_1109,dravidian_tamil,test,0.0,0.29184225512207895,0.27551311984929583,0.43264462502862516
dravidian_tamil_test_1110,dravidian_tamil,test,0.0,0.31300537691619146,0.29078913600030043,0.39620548708350806
dravidian_tamil_test_1111,dravidian_tamil,test,0.0,0.31651569395388324,0.19984221949910697,0.4836420865470098
dravidian_tamil_test_1112,dravidian_tamil,test,0.0,0.2593451979303873,0.07968392502507914,0.6609708770445336
dravidian_tamil_test_1113,dravidian_tamil,test,0.0,0.3199139374894903,0.304414463064901,0.3756715994456087
dravidian_tamil_test_1114,dravidian_tamil,test,0.0,0.3255839846674129,0.306137196603352,0.36827881872923507
dravidian_tamil_test_1115,dravidian_tamil,test,0.0,0.3002201303998088,0.23403042781243594,0.46574944178775524
dravidian_tamil_test_1116,dravidian_tamil,test,0.0,0.3394499077093372,0.3934993464867396,0.2670507458039232
dravidian_tamil_test_1117,dravidian_tamil,test,0.0,0.3402938387662945,0.30536066940507484,0.3543454918286307
dravidian_tamil_test_1118,dravidian_tamil,test,0.0,0.3140602470736581,0.2647406974731644,0.42119905545317754
dravidian_tamil_test_1119,dravidian_tamil,test,0.0,0.30155323892165664,0.2795935400044725,0.41885322107387085
dravidian_tamil_test_1120,dravidian_tamil,test,0.0,0.28483515493540473,0.2588343929426205,0.4563304521219747
dravidian_tamil_test_1121,dravidian_tamil,test,0.0,0.28918351448783663,0.22525692530622612,0.48555956020593727
dravidian_tamil_test_1122,dravidian_tamil,test,0.0,0.2994250007464918,0.2684968417825066,0.4320781574710016
dravidian_tamil_test_1123,dravidian_tamil,test,0.0,0.31523374685474764,0.29793818629914776,0.3868280668461046
dravidian_tamil_test_1124,dravidian_tamil,test,0.0,0.3186258045013319,0.3593023736503368,0.32207182184833133
dravidian_tamil_test_1125,dravidian_tamil,test,0.0,0.3511467528573534,0.32365144947054053,0.3252017976721061
dravidian_tamil_test_1126,dravidian_tamil,test,0.0,0.3014857338931632,0.2867023631819074,0.4118119029249295
dravidian_tamil_test_1127,dravidian_tamil,test,0.0,0.30784293994590545,0.2963054886401741,0.39585157141392047
dravidian_tamil_test_1128,dravidian_tamil,test,0.0,0.3323052249818337,0.2898545984408295,0.3778401765773368
dravidian_tamil_test_1129,dravidian_tamil,test,0.0,0.44324210478380655,0.23946213483913567,0.31729576037705776
dravidian_tamil_test_1130,dravidian_tamil,test,0.0,0.32896673284450684,0.24423736142029215,0.42679590573520104
dravidian_tamil_test_1131,dravidian_tamil,test,0.0,0.3246463469738391,0.3090416946021345,0.3663119584240264
dravidian_tamil_test_1132,dravidian_tamil,test,0.0,0.352603841725378,0.3390619372967928,0.3083342209778292
dravidian_tamil_test_1133,dravidian_tamil,test,0.0,0.30705672988517096,0.30616012867522013,0.3867831414396089
dravidian_tamil_test_1134,dravidian_tamil,test,0.0,0.3051000598218854,0.2506792963764087,0.4442206438017059
dravidian_tamil_test_1135,dravidian_tamil,test,0.0,0.3086432355256662,0.3019991860480632,0.3893575784262706
dravidian_tamil_test_1136,dravidian_tamil,test,0.0,0.3169720467152786,0.3221474852047545,0.36088046807996693
dravidian_tamil_test_1137,dravidian_tamil,test,0.0,0.3279280107669827,0.31049412140267446,0.3615778678303428
dravidian_tamil_test_1138,dravidian_tamil,test,0.0,0.321709849677321,0.3168084454964348,0.3614817048262442
dravidian_tamil_test_1139,dravidian_tamil,test,0.0,0.33997006071185704,0.3311013390331917,0.32892860025495124
dravidian_tamil_test_1140,dravidian_tamil,test,0.0,0.29414583318046067,0.26093846691957917,0.4449156998999601
dravidian_tamil_test_1141,dravidian_tamil,test,0.0,0.33108349102548973,0.37181021948932386,0.29710628948518647
dravidian_tamil_test_1142,dravidian_tamil,test,0.0,0.3065432211336285,0.26183908077262785,0.4316176980937437
dravidian_tamil_test_1143,dravidian_tamil,test,0.0,0.3242451677614688,0.33801642592604797,0.33773840631248325
dravidian_tamil_test_1144,dravidian_tamil,test,0.0,0.3336358323098818,0.3640480464887287,0.30231612120138956
dravidian_tamil_test_1145,dravidian_tamil,test,0.0,0.31844053283892104,0.28746562600848025,0.3940938411525987
dravidian_tamil_test_1146,dravidian_tamil,test,0.0,0.30011533330656354,0.35180562433912005,0.3480790423543164
dravidian_tamil_test_1147,dravidian_tamil,test,0.0,0.30831246458800987,0.24845383862368642,0.4432336967883037
dravidian_tamil_test_1148,dravidian_tamil,test,0.0,0.3239919701133631,0.3431741362811012,0.33283389360553567
dravidian_tamil_test_1149,dravidian_tamil,test,0.0,0.3651383136999234,0.34670939121911903,0.2881522950809576
dravidian_tamil_test_1150,dravidian_tamil,test,0.0,0.33344405604991517,0.28622052908734785,0.380335414862737
dravidian_tamil_test_1151,dravidian_tamil,test,0.0,0.3294247589965159,0.3317569093079728,0.3388183316955113
dravidian_tamil_test_1152,dravidian_tamil,test,0.0,0.31232141552810927,0.27069458948927505,0.4169839949826157
dravidian_tamil_test_1153,dravidian_tamil,test,0.0,0.3162794382030211,0.29635253124511063,0.3873680305518682
dravidian_tamil_test_1154,dravidian_tamil,test,0.0,0.33725493269163537,0.2937570678002474,0.3689879995081173
dravidian_tamil_test_1155,dravidian_tamil,test,0.0,0.3387204255032229,0.2938227367630803,0.3674568377336968
dravidian_tamil_test_1156,dravidian_tamil,test,0.0,0.31813130790067523,0.282039358236975,0.39982933386234976
dravidian_tamil_test_1157,dravidian_tamil,test,0.0,0.3224801178657657,0.3124992549239882,0.3650206272102461
dravidian_tamil_test_1158,dravidian_tamil,test,0.0,0.3036331834998529,0.30157804722179415,0.39478876927835294
dravidian_tamil_test_1159,dravidian_tamil,test,0.0,0.3253252282853127,0.3371285737719095,0.3375461979427778
dravidian_tamil_test_1160,dravidian_tamil,test,0.0,0.30356615376352747,0.29916306381302754,0.39727078242344493
dravidian_tamil_test_1161,dravidian_tamil,test,0.0,0.29160926884717425,0.2674086731685648,0.44098205798426093
dravidian_tamil_test_1162,dravidian_tamil,test,0.0,0.3361008952784279,0.24711366067011953,0.4167854440514526
dravidian_tamil_test_1163,dravidian_tamil,test,0.0,0.3182099201888684,0.2783881307200576,0.403401949091074
dravidian_tamil_test_1164,dravidian_tamil,test,0.0,0.31432024876887055,0.29500626248408,0.39067348874704944
dravidian_tamil_test_1165,dravidian_tamil,test,0.0,0.3286854021627156,0.34155496848914263,0.3297596293481418
dravidian_tamil_test_1166,dravidian_tamil,test,0.0,0.306505687045892,0.2952249671606788,0.3982693457934292
dravidian_tamil_test_1167,dravidian_tamil,test,0.0,0.31269729295487836,0.29847687989831545,0.3888258271468062
dravidian_tamil_test_1168,dravidian_tamil,test,0.0,0.3371876078175014,0.31673987939296994,0.34607251278952866
dravidian_tamil_test_1169,dravidian_tamil,test,0.0,0.3199480349392451,0.3551107822704882,0.3249411827902667
dravidian_tamil_test_1170,dravidian_tamil,test,0.0,0.32039239848811674,0.25907017969879664,0.4205374218130867
dravidian_tamil_test_1171,dravidian_tamil,test,0.0,0.3265773145046963,0.316013615124931,0.35740907037037273
dravidian_tamil_test_1172,dravidian_tamil,test,0.0,0.3254524691072096,0.299575001018702,0.3749725298740884
dravidian_tamil_test_1173,dravidian_tamil,test,0.0,0.34064840253682044,0.3354572842097797,0.32389431325339985
dravidian_tamil_test_1174,dravidian_tamil,test,0.0,0.31548821223334006,0.28239851158252927,0.4021132761841307
dravidian_tamil_test_1175,dravidian_tamil,test,0.0,0.30726582765246807,0.30381758752140037,0.38891658482613156
dravidian_tamil_test_1176,dravidian_tamil,test,0.0,0.31478062343445884,0.2249065263218367,0.46031285024370444
dravidian_tamil_test_1177,dravidian_tamil,test,0.0,0.2857856597416485,0.2656940924858855,0.448520247772466
dravidian_tamil_test_1178,dravidian_tamil,test,0.0,0.3334205029859879,0.28934308266075964,0.37723641435325245
dravidian_tamil_test_1179,dravidian_tamil,test,0.0,0.319746724464694,0.3023450769673478,0.3779081985679582
dravidian_tamil_test_1180,dravidian_tamil,test,0.0,0.31872775306924395,0.31390280542584603,0.3673694415049101
dravidian_tamil_test_1181,dravidian_tamil,test,0.0,0.3335402984348982,0.31282589406898115,0.35363380749612067
dravidian_tamil_test_1182,dravidian_tamil,test,0.0,0.317297526566453,0.3015283218860608,0.3811741515474862
dravidian_tamil_test_1183,dravidian_tamil,test,0.0,0.3510506446906988,0.37001664335899787,0.2789327119503033
dravidian_tamil_test_1184,dravidian_tamil,test,0.0,0.3132711951751937,0.30431195142106293,0.3824168534037433
dravidian_tamil_test_1185,dravidian_tamil,test,0.0,0.3301673616212114,0.33121862502542887,0.3386140133533597
dravidian_tamil_test_1186,dravidian_tamil,test,0.0,0.2912954466325494,0.26996718637471445,0.4387373669927362
dravidian_tamil_test_1187,dravidian_tamil,test,0.0,0.31135730330870787,0.30389087919637847,0.38475181749491366
dravidian_tamil_test_1188,dravidian_tamil,test,0.0,0.3116078785573937,0.3213411928757051,0.3670509285669012
dravidian_tamil_test_1189,dravidian_tamil,test,0.0,0.3774834210881368,0.08780205385520543,0.5347145250566577
dravidian_tamil_test_1190,dravidian_tamil,test,0.0,0.33605572753229584,0.2983020443874083,0.36564222808029584
dravidian_tamil_test_1191,dravidian_tamil,test,0.0,0.3122924429692412,0.2843544414555501,0.4033531155752087
dravidian_tamil_test_1192,dravidian_tamil,test,0.0,0.31472943714693036,0.2553360689481669,0.42993449390490274
dravidian_tamil_test_1193,dravidian_tamil,test,0.0,0.29193623972445576,0.1946501610457472,0.513413599229797
dravidian_tamil_test_1194,dravidian_tamil,test,0.0,0.3275187480409161,0.4047297176552524,0.26775153430383153
dravidian_tamil_test_1195,dravidian_tamil,test,0.0,0.3200176529795553,0.3298079111002041,0.3501744359202406
dravidian_tamil_test_1196,dravidian_tamil,test,0.0,0.34502570026344354,0.3186763451060677,0.3362979546304888
dravidian_tamil_test_1197,dravidian_tamil,test,0.0,0.3399718590380143,0.31260560367591755,0.3474225372860681
dravidian_tamil_test_1198,dravidian_tamil,test,0.0,0.3106460190618026,0.28602280031225746,0.40333118062593987
dravidian_tamil_test_1199,dravidian_tamil,test,0.0,0.3065771218910221,0.2949348480589697,0.3984880300500082
dravidian_tamil_test_1200,dravidian_tamil,test,0.0,0.3136641335121442,0.29968692488147536,0.3866489416063804
dravidian_tamil_test_1201,dravidian_tamil,test,0.0,0.2828443374413894,0.22682915934653725,0.49032650321207333
dravidian_tamil_test_1202,dravidian_tamil,test,0.0,0.30224271598327473,0.3169183407060849,0.3808389433106404
dravidian_tamil_test_1203,dravidian_tamil,test,0.0,0.3097689371985959,0.3035240084420484,0.3867070543593557
dravidian_tamil_test_1204,dravidian_tamil,test,0.0,0.34137486020899627,0.3327524395447485,0.32587270024625525
dravidian_tamil_test_1205,dravidian_tamil,test,0.0,0.30801854824497094,0.2707883290675299,0.42119312268749914
dravidian_tamil_test_1206,dravidian_tamil,test,0.0,0.3455120623897685,0.3055574945436874,0.3489304430665441
dravidian_tamil_test_1207,dravidian_tamil,test,0.0,0.31569844064688785,0.29568215597209674,0.3886194033810154
dravidian_tamil_test_1208,dravidian_tamil,test,0.0,0.2976655575432194,0.2698337794129923,0.43250066304378837
dravidian_tamil_test_1209,dravidian_tamil,test,0.0,0.32337428781744165,0.292952145436956,0.3836735667456024
dravidian_tamil_test_1210,dravidian_tamil,test,0.0,0.3027354174253496,0.32340660588672193,0.3738579766879285
dravidian_tamil_test_1211,dravidian_tamil,test,0.0,0.31115635658335766,0.31161494085083363,0.3772287025658087
dravidian_tamil_test_1212,dravidian_tamil,test,0.0,0.3216014186594053,0.29626941561942083,0.3821291657211739
dravidian_tamil_test_1213,dravidian_tamil,test,0.0,0.32467059782526536,0.30550387398586226,0.3698255281888724
dravidian_tamil_test_1214,dravidian_tamil,test,0.0,0.31068835910204057,0.27292815832115375,0.4163834825768057
dravidian_tamil_test_1215,dravidian_tamil,test,0.0,0.3254294322231797,0.31583619128538604,0.3587343764914342
dravidian_tamil_test_1216,dravidian_tamil,test,0.0,0.32512591573874994,0.3006213685305774,0.37425271573067265
dravidian_tamil_test_1217,dravidian_tamil,test,0.0,0.3170210776611991,0.35032110571097,0.3326578166278309
dravidian_tamil_test_1218,dravidian_tamil,test,0.0,0.3841463139575482,0.3772373244220781,0.23861636162037367
dravidian_tamil_test_1219,dravidian_tamil,test,0.0,0.3221243459435965,0.24455440579080226,0.43332124826560126
dravidian_tamil_test_1220,dravidian_tamil,test,0.0,0.3123333267698503,0.2962853254503049,0.3913813477798448
dravidian_tamil_test_1221,dravidian_tamil,test,0.0,0.3107188046335543,0.286117700328273,0.4031634950381727
dravidian_tamil_test_1222,dravidian_tamil,test,0.0,0.3189320841613,0.3647559542361863,0.3163119616025138
dravidian_tamil_test_1223,dravidian_tamil,test,0.0,0.3353880494552776,0.28440915185338883,0.38020279869133355
dravidian_tamil_test_1224,dravidian_tamil,test,0.0,0.3157468535029278,0.35068412521961834,0.33356902127745386
dravidian_tamil_test_1225,dravidian_tamil,test,0.0,0.30535899772380404,0.3324238094799794,0.36221719279621656
dravidian_tamil_test_1226,dravidian_tamil,test,0.0,0.3127736884473362,0.24599167721856477,0.441234634334099
dravidian_tamil_test_1227,dravidian_tamil,test,0.0,0.32119810479086003,0.3006315809111849,0.37817031429795506
dravidian_tamil_test_1228,dravidian_tamil,test,0.0,0.3169600387360294,0.3453306308300353,0.3377093304339353
dravidian_tamil_test_1229,dravidian_tamil,test,0.0,0.31929139341623075,0.32184750491588704,0.3588611016678822
dravidian_tamil_test_1230,dravidian_tamil,test,0.0,0.3498047525326253,0.296499525119525,0.35369572234784974
dravidian_tamil_test_1231,dravidian_tamil,test,0.0,0.3197724684252843,0.3681386271030654,0.31208890447165033
dravidian_tamil_test_1232,dravidian_tamil,test,0.0,0.3214508303701077,0.31627872940245255,0.3622704402274398
dravidian_tamil_test_1233,dravidian_tamil,test,0.0,0.31358085140949754,0.2824237983864326,0.4039953502040699
dravidian_tamil_test_1234,dravidian_tamil,test,0.0,0.33102639314959104,0.28097078398520076,0.3880028228652082
dravidian_tamil_test_1235,dravidian_tamil,test,0.0,0.2945187547115992,0.2441041339826002,0.4613771113058006
dravidian_tamil_test_1236,dravidian_tamil,test,0.0,0.32571603912542846,0.3048242468594814,0.36945971401509015
dravidian_tamil_test_1237,dravidian_tamil,test,0.0,0.3130610441778054,0.2941524346961468,0.39278652112604784
dravidian_tamil_test_1238,dravidian_tamil,test,0.0,0.30698692731536503,0.2351564337055373,0.4578566389790977
dravidian_tamil_test_1239,dravidian_tamil,test,0.0,0.2872368044579945,0.3454477848946431,0.3673154106473624
dravidian_tamil_test_1240,dravidian_tamil,test,0.0,0.3339782655502552,0.3228205035620051,0.3432012308877397
dravidian_tamil_test_1241,dravidian_tamil,test,0.0,0.3287088575054619,0.36044854636984586,0.3108425961246922
dravidian_tamil_test_1242,dravidian_tamil,test,0.0,0.28879820266814404,0.34428378376310237,0.3669180135687536
dravidian_tamil_test_1243,dravidian_tamil,test,0.0,0.31937239657496247,0.2694379757814465,0.41118962764359096
dravidian_tamil_test_1244,dravidian_tamil,test,0.0,0.33731264275214534,0.34261745131576266,0.320069905932092
dravidian_tamil_test_1245,dravidian_tamil,test,0.0,0.310702026326465,0.27323767253913506,0.41606030113439996
dravidian_tamil_test_1246,dravidian_tamil,test,0.0,0.2933776327400575,0.2812752930316055,0.425347074228337
dravidian_tamil_test_1247,dravidian_tamil,test,0.0,0.314104787944715,0.32604377978786303,0.35985143226742194
dravidian_tamil_test_1248,dravidian_tamil,test,0.0,0.3042175148915799,0.2418605408328794,0.4539219442755407
dravidian_tamil_test_1249,dravidian_tamil,test,0.0,0.2822766821057825,0.22324365889937853,0.49447965899483903
dravidian_tamil_test_1250,dravidian_tamil,test,0.0,0.3425979749907257,0.29761928505662677,0.35978273995264753
dravidian_tamil_test_1251,dravidian_tamil,test,0.0,0.33446605514611316,0.2583751480556059,0.40715879679828093
dravidian_tamil_test_1252,dravidian_tamil,test,0.0,0.3095535878881966,0.3314509272572135,0.35899548485458993
dravidian_tamil_test_1253,dravidian_tamil,test,0.0,0.3148046224427066,0.24013726244879538,0.44505811510849796
dravidian_tamil_test_1254,dravidian_tamil,test,0.0,0.3554639005334316,0.28309103793722534,0.361445061529343
dravidian_tamil_test_1255,dravidian_tamil,test,0.0,0.3043296369144825,0.2851672151944515,0.410503147891066
dravidian_tamil_test_1256,dravidian_tamil,test,0.0,0.3476141282769839,0.33264706675969363,0.31973880496332246
dravidian_tamil_test_1257,dravidian_tamil,test,0.0,0.3236377448346166,0.32785163824900293,0.34851061691638047
dravidian_tamil_test_1258,dravidian_tamil,test,0.0,0.31200451910290117,0.3139036803955756,0.3740918005015232
dravidian_tamil_test_1259,dravidian_tamil,test,0.0,0.31482150728675595,0.27971317336455986,0.40546531934868413
dravidian_tamil_test_1260,dravidian_tamil,test,0.0,0.30702877211175067,0.2644197634739254,0.42855146441432396
dravidian_tamil_test_1261,dravidian_tamil,test,0.0,0.3114991958775617,0.2817422554825862,0.4067585486398521
dravidian_tamil_test_1262,dravidian_tamil,test,0.0,0.31761356066532526,0.3670244492346163,0.31536199010005844
dravidian_tamil_test_1263,dravidian_tamil,test,0.0,0.3306123662962755,0.29848125713282414,0.3709063765709003
dravidian_tamil_test_1264,dravidian_tamil,test,0.0,0.2989072702134392,0.32260494541729706,0.3784877843692637
dravidian_tamil_test_1265,dravidian_tamil,test,0.0,0.3050768758956534,0.28649122374716884,0.40843190035717775
dravidian_tamil_test_1266,dravidian_tamil,test,0.0,0.3143154830531531,0.24121363848760022,0.44447087845924665
dravidian_tamil_test_1267,dravidian_tamil,test,0.0,0.33000625630501973,0.33047361984215545,0.3395201238528248
dravidian_tamil_test_1268,dravidian_tamil,test,0.0,0.32816270202527476,0.4198573517420725,0.25197994623265274
dravidian_tamil_test_1269,dravidian_tamil,test,0.0,0.3271200945062682,0.2718367165731176,0.40104318892061425
dravidian_tamil_test_1270,dravidian_tamil,test,0.0,0.35351829109039934,0.30933669282074383,0.33714501608885683
dravidian_tamil_test_1271,dravidian_tamil,test,0.0,0.31127642541122985,0.27011500705138225,0.41860856753738784
dravidian_tamil_test_1272,dravidian_tamil,test,0.0,0.31173706442264715,0.2484645762582338,0.4397983593191191
dravidian_tamil_test_1273,dravidian_tamil,test,0.0,0.33849967520863367,0.3142988135697557,0.34720151122161064
dravidian_tamil_test_1274,dravidian_tamil,test,0.0,0.3098491075312566,0.3017096612687443,0.38844123119999907
dravidian_tamil_test_1275,dravidian_tamil,test,0.0,0.31128482697479365,0.30458046493331925,0.38413470809188716
dravidian_tamil_test_1276,dravidian_tamil,test,0.0,0.3288139505268855,0.2728123170961667,0.3983737323769478
dravidian_tamil_test_1277,dravidian_tamil,test,0.0,0.318654277096311,0.2536727011438713,0.42767302175981775
dravidian_tamil_test_1278,dravidian_tamil,test,0.0,0.3059087693184722,0.2883962440426149,0.4056949866389129
dravidian_tamil_test_1279,dravidian_tamil,test,0.0,0.2931109572454571,0.3430922559520126,0.3637967868025303
dravidian_tamil_test_1280,dravidian_tamil,test,0.0,0.3237237126292025,0.3317099373061985,0.344566350064599
dravidian_tamil_test_1281,dravidian_tamil,test,0.0,0.32144371844312003,0.2978216434359675,0.38073463812091246
dravidian_tamil_test_1282,dravidian_tamil,test,0.0,0.32469967540817896,0.32555620489406545,0.3497441196977556
dravidian_tamil_test_1283,dravidian_tamil,test,0.0,0.30434602678882927,0.30349862013709605,0.3921553530740747
dravidian_tamil_test_1284,dravidian_tamil,test,0.0,0.31838613943396493,0.30380717069337176,0.3778066898726633
dravidian_tamil_test_1285,dravidian_tamil,test,0.0,0.3433981700538516,0.3182894211743248,0.3383124087718236
dravidian_tamil_test_1286,dravidian_tamil,test,0.0,0.320482252924189,0.29464227486079997,0.384875472215011
dravidian_tamil_test_1287,dravidian_tamil,test,0.0,0.33877049252035607,0.31057457982274334,0.3506549276569006
dravidian_tamil_test_1288,dravidian_tamil,test,0.0,0.31695791022533404,0.27152610321169846,0.4115159865629675
dravidian_tamil_test_1289,dravidian_tamil,test,0.0,0.3166132280084248,0.34739643274565735,0.3359903392459178
dravidian_tamil_test_1290,dravidian_tamil,test,0.0,0.33593305419670777,0.32528074635982523,0.338786199443467
dravidian_tamil_test_1291,dravidian_tamil,test,0.0,0.2872804134570888,0.29976361572059684,0.41295597082231433
dravidian_tamil_test_1292,dravidian_tamil,test,0.0,0.3379172283294655,0.3004622947447434,0.361620476925791
dravidian_tamil_test_1293,dravidian_tamil,test,0.0,0.2768919782231333,0.25148097320481744,0.4716270485720493
dravidian_tamil_test_1294,dravidian_tamil,test,0.0,0.2973282267955845,0.252675307427643,0.4499964657767725
dravidian_tamil_test_1295,dravidian_tamil,test,0.0,0.3111111731547222,0.3025635799659939,0.38632524687928393
dravidian_tamil_test_1296,dravidian_tamil,test,0.0,0.32986950515320473,0.3075488237574167,0.36258167108937855
dravidian_tamil_test_1297,dravidian_tamil,test,0.0,0.3109566174693673,0.28848722779632496,0.4005561547343077
dravidian_tamil_test_1298,dravidian_tamil,test,0.0,0.36727558503685237,0.33985297673192016,0.2928714382312275
dravidian_tamil_test_1299,dravidian_tamil,test,0.0,0.36258205183716535,0.3480940356197604,0.28932391254307427
dravidian_tamil_test_1300,dravidian_tamil,test,0.0,0.2941980770522275,0.28179821092482543,0.42400371202294707
dravidian_tamil_test_1301,dravidian_tamil,test,0.0,0.2944118168757083,0.3165601499073917,0.38902803321690005
dravidian_tamil_test_1302,dravidian_tamil,test,0.0,0.3242983729221155,0.30780357888206844,0.36789804819581606
dravidian_tamil_test_1303,dravidian_tamil,test,0.0,0.29726369862152463,0.2884331072152775,0.4143031941631979
dravidian_tamil_test_1304,dravidian_tamil,test,0.0,0.3074335050053363,0.26121992949299494,0.4313465655016687
dravidian_tamil_test_1305,dravidian_tamil,test,0.0,0.32002285971078326,0.2743165293989115,0.4056606108903053
dravidian_tamil_test_1306,dravidian_tamil,test,0.0,0.3239380757655605,0.2872965712512463,0.3887653529831932
dravidian_tamil_test_1307,dravidian_tamil,test,0.0,0.30828800147247665,0.29723148511633857,0.3944805134111848
dravidian_tamil_test_1308,dravidian_tamil,test,0.0,0.30931657805900603,0.2991129365483056,0.39157048539268835
dravidian_tamil_test_1309,dravidian_tamil,test,0.0,0.35255398447583286,0.386038161357123,0.26140785416704415
dravidian_tamil_test_1310,dravidian_tamil,test,0.0,0.32183454826320346,0.341529638715377,0.33663581302141954
dravidian_tamil_test_1311,dravidian_tamil,test,0.0,0.35779782158205625,0.2987083869886595,0.34349379142928427
dravidian_tamil_test_1312,dravidian_tamil,test,0.0,0.3125044703481495,0.2932780969196488,0.3942174327322018
dravidian_tamil_test_1313,dravidian_tamil,test,0.0,0.325656004276025,0.2825339817278578,0.3918100139961172
dravidian_tamil_test_1314,dravidian_tamil,test,0.0,0.2959682197762425,0.30337504341759997,0.40065673680615754
dravidian_tamil_test_1315,dravidian_tamil,test,0.0,0.309509443026745,0.30208546167689626,0.38840509529635875
dravidian_tamil_test_1316,dravidian_tamil,test,0.0,0.32567126152077136,0.33293823232333175,0.3413905061558969
dravidian_tamil_test_1317,dravidian_tamil,test,0.0,0.32955008257341856,0.3118902850578014,0.3585596323687801
dravidian_tamil_test_1318,dravidian_tamil,test,0.0,0.332240048533684,0.27825840022884446,0.38950155123747154
dravidian_tamil_test_1319,dravidian_tamil,test,0.0,0.314383309354958,0.2973986891821491,0.38821800146289287
dravidian_tamil_test_1320,dravidian_tamil,test,0.0,0.3042909608643486,0.29272605904288596,0.40298298009276545
dravidian_tamil_test_1321,dravidian_tamil,test,0.0,0.3378041462936715,0.29694582339939357,0.3652500303069349
dravidian_tamil_test_1322,dravidian_tamil,test,0.0,0.30153521196247657,0.2704044797662529,0.42806030827127045
dravidian_tamil_test_1323,dravidian_tamil,test,0.0,0.30785678143738565,0.28080537171058345,0.41133784685203095
dravidian_tamil_test_1324,dravidian_tamil,test,0.0,0.3120451285666465,0.2934038515680941,0.3945510198652594
dravidian_tamil_test_1325,dravidian_tamil,test,0.0,0.33089366073960713,0.3237226856732109,0.345383653587182
dravidian_tamil_test_1326,dravidian_tamil,test,0.0,0.3224465192948789,0.3109572839727469,0.36659619673237415
dravidian_tamil_test_1327,dravidian_tamil,test,0.0,0.34874128954732714,0.3307422535845881,0.3205164568680848
dravidian_tamil_test_1328,dravidian_tamil,test,0.0,0.30226907879068743,0.3109377110203538,0.3867932101889588
dravidian_tamil_test_1329,dravidian_tamil,test,0.0,0.3683208224379888,0.3278437146858688,0.3038354628761424
dravidian_tamil_test_1330,dravidian_tamil,test,0.0,0.31551995073190897,0.2800359915900618,0.4044440576780292
dravidian_tamil_test_1331,dravidian_tamil,test,0.0,0.31315486395058445,0.28567164117223925,0.4011734948771763
dravidian_tamil_test_1332,dravidian_tamil,test,0.0,0.30755982169300516,0.3094461699687887,0.3829940083382061
dravidian_tamil_test_1333,dravidian_tamil,test,0.0,0.3411237742424464,0.35059481429929146,0.30828141145826216
dravidian_tamil_test_1334,dravidian_tamil,test,0.0,0.33306429684828875,0.2379777573771904,0.42895794577452084
dravidian_tamil_test_1335,dravidian_tamil,test,0.0,0.33987586951237975,0.3532303162504011,0.3068938142372192
dravidian_tamil_test_1336,dravidian_tamil,test,0.0,0.35853602457515266,0.3272538585823659,0.31421011684248146
dravidian_tamil_test_1337,dravidian_tamil,test,0.0,0.3094885639955557,0.24708298894338906,0.4434284470610553
dravidian_tamil_test_1338,dravidian_tamil,test,0.0,0.31209493438701347,0.28622304020849415,0.4016820254044924
dravidian_tamil_test_1339,dravidian_tamil,test,0.0,0.29177983535772073,0.26027113781642414,0.44794902682585513
dravidian_tamil_test_1340,dravidian_tamil,test,0.0,0.2998382830779173,0.22631542728572882,0.47384628963635383
dravidian_tamil_test_1341,dravidian_tamil,test,0.0,0.29800704764303965,0.27525070718237177,0.4267422451745886
dravidian_tamil_test_1342,dravidian_tamil,test,0.0,0.34996613197029236,0.26152433949824194,0.3885095285314657
dravidian_tamil_test_1343,dravidian_tamil,test,0.0,0.3090007228164643,0.3178314621891834,0.3731678149943523
dravidian_tamil_test_1344,dravidian_tamil,test,0.0,0.287062771474643,0.26564028066301554,0.4472969478623415
dravidian_tamil_test_1345,dravidian_tamil,test,0.0,0.29696055733599147,0.2906514384303295,0.41238800423367905
dravidian_tamil_test_1346,dravidian_tamil,test,0.0,0.33865112746051595,0.41548119439819503,0.24586767814128901
dravidian_tamil_test_1347,dravidian_tamil,test,0.0,0.31526901721654244,0.3287317659892869,0.35599921679417074
dravidian_tamil_test_1348,dravidian_tamil,test,0.0,0.3474592642216338,0.2912585999723525,0.3612821358060137
dravidian_tamil_test_1349,dravidian_tamil,test,0.0,0.3203792521538325,0.2900213162803091,0.3895994315658584
dravidian_tamil_test_1350,dravidian_tamil,test,0.0,0.3090883398680227,0.28663652934563016,0.40427513078634714
dravidian_tamil_test_1351,dravidian_tamil,test,0.0,0.287489026715079,0.2519148057533777,0.4605961675315433
dravidian_tamil_test_1352,dravidian_tamil,test,0.0,0.30953837343012336,0.3100822175346434,0.3803794090352333
dravidian_tamil_test_1353,dravidian_tamil,test,0.0,0.33020060519045197,0.29408121123075276,0.3757181835787953
dravidian_tamil_test_1354,dravidian_tamil,test,0.0,0.3274080952605819,0.3070680205207503,0.3655238842186678
dravidian_tamil_test_1355,dravidian_tamil,test,0.0,0.3640510161770149,0.30789481739982244,0.32805416642316265
dravidian_tamil_test_1356,dravidian_tamil,test,0.0,0.3101644261505452,0.3270783158908788,0.362757257958576
dravidian_tamil_test_1357,dravidian_tamil,test,0.0,0.3527863270799963,0.3524936474258447,0.294720025494159
dravidian_tamil_test_1358,dravidian_tamil,test,0.0,0.3075710957831502,0.2384219925555061,0.45400691166134377
dravidian_tamil_test_1359,dravidian_tamil,test,0.0,0.3348487509305543,0.3655885319933595,0.2995627170760862
dravidian_tamil_test_1360,dravidian_tamil,test,0.0,0.31313965004952127,0.3448296995350277,0.342030650415451
dravidian_tamil_test_1361,dravidian_tamil,test,0.0,0.2909578464198941,0.2800418646825641,0.4290002888975419
dravidian_tamil_test_1362,dravidian_tamil,test,0.0,0.3054727140403311,0.2953511290868169,0.39917615687285196
dravidian_tamil_test_1363,dravidian_tamil,test,0.0,0.30249861547034046,0.3275119789449459,0.36998940558471366
dravidian_tamil_test_1364,dravidian_tamil,test,0.0,0.29898225192728056,0.29319744168683154,0.4078203063858879
dravidian_tamil_test_1365,dravidian_tamil,test,0.0,0.32041973877382973,0.21802796452698128,0.461552296699189
dravidian_tamil_test_1366,dravidian_tamil,test,0.0,0.3072299214007048,0.296885689683285,0.3958843889160102
dravidian_tamil_test_1367,dravidian_tamil,test,0.0,0.318198362084325,0.3110680976648644,0.3707335402508106
dravidian_tamil_test_1368,dravidian_tamil,test,0.0,0.3298407095814443,0.3093019556330469,0.3608573347855088
dravidian_tamil_test_1369,dravidian_tamil,test,0.0,0.2953783615327558,0.2685995385349629,0.43602209993228125
dravidian_tamil_test_1370,dravidian_tamil,test,0.0,0.318166802393004,0.3256255161677405,0.3562076814392555
dravidian_tamil_test_1371,dravidian_tamil,test,0.0,0.32072759549930396,0.32158009680838834,0.3576923076923077
dravidian_tamil_test_1372,dravidian_tamil,test,0.0,0.3140135293120303,0.3074641951516618,0.3785222755363079
dravidian_tamil_test_1373,dravidian_tamil,test,0.0,0.31942276688949767,0.3291981814338822,0.35137905167662015
dravidian_tamil_test_1374,dravidian_tamil,test,0.0,0.30777587033200543,0.24057500614918817,0.4516491235188064
dravidian_tamil_test_1375,dravidian_tamil,test,0.0,0.3225393911050295,0.317610811840715,0.3598497970542555
dravidian_tamil_test_1376,dravidian_tamil,test,0.0,0.31168231784625183,0.2581431228254563,0.43017455932829185
dravidian_tamil_test_1377,dravidian_tamil,test,0.0,0.3015766825497871,0.3310669174169997,0.36735640003321324
dravidian_tamil_test_1378,dravidian_tamil,test,0.0,0.3578111916117523,0.32458743881087054,0.31760136957737717
dravidian_tamil_test_1379,dravidian_tamil,test,0.0,0.3457626187867094,0.2749311679850629,0.3793062132282277
dravidian_tamil_test_1380,dravidian_tamil,test,0.0,0.31777289293632893,0.34542008050472467,0.3368070265589464
dravidian_tamil_test_1381,dravidian_tamil,test,0.0,0.32556465539041785,0.26829289586690075,0.4061424487426814
dravidian_tamil_test_1382,dravidian_tamil,test,0.0,0.3109084726468349,0.32697628008172536,0.36211524727143973
dravidian_tamil_test_1383,dravidian_tamil,test,0.0,0.32333181941657296,0.28285091999969936,0.3938172605837276
dravidian_tamil_test_1384,dravidian_tamil,test,0.0,0.3159897862924933,0.3144814370311103,0.3695287766763964
dravidian_tamil_test_1385,dravidian_tamil,test,0.0,0.357161166209171,0.24926767732357374,0.39357115646725527
dravidian_tamil_test_1386,dravidian_tamil,test,0.0,0.31905273271915446,0.27529339046214935,0.4056538768186962
dravidian_tamil_test_1387,dravidian_tamil,test,0.0,0.305503791200409,0.26053320197182017,0.43396300682777084
dravidian_tamil_test_1388,dravidian_tamil,test,0.0,0.3137914832844454,0.2813684836954362,0.40484003302011845
dravidian_tamil_test_1389,dravidian_tamil,test,0.0,0.34157531456808216,0.300270172353269,0.3581545130786488
dravidian_tamil_test_1390,dravidian_tamil,test,0.0,0.3321541050738323,0.35504210462493724,0.31280379030123046
dravidian_tamil_test_1391,dravidian_tamil,test,0.0,0.3110275776053215,0.32807643987859403,0.36089598251608446
dravidian_tamil_test_1392,dravidian_tamil,test,0.0,0.31073014847121994,0.28180122712528655,0.40746862440349346
dravidian_tamil_test_1393,dravidian_tamil,test,0.0,0.33133586695750383,0.3316898207105337,0.33697431233196246
dravidian_tamil_test_1394,dravidian_tamil,test,0.0,0.3137158612023288,0.34102050858933614,0.34526363020833506
dravidian_tamil_test_1395,dravidian_tamil,test,0.0,0.3103383597438305,0.260956684871672,0.4287049553844975
dravidian_tamil_test_1396,dravidian_tamil,test,0.0,0.3315350761004516,0.31711863571890403,0.3513462881806444
dravidian_tamil_test_1397,dravidian_tamil,test,0.0,0.2863978764923996,0.20404782318590023,0.5095543003217001
dravidian_tamil_test_1398,dravidian_tamil,test,0.0,0.3379189043425656,0.3295162054343422,0.33256489022309227
dravidian_tamil_test_1399,dravidian_tamil,test,0.0,0.3220464164285428,0.3151724201707094,0.36278116340074784
dravidian_tamil_test_1400,dravidian_tamil,test,0.0,0.32073568576406225,0.3095678856435312,0.36969642859240653
dravidian_tamil_test_1401,dravidian_tamil,test,0.0,0.32014892787310234,0.32093469198321506,0.3589163801436826
dravidian_tamil_test_1402,dravidian_tamil,test,0.0,0.3005166105218006,0.284554362679636,0.41492902679856336
dravidian_tamil_test_1403,dravidian_tamil,test,0.0,0.3097184565990291,0.322863980166122,0.3674175632348489
dravidian_tamil_test_1404,dravidian_tamil,test,0.0,0.3239554514880575,0.3186345242267644,0.3574100242851781
dravidian_tamil_test_1405,dravidian_tamil,test,0.0,0.30766023090419664,0.2725738731644764,0.4197658959313269
dravidian_tamil_test_1406,dravidian_tamil,test,0.0,0.30835820553800597,0.29417548403016847,0.39746631043182556
dravidian_tamil_test_1407,dravidian_tamil,test,0.0,0.32520212624808614,0.3063213022848322,0.3684765714670817
dravidian_tamil_test_1408,dravidian_tamil,test,0.0,0.3069476457029964,0.2665487854518679,0.42650356884513574
dravidian_tamil_test_1409,dravidian_tamil,test,0.0,0.3293737300763083,0.3015222528258154,0.3691040170978763
dravidian_tamil_test_1410,dravidian_tamil,test,0.0,0.3255815192849705,0.35767535110011783,0.3167431296149117
dravidian_tamil_test_1411,dravidian_tamil,test,0.0,0.3259890866759623,0.3228920926413962,0.3511188206826415
dravidian_tamil_test_1412,dravidian_tamil,test,0.0,0.3357845461598418,0.36268887991736565,0.30152657392279253
dravidian_tamil_test_1413,dravidian_tamil,test,0.0,0.31590356081201726,0.3085907587578434,0.3755056804301393
dravidian_tamil_test_1414,dravidian_tamil,test,0.0,0.3069909497478405,0.3099452332871658,0.3830638169649937
dravidian_tamil_test_1415,dravidian_tamil,test,0.0,0.3331101745356072,0.31045336700454984,0.35643645845984295
dravidian_tamil_test_1416,dravidian_tamil,test,0.0,0.3311047395720815,0.32860963183737335,0.3402856285905452
dravidian_tamil_test_1417,dravidian_tamil,test,0.0,0.28392946194046287,0.26878291120642894,0.4472876268531082
dravidian_tamil_test_1418,dravidian_tamil,test,0.0,0.3294759598369521,0.3148968080920077,0.3556272320710402
dravidian_tamil_test_1419,dravidian_tamil,test,0.0,0.31192562001226226,0.2860129332070751,0.40206144678066263
dravidian_tamil_test_1420,dravidian_tamil,test,0.0,0.31455520808961274,0.27824575061358164,0.40719904129680556
dravidian_tamil_test_1421,dravidian_tamil,test,0.0,0.3255662618530235,0.3023953089938102,0.3720384291531663
dravidian_tamil_test_1422,dravidian_tamil,test,0.0,0.35583811563028844,0.28186828219019644,0.3622936021795151
dravidian_tamil_test_1423,dravidian_tamil,test,0.0,0.3086742853819535,0.28934930743357856,0.4019764071844679
dravidian_tamil_test_1424,dravidian_tamil,test,0.0,0.3154904667849081,0.3453189243389229,0.339190608876169
dravidian_tamil_test_1425,dravidian_tamil,test,0.0,0.31555848636838985,0.31934349792511774,0.3650980157064924
dravidian_tamil_test_1426,dravidian_tamil,test,0.0,0.3246618577617186,0.29325891441236246,0.38207922782591897
dravidian_tamil_test_1427,dravidian_tamil,test,0.0,0.32248721862901475,0.2862451003158385,0.39126768105514675
dravidian_tamil_test_1428,dravidian_tamil,test,0.0,0.3153831162489035,0.28143305879530633,0.4031838249557902
dravidian_tamil_test_1429,dravidian_tamil,test,0.0,0.3281562373397673,0.2677483689713249,0.4040953936889078
dravidian_tamil_test_1430,dravidian_tamil,test,0.0,0.32661863140669445,0.32064555770256925,0.3527358108907363
dravidian_tamil_test_1431,dravidian_tamil,test,0.0,0.2972055168332185,0.31233749040130865,0.39045699276547285
dravidian_tamil_test_1432,dravidian_tamil,test,0.0,0.3129473320499531,0.30840407146613036,0.3786485964839165
dravidian_tamil_test_1433,dravidian_tamil,test,0.0,0.30405835749434396,0.25544245802630156,0.44049918447935443
dravidian_tamil_test_1434,dravidian_tamil,test,0.0,0.3006225793407593,0.2503794867096725,0.44899793394956816
dravidian_tamil_test_1435,dravidian_tamil,test,0.0,0.30602398402442027,0.24448257592140146,0.4494934400541783
dravidian_tamil_test_1436,dravidian_tamil,test,0.0,0.32436003031774974,0.29758678221202245,0.3780531874702278
dravidian_tamil_test_1437,dravidian_tamil,test,0.0,0.3595665756562465,0.2925431106475374,0.3478903136962161
dravidian_tamil_test_1438,dravidian_tamil,test,0.0,0.3166509864009332,0.3187801056552683,0.36456890794379854
dravidian_tamil_test_1439,dravidian_tamil,test,0.0,0.32376689906447326,0.2937081375758489,0.38252496335967784
dravidian_tamil_test_1440,dravidian_tamil,test,0.0,0.3085728043132958,0.26721719091455165,0.42421000477215254
dravidian_tamil_test_1441,dravidian_tamil,test,0.0,0.3221625202096627,0.3274080424388532,0.35042943735148413
dravidian_tamil_test_1442,dravidian_tamil,test,0.0,0.32972322684651284,0.34379169861673803,0.32648507453674913
dravidian_tamil_test_1443,dravidian_tamil,test,0.0,0.3325020390691432,0.35337791326580786,0.3141200476650489
dravidian_tamil_test_1444,dravidian_tamil,test,0.0,0.3009637516172845,0.2549401077531405,0.444096140629575
dravidian_tamil_test_1445,dravidian_tamil,test,0.0,0.2986500980136286,0.20439270603341037,0.49695719595296106
dravidian_tamil_test_1446,dravidian_tamil,test,0.0,0.3316219657114538,0.34631011825354063,0.32206791603500556
dravidian_tamil_test_1447,dravidian_tamil,test,0.0,0.34141184682951775,0.2506071350316799,0.40798101813880233
dravidian_tamil_test_1448,dravidian_tamil,test,0.0,0.31879236035508646,0.3075358373518057,0.37367180229310787
dravidian_tamil_test_1449,dravidian_tamil,test,0.0,0.3261232962655741,0.33565031390398875,0.3382263898304371
dravidian_tamil_test_1450,dravidian_tamil,test,0.0,0.32172456193140236,0.2994351901530023,0.37884024791559534
dravidian_tamil_test_1451,dravidian_tamil,test,0.0,0.31318799039385004,0.2205571822812794,0.46625482732487056
dravidian_tamil_test_1452,dravidian_tamil,test,0.0,0.3266534105142257,0.30644540513487656,0.3669011843508978
dravidian_tamil_test_1453,dravidian_tamil,test,0.0,0.30027495121748315,0.24937615594118226,0.45034889284133456
dravidian_tamil_test_1454,dravidian_tamil,test,0.0,0.31795848214058775,0.27689276332176765,0.4051487545376446
dravidian_tamil_test_1455,dravidian_tamil,test,0.0,0.3480045083834944,0.27090482509168434,0.38109066652482126
dravidian_tamil_test_1456,dravidian_tamil,test,0.0,0.3383401657318079,0.40032878794993493,0.26133104631825715
dravidian_tamil_test_1457,dravidian_tamil,test,0.0,0.3310101195580211,0.2736653958959102,0.39532448454606867
dravidian_tamil_test_1458,dravidian_tamil,test,0.0,0.3402882341067725,0.36311960204283905,0.29659216385038845
dravidian_tamil_test_1459,dravidian_tamil,test,0.0,0.3214816582254177,0.2889282006065769,0.3895901411680054
dravidian_tamil_test_1460,dravidian_tamil,test,0.0,0.3075409903369324,0.31393214394881946,0.37852686571424815
dravidian_tamil_test_1461,dravidian_tamil,test,0.0,0.31336770520706575,0.29064507304926324,0.395987221743671
dravidian_tamil_test_1462,dravidian_tamil,test,0.0,0.30199307462085134,0.2924365938409701,0.40557033153817856
dravidian_tamil_test_1463,dravidian_tamil,test,0.0,0.2996117683570716,0.278186612742352,0.4222016189005764
dravidian_tamil_test_1464,dravidian_tamil,test,0.0,0.3134429146898489,0.26594225942244315,0.42061482588770793
dravidian_tamil_test_1465,dravidian_tamil,test,0.0,0.31748501297589904,0.31092418491147383,0.3715908021126271
dravidian_tamil_test_1466,dravidian_tamil,test,0.0,0.3242663781021174,0.3109900817017773,0.36474354019610533
dravidian_tamil_test_1467,dravidian_tamil,test,0.0,0.34360097704237347,0.27652136844683256,0.37987765451079397
dravidian_tamil_test_1468,dravidian_tamil,test,0.0,0.30743468838907795,0.2713760976764137,0.42118921393450837
dravidian_tamil_test_1469,dravidian_tamil,test,0.0,0.3215861599304157,0.27010989350955217,0.4083039465600321
dravidian_tamil_test_1470,dravidian_tamil,test,0.0,0.2908479868808146,0.28416723891795553,0.4249847742012298
dravidian_tamil_test_1471,dravidian_tamil,test,0.0,0.3281362789199153,0.25316341387107244,0.41870030720901225
dravidian_tamil_test_1472,dravidian_tamil,test,0.0,0.30780377727437397,0.33367440915006025,0.35852181357556573
dravidian_tamil_test_1473,dravidian_tamil,test,0.0,0.342648692304239,0.325122222138264,0.332229085557497
dravidian_tamil_test_1474,dravidian_tamil,test,0.0,0.3436494820701313,0.2996255642803915,0.3567249536494772
dravidian_tamil_test_1475,dravidian_tamil,test,0.0,0.3629318816157706,0.34088896527759616,0.29617915310663323
dravidian_tamil_test_1476,dravidian_tamil,test,0.0,0.2992150019893485,0.27294655941356416,0.4278384385970873
dravidian_tamil_test_1477,dravidian_tamil,test,0.0,0.3168039002825667,0.2796665634638522,0.40352953625358107
dravidian_tamil_test_1478,dravidian_tamil,test,0.0,0.32279962458939465,0.2907189113092445,0.38648146410136086
dravidian_tamil_test_1479,dravidian_tamil,test,0.0,0.34162126127835785,0.24801742982997158,0.4103613088916706
dravidian_tamil_test_1480,dravidian_tamil,test,0.0,0.2880307629983402,0.2633220169836599,0.4486472200179999
dravidian_tamil_test_1481,dravidian_tamil,test,0.0,0.3121954965835185,0.30134094027287156,0.38646356314360997
dravidian_tamil_test_1482,dravidian_tamil,test,0.0,0.3138379553985832,0.2582910186514682,0.4278710259499486
dravidian_tamil_test_1483,dravidian_tamil,test,0.0,0.3199168807329953,0.20781283155840863,0.4722702877085961
dravidian_tamil_test_1484,dravidian_tamil,test,0.0,0.32030065054557705,0.2837591685457326,0.3959401809086904
dravidian_tamil_test_1485,dravidian_tamil,test,0.0,0.32785359904012373,0.316814030587792,0.35533237037208426
dravidian_tamil_test_1486,dravidian_tamil,test,0.0,0.35137326441674266,0.351689614733093,0.2969371208501643
dravidian_tamil_test_1487,dravidian_tamil,test,0.0,0.29624471972499816,0.28285970002907357,0.42089558024592827
dravidian_tamil_test_1488,dravidian_tamil,test,0.0,0.3129358876456055,0.3134088340565598,0.37365527829783474
dravidian_tamil_test_1489,dravidian_tamil,test,0.0,0.3389267351448213,0.2633679000050777,0.397705364850101
dravidian_tamil_test_1490,dravidian_tamil,test,0.0,0.329050256174144,0.26466892986607454,0.40628081395978144
dravidian_tamil_test_1491,dravidian_tamil,test,0.0,0.3284402858379439,0.31603034716741457,0.35552936699464155
dravidian_tamil_test_1492,dravidian_tamil,test,0.0,0.3236210320218362,0.4012484965765927,0.27513047140157115
dravidian_tamil_test_1493,dravidian_tamil,test,0.0,0.30680861601274995,0.28660035015480645,0.4065910338324436
dravidian_tamil_test_1494,dravidian_tamil,test,0.0,0.3003478570244302,0.31122336137892803,0.3884287815966418
dravidian_tamil_test_1495,dravidian_tamil,test,0.0,0.33138465125132244,0.3242140717274363,0.34440127702124124
dravidian_tamil_test_1496,dravidian_tamil,test,0.0,0.3414975011513883,0.31061463979564535,0.3478878590529663
dravidian_tamil_test_1497,dravidian_tamil,test,0.0,0.3222383838906951,0.25852301162096447,0.41923860448834044
dravidian_tamil_test_1498,dravidian_tamil,test,0.0,0.34066515181205076,0.36457407366553723,0.294760774522412
dravidian_tamil_test_1499,dravidian_tamil,test,0.0,0.30948451444165187,0.2793278150016169,0.4111876705567312
dravidian_tamil_test_1500,dravidian_tamil,test,0.0,0.32543398136577184,0.29939541579005646,0.37517060284417164
dravidian_tamil_test_1501,dravidian_tamil,test,0.0,0.29425012597993583,0.297638611883939,0.4081112621361252
dravidian_tamil_test_1502,dravidian_tamil,test,0.0,0.31999797502027055,0.24776235590346601,0.43223966907626343
dravidian_tamil_test_1503,dravidian_tamil,test,0.0,0.3339619766645174,0.20017295259544934,0.4658650707400333
dravidian_tamil_test_1504,dravidian_tamil,test,0.0,0.2969995171531586,0.30100188267769795,0.4019986001691435
dravidian_tamil_test_1505,dravidian_tamil,test,0.0,0.33222104272453706,0.3427096651603105,0.32506929211515245
dravidian_tamil_test_1506,dravidian_tamil,test,0.0,0.3198442731868845,0.3616571022277336,0.31849862458538186
dravidian_tamil_test_1507,dravidian_tamil,test,0.0,0.322412865756108,0.2902116092787292,0.3873755249651628
dravidian_tamil_test_1508,dravidian_tamil,test,0.0,0.37244734002245145,0.3905246781558531,0.2370279818216954
dravidian_tamil_test_1509,dravidian_tamil,test,0.0,0.31369222751189274,0.3075566443673103,0.378751128120797
dravidian_tamil_test_1510,dravidian_tamil,test,0.0,0.306017697769341,0.29009369705463806,0.40388860517602093
dravidian_tamil_test_1511,dravidian_tamil,test,0.0,0.3012750369089632,0.24094960643597577,0.4577753566550611
dravidian_tamil_test_1512,dravidian_tamil,test,0.0,0.3197354735672956,0.3415845305904449,0.3386799958422595
dravidian_tamil_test_1513,dravidian_tamil,test,0.0,0.325472704959134,0.33190824324087026,0.3426190517999957
dravidian_tamil_test_1514,dravidian_tamil,test,0.0,0.31519758985590235,0.2900589172492728,0.39474349289482485
dravidian_tamil_test_1515,dravidian_tamil,test,0.0,0.3049604228799264,0.2578108161981721,0.4372287609219015
dravidian_tamil_test_1516,dravidian_tamil,test,0.0,0.3018331114749249,0.26749963023598594,0.43066725828908914
dravidian_tamil_test_1517,dravidian_tamil,test,0.0,0.3067594453550193,0.2748060799279686,0.41843447471701206
dravidian_tamil_test_1518,dravidian_tamil,test,0.0,0.30276428416449,0.2857767675950508,0.4114589482404592
dravidian_tamil_test_1519,dravidian_tamil,test,0.0,0.29398207963488093,0.3084240817490813,0.3975938386160377
dravidian_tamil_test_1520,dravidian_tamil,test,0.0,0.3165935420148566,0.2768511402448405,0.4065553177403029
dravidian_tamil_test_1521,dravidian_tamil,test,0.0,0.29829704543605307,0.27605094504884387,0.42565200951510307
dravidian_tamil_test_1522,dravidian_tamil,test,0.0,0.32240075195091217,0.2533134635420101,0.4242857845070777
dravidian_tamil_test_1523,dravidian_tamil,test,0.0,0.317726954257884,0.3175313333225884,0.3647417124195276
dravidian_tamil_test_1524,dravidian_tamil,test,0.0,0.3079558109724147,0.20220529347923152,0.4898388955483538
dravidian_tamil_test_1525,dravidian_tamil,test,0.0,0.29823597813384906,0.2786330678962616,0.42313095396988937
dravidian_tamil_test_1526,dravidian_tamil,test,0.0,0.30558844254331097,0.28766122298205477,0.40675033447463427
dravidian_tamil_test_1527,dravidian_tamil,test,0.0,0.31597401038167394,0.3232492320733109,0.3607767575450152
dravidian_tamil_test_1528,dravidian_tamil,test,0.0,0.305728371471071,0.3076198967371926,0.3866517317917364
dravidian_tamil_test_1529,dravidian_tamil,test,0.0,0.3177217628537192,0.3152816721212327,0.36699656502504807
dravidian_tamil_test_1530,dravidian_tamil,test,0.0,0.3285161935869045,0.30952021955896886,0.36196358685412666
dravidian_tamil_test_1531,dravidian_tamil,test,0.0,0.30616859153246495,0.33147559766907303,0.36235581079846196
dravidian_tamil_test_1532,dravidian_tamil,test,0.0,0.3180849647275262,0.28663287633076207,0.3952821589417118
dravidian_tamil_test_1533,dravidian_tamil,test,0.0,0.3094618311169743,0.3150907418095489,0.37544742707347684
dravidian_tamil_test_1534,dravidian_tamil,test,0.0,0.3117635296552643,0.29735668756292555,0.39087978278181007
dravidian_tamil_test_1535,dravidian_tamil,test,0.0,0.3057929037956343,0.3484522626411271,0.3457548335632386
dravidian_tamil_test_1536,dravidian_tamil,test,0.0,0.2947998486867836,0.2898364518221562,0.41536369949106017
dravidian_tamil_test_1537,dravidian_tamil,test,0.0,0.3133739373798734,0.3339953780587233,0.3526306845614033
dravidian_tamil_test_1538,dravidian_tamil,test,0.0,0.28718495239155134,0.24541233908408877,0.4674027085243599
dravidian_tamil_test_1539,dravidian_tamil,test,0.0,0.3447926336991978,0.31015072820410045,0.34505663809670173
dravidian_tamil_test_1540,dravidian_tamil,test,0.0,0.30650870720294743,0.3181350455740306,0.37535624722302197
dravidian_tamil_test_1541,dravidian_tamil,test,0.0,0.3121277144486741,0.280650785223938,0.4072215003273879
dravidian_tamil_test_1542,dravidian_tamil,test,0.0,0.3037847424084938,0.39569614009125664,0.30051911750024957
dravidian_tamil_test_1543,dravidian_tamil,test,0.0,0.32664454290863054,0.36117413190081216,0.3121813251905573
dravidian_tamil_test_1544,dravidian_tamil,test,0.0,0.31009959952313265,0.29041973680566163,0.3994806636712057
dravidian_tamil_test_1545,dravidian_tamil,test,0.0,0.3278507121508096,0.3283856316068921,0.3437636562422983
dravidian_tamil_test_1546,dravidian_tamil,test,0.0,0.31323437222936706,0.27269718996431835,0.4140684378063146
dravidian_tamil_test_1547,dravidian_tamil,test,0.0,0.31544611483539764,0.29184682383432603,0.3927070613302764
dravidian_tamil_test_1548,dravidian_tamil,test,0.0,0.31264158028610095,0.3060282416624746,0.3813301780514245
dravidian_tamil_test_1549,dravidian_tamil,test,0.0,0.3262124126759137,0.2724413385415808,0.4013462487825054
dravidian_tamil_test_1550,dravidian_tamil,test,0.0,0.3266320205363346,0.335204683511185,0.33816329595248046
dravidian_tamil_test_1551,dravidian_tamil,test,0.0,0.30228878547254795,0.26979084259131225,0.4279203719361398
dravidian_tamil_test_1552,dravidian_tamil,test,0.0,0.29944563331086893,0.29962638328808744,0.40092798340104363
dravidian_tamil_test_1553,dravidian_tamil,test,0.0,0.32744008733974,0.3295413107186851,0.34301860194157485
dravidian_tamil_test_1554,dravidian_tamil,test,0.0,0.3221557819114037,0.32990326960636546,0.34794094848223084
dravidian_tamil_test_1555,dravidian_tamil,test,0.0,0.3261035531669462,0.30693674121473574,0.36695970561831803
dravidian_tamil_test_1556,dravidian_tamil,test,0.0,0.31358836378048904,0.268252046203322,0.41815959001618896
dravidian_tamil_test_1557,dravidian_tamil,test,0.0,0.3323468964173465,0.33096771460763635,0.33668538897501715
dravidian_tamil_test_1558,dravidian_tamil,test,0.0,0.34837085752956287,0.3107019480179765,0.3409271944524606
dravidian_tamil_test_1559,dravidian_tamil,test,0.0,0.4814391868145369,0.2501860461837623,0.2683747670017009
dravidian_tamil_test_1560,dravidian_tamil,test,0.0,0.29274212232672453,0.32592723269516444,0.38133064497811103
dravidian_tamil_test_1561,dravidian_tamil,test,0.0,0.32032987176750655,0.28271354105255814,0.3969565871799353
dravidian_tamil_test_1562,dravidian_tamil,test,0.0,0.3018503884784653,0.2936511315476605,0.4044984799738742
dravidian_tamil_test_1563,dravidian_tamil,test,0.0,0.321089920534114,0.2749936931836516,0.4039163862822344
dravidian_tamil_test_1564,dravidian_tamil,test,0.0,0.34525290458305474,0.34318310092049154,0.3115639944964537
dravidian_tamil_test_1565,dravidian_tamil,test,0.0,0.3216158690270455,0.30211924192609435,0.3762648890468602
dravidian_tamil_test_1566,dravidian_tamil,test,0.0,0.29930588795308627,0.3021606418853362,0.39853347016157753
dravidian_tamil_test_1567,dravidian_tamil,test,0.0,0.32547283694354373,0.2843188064811196,0.3902083565753367
dravidian_tamil_test_1568,dravidian_tamil,test,0.0,0.32378729444149734,0.3164432464981577,0.35976945906034496
dravidian_tamil_test_1569,dravidian_tamil,test,0.0,0.30214431619986915,0.27377414330605615,0.42408154049407476
dravidian_tamil_test_1570,dravidian_tamil,test,0.0,0.32377855382910103,0.26143655557855516,0.4147848905923438
dravidian_tamil_test_1571,dravidian_tamil,test,0.0,0.3019461764555973,0.2583013831548465,0.4397524403895562
dravidian_tamil_test_1572,dravidian_tamil,test,0.0,0.31532217468518703,0.30486251817394416,0.3798153071408688
dravidian_tamil_test_1573,dravidian_tamil,test,0.0,0.29598424072692,0.2952204676637489,0.40879529160933115
dravidian_tamil_test_1574,dravidian_tamil,test,0.0,0.3186241852590529,0.2932013848302901,0.388174429910657
dravidian_tamil_test_1575,dravidian_tamil,test,0.0,0.32803967492769154,0.36369809140689185,0.3082622336654166
dravidian_tamil_test_1576,dravidian_tamil,test,0.0,0.30729575776778273,0.3113951357941357,0.3813091064380816
dravidian_tamil_test_1577,dravidian_tamil,test,0.0,0.2986655814150517,0.2630264774305991,0.43830794115434923
dravidian_tamil_test_1578,dravidian_tamil,test,0.0,0.34275434967644863,0.21886870565554487,0.4383769446680065
dravidian_tamil_test_1579,dravidian_tamil,test,0.0,0.35415889625314223,0.25885895515729257,0.38698214858956526
dravidian_tamil_test_1580,dravidian_tamil,test,0.0,0.30863406933961074,0.3075455639448561,0.38382036671553316
dravidian_tamil_test_1581,dravidian_tamil,test,0.0,0.31600138291326735,0.2879556555542531,0.39604296153247953
dravidian_tamil_test_1582,dravidian_tamil,test,0.0,0.3027401547784481,0.30494972140314475,0.39231012381840713
dravidian_tamil_test_1583,dravidian_tamil,test,0.0,0.3189396506949226,0.1987895607788135,0.482270788526264
dravidian_tamil_test_1584,dravidian_tamil,test,0.0,0.30234287437720686,0.2718598252820761,0.42579730034071706
dravidian_tamil_test_1585,dravidian_tamil,test,0.0,0.3119363997084325,0.2730660252937656,0.4149975749978019
dravidian_tamil_test_1586,dravidian_tamil,test,0.0,0.327794017116342,0.2882829544462148,0.3839230284374432
dravidian_tamil_test_1587,dravidian_tamil,test,0.0,0.33704509882754974,0.30098427412373907,0.36197062704871125
dravidian_tamil_test_1588,dravidian_tamil,test,0.0,0.3219956768671487,0.2952568839667169,0.3827474391661344
dravidian_tamil_test_1589,dravidian_tamil,test,0.0,0.3680853640062837,0.27980645597533893,0.35210818001837735
dravidian_tamil_test_1590,dravidian_tamil,test,0.0,0.30761801683767803,0.24327644030504347,0.4491055428572785
dravidian_tamil_test_1591,dravidian_tamil,test,0.0,0.2992358541005576,0.3064058409771069,0.39435830492233553
dravidian_tamil_test_1592,dravidian_tamil,test,0.0,0.33189679227616314,0.31386535993104603,0.3542378477927908
dravidian_tamil_test_1593,dravidian_tamil,test,0.0,0.319346482515541,0.2908218158468275,0.38983170163763153
dravidian_tamil_test_1594,dravidian_tamil,test,0.0,0.45015145184875704,0.3330777484474999,0.2167707997037431
dravidian_tamil_test_1595,dravidian_tamil,test,0.0,0.3130494435172576,0.3078679887489414,0.379082567733801
dravidian_tamil_test_1596,dravidian_tamil,test,0.0,0.3092916687224421,0.3157313643535585,0.3749769669239994
dravidian_tamil_test_1597,dravidian_tamil,test,0.0,0.3752492844332347,0.16831182921941484,0.45643888634735047
dravidian_tamil_test_1598,dravidian_tamil,test,0.0,0.33006202444974686,0.33582828782632773,0.3341096877239254
dravidian_tamil_test_1599,dravidian_tamil,test,0.0,0.338825311920113,0.3421188363757791,0.31905585170410794
dravidian_tamil_test_1600,dravidian_tamil,test,0.0,0.3238865203078,0.2817935513160631,0.3943199283761369
dravidian_tamil_test_1601,dravidian_tamil,test,0.0,0.35106451344080114,0.31855053199759364,0.3303849545616052
dravidian_tamil_test_1602,dravidian_tamil,test,0.0,0.30725357285925486,0.29715675776288303,0.3955896693778621
dravidian_tamil_test_1603,dravidian_tamil,test,0.0,0.3372089135016622,0.3294421150925533,0.3333489714057845
dravidian_tamil_test_1604,dravidian_tamil,test,0.0,0.32407871887315576,0.3138794550561843,0.36204182607065993
dravidian_tamil_test_1605,dravidian_tamil,test,0.0,0.3233916069206331,0.2754675525771881,0.4011408405021788
dravidian_tamil_test_1606,dravidian_tamil,test,0.0,0.32067950861479416,0.3498472140581364,0.32947327732706944
dravidian_tamil_test_1607,dravidian_tamil,test,0.0,0.34885172154682936,0.2707160380785557,0.380432240374615
dravidian_tamil_test_1608,dravidian_tamil,test,0.0,0.3089360141446434,0.23535786315255383,0.4557061227028028
dravidian_tamil_test_1609,dravidian_tamil,test,0.0,0.32073607047330566,0.35783525130485355,0.3214286782218408
dravidian_tamil_test_1610,dravidian_tamil,test,0.0,0.3171002290313173,0.37363469018128226,0.30926508078740045
dravidian_tamil_test_1611,dravidian_tamil,test,0.0,0.31207049728284464,0.30018743256092284,0.3877420701562325
dravidian_tamil_test_1612,dravidian_tamil,test,0.0,0.36821921307654,0.3595618636943387,0.27221892322912133
dravidian_tamil_test_1613,dravidian_tamil,test,0.0,0.30311115333242944,0.32738854498890235,0.36950030167866815
dravidian_tamil_test_1614,dravidian_tamil,test,0.0,0.3511997665834684,0.34575945940132774,0.30304077401520385
dravidian_tamil_test_1615,dravidian_tamil,test,0.0,0.3213327726145501,0.2536911578969995,0.4249760694884504
dravidian_tamil_test_1616,dravidian_tamil,test,0.0,0.3506597942948997,0.24642579364154657,0.4029144120635538
dravidian_tamil_test_1617,dravidian_tamil,test,0.0,0.31504468622968096,0.28180383494371325,0.40315147882660585
dravidian_tamil_test_1618,dravidian_tamil,test,0.0,0.3092606663999996,0.28753681383818214,0.40320251976181826
dravidian_tamil_test_1619,dravidian_tamil,test,0.0,0.3209349628531536,0.3014576308493189,0.3776074062975275
dravidian_tamil_test_1620,dravidian_tamil,test,0.0,0.3213934873122633,0.2925932173968319,0.3860132952909048
dravidian_tamil_test_1621,dravidian_tamil,test,0.0,0.31962661202174103,0.333502458807751,0.346870929170508
dravidian_tamil_test_1622,dravidian_tamil,test,0.0,0.33599993164228253,0.4246303731205026,0.23936969523721488
dravidian_tamil_test_1623,dravidian_tamil,test,0.0,0.33555045041057974,0.2859855723775,0.37846397721192027
dravidian_tamil_test_1624,dravidian_tamil,test,0.0,0.3921779146605516,0.2624171898407582,0.34540489549869025
dravidian_tamil_test_1625,dravidian_tamil,test,0.0,0.3385107604466252,0.30351679447097424,0.35797244508240056
dravidian_tamil_test_1626,dravidian_tamil,test,0.0,0.3202885496584753,0.33085144283368634,0.3488600075078383
dravidian_tamil_test_1627,dravidian_tamil,test,0.0,0.34502891360689647,0.30841360189613565,0.3465574844969679
dravidian_tamil_test_1628,dravidian_tamil,test,0.0,0.306043898639921,0.3237310994605273,0.3702250018995517
dravidian_tamil_test_1629,dravidian_tamil,test,0.0,0.32096229535705845,0.3121134927543308,0.3669242118886107
dravidian_tamil_test_1630,dravidian_tamil,test,0.0,0.3027795954507588,0.26295513659838426,0.43426526795085696
dravidian_tamil_test_1631,dravidian_tamil,test,0.0,0.3317517837433913,0.3843424968937129,0.2839057193628957
dravidian_tamil_test_1632,dravidian_tamil,test,0.0,0.3343717998152068,0.34749006935621524,0.31813813082857795
dravidian_tamil_test_1633,dravidian_tamil,test,0.0,0.3083925171052303,0.19868644692478693,0.49292103596998277
dravidian_tamil_test_1634,dravidian_tamil,test,0.0,0.3270077115272391,0.32872594743520145,0.3442663410375595
dravidian_tamil_test_1635,dravidian_tamil,test,0.0,0.3284146195544964,0.30738389163130725,0.36420148881419634
dravidian_tamil_test_1636,dravidian_tamil,test,0.0,0.3431710655668097,0.2802900870376261,0.3765388473955642
dravidian_tamil_test_1637,dravidian_tamil,test,0.0,0.30648226638518933,0.2597959449474406,0.43372178866737005
dravidian_tamil_test_1638,dravidian_tamil,test,0.0,0.32950569133662533,0.27260428705777007,0.3978900216056046
dravidian_tamil_test_1639,dravidian_tamil,test,0.0,0.3003012654386926,0.33210721705663976,0.3675915175046676
dravidian_tamil_test_1640,dravidian_tamil,test,0.0,0.32588556325140294,0.37739097794716603,0.29672345880143103
dravidian_tamil_test_1641,dravidian_tamil,test,0.0,0.3342255990523703,0.3164201020442001,0.34935429890342956
dravidian_tamil_test_1642,dravidian_tamil,test,0.0,0.3217953225197494,0.3563360820887172,0.3218685953915334
dravidian_tamil_test_1643,dravidian_tamil,test,0.0,0.33826847773136376,0.33935812164791784,0.32237340062071845
dravidian_tamil_test_1644,dravidian_tamil,test,0.0,0.32685532282892266,0.31345818630735367,0.35968649086372373
dravidian_tamil_test_1645,dravidian_tamil,test,0.0,0.3404740425822603,0.2802231781386686,0.37930277927907113
dravidian_tamil_test_1646,dravidian_tamil,test,0.0,0.30681240124285153,0.260111208129247,0.43307639062790143
dravidian_tamil_test_1647,dravidian_tamil,test,0.0,0.3221332017892202,0.3119184709727695,0.3659483272380103
dravidian_tamil_test_1648,dravidian_tamil,test,0.0,0.3140115784273193,0.29698049955144246,0.38900792202123824
dravidian_tamil_test_1649,dravidian_tamil,test,0.0,0.305377654194889,0.32873996481568385,0.36588238098942716
dravidian_tamil_test_1650,dravidian_tamil,test,0.0,0.302962014678146,0.3296895308270383,0.36734845449481573
dravidian_tamil_test_1651,dravidian_tamil,test,0.0,0.3151107239553203,0.3071663205672241,0.3777229554774556
dravidian_tamil_test_1652,dravidian_tamil,test,0.0,0.3104675896369579,0.3173913206012668,0.3721410897617753
dravidian_tamil_test_1653,dravidian_tamil,test,0.0,0.3641334090990105,0.3619547964077004,0.27391179449328906
dravidian_tamil_test_1654,dravidian_tamil,test,0.0,0.3130935519410574,0.26122320456071463,0.4256832434982279
dravidian_tamil_test_1655,dravidian_tamil,test,0.0,0.29657461877566343,0.28302946425402975,0.4203959169703068
dravidian_tamil_test_1656,dravidian_tamil,test,0.0,0.34470785577238133,0.27235726965817747,0.3829348745694412
dravidian_tamil_test_1657,dravidian_tamil,test,0.0,0.32400838853501623,0.3113689539605904,0.3646226575043934
dravidian_tamil_test_1658,dravidian_tamil,test,0.0,0.29999106657614816,0.271006096611246,0.42900283681260587
dravidian_tamil_test_1659,dravidian_tamil,test,0.0,0.31213190773895605,0.2787579445420903,0.40911014771895365
dravidian_tamil_test_1660,dravidian_tamil,test,0.0,0.31530031691522536,0.28566627324230565,0.399033409842469
dravidian_tamil_test_1661,dravidian_tamil,test,0.0,0.2891392809794206,0.29139269113121724,0.4194680278893622
dravidian_tamil_test_1662,dravidian_tamil,test,0.0,0.3140643020231037,0.31019042153647336,0.37574527644042294
dravidian_tamil_test_1663,dravidian_tamil,test,0.0,0.3272256036109885,0.3136012252424522,0.3591731711465593
dravidian_tamil_test_1664,dravidian_tamil,test,0.0,0.319458944735725,0.30205655559762234,0.37848449966665265
dravidian_tamil_test_1665,dravidian_tamil,test,0.0,0.3250751139835265,0.2808287302030094,0.394096155813464
dravidian_tamil_test_1666,dravidian_tamil,test,0.0,0.3122095837730732,0.2720114978817318,0.41577891834519504
dravidian_tamil_test_1667,dravidian_tamil,test,0.0,0.32126739392203746,0.24419453888141934,0.4345380671965432
dravidian_tamil_test_1668,dravidian_tamil,test,0.0,0.3398983237117422,0.26274963500209897,0.3973520412861588
dravidian_tamil_test_1669,dravidian_tamil,test,0.0,0.3332583073344914,0.25390808274111254,0.41283360992439605
dravidian_tamil_test_1670,dravidian_tamil,test,0.0,0.2903649717458868,0.26357657818260544,0.44605845007150774
dravidian_tamil_test_1671,dravidian_tamil,test,0.0,0.31329910304451986,0.3700906939752274,0.31661020298025266
dravidian_tamil_test_1672,dravidian_tamil,test,0.0,0.2903679156908665,0.2680208430913349,0.4416112412177986
dravidian_tamil_test_1673,dravidian_tamil,test,0.0,0.3143555364316285,0.2896786632812936,0.3959658002870779
dravidian_tamil_test_1674,dravidian_tamil,test,0.0,0.32327444596654153,0.2511448344571154,0.4255807195763431
dravidian_tamil_test_1675,dravidian_tamil,test,0.0,0.29990523981714634,0.2872562302171294,0.41283852996572423
dravidian_tamil_test_1676,dravidian_tamil,test,0.0,0.3033118050231843,0.29363769305978354,0.4030505019170322
